# Blender 4.5.4 LTS
# www.blender.org
mtllib carrot.mtl
o Sphere.001
v 0.349544 1.515869 0.195410
v 0.345363 1.515776 0.207582
v 0.341741 1.518508 0.219627
v 0.336861 1.531763 0.240953
v 0.335848 1.541621 0.249166
v 0.336928 1.565353 0.258651
v 0.338966 1.578037 0.259448
v 0.345535 1.601890 0.252952
v 0.349736 1.611864 0.245986
v 0.354276 1.619845 0.236966
v 0.347718 1.516705 0.193525
v 0.341803 1.517407 0.203907
v 0.336625 1.520852 0.214346
v 0.332443 1.526866 0.224317
v 0.329468 1.535150 0.233322
v 0.327848 1.545286 0.240908
v 0.327665 1.556767 0.246695
v 0.328928 1.569018 0.250393
v 0.331574 1.581423 0.251816
v 0.335469 1.593361 0.250893
v 0.340419 1.604234 0.247671
v 0.346175 1.613495 0.242311
v 0.352450 1.620681 0.235081
v 0.351895 1.622194 0.231360
v 0.352720 1.624083 0.226540
v 0.354763 1.625974 0.221575
v 0.357619 1.627493 0.217449
v 0.355990 1.524363 0.173423
v 0.357932 1.532339 0.164711
v 0.359803 1.542308 0.158022
v 0.361507 1.553772 0.153689
v 0.362961 1.566155 0.151931
v 0.364090 1.578837 0.152836
v 0.364839 1.591181 0.156358
v 0.365170 1.602569 0.162321
v 0.365066 1.612429 0.170425
v 0.364533 1.620267 0.180265
v 0.363597 1.625690 0.191347
v 0.362305 1.628427 0.203115
v 0.360722 1.628339 0.214979
v 0.358726 1.524368 0.173098
v 0.363265 1.532349 0.164078
v 0.367466 1.542323 0.157112
v 0.371117 1.553790 0.152548
v 0.374035 1.566177 0.150617
v 0.376073 1.578860 0.151414
v 0.377131 1.591205 0.154899
v 0.377153 1.602592 0.160898
v 0.376140 1.612450 0.169111
v 0.374143 1.620286 0.179125
v 0.371260 1.625705 0.190437
v 0.367638 1.628437 0.202482
v 0.363457 1.628344 0.214655
v 0.360551 1.523532 0.174983
v 0.366826 1.530718 0.167754
v 0.372582 1.539979 0.162393
v 0.377532 1.550852 0.159171
v 0.381427 1.562790 0.158248
v 0.384073 1.575195 0.159672
v 0.385336 1.587446 0.163370
v 0.385153 1.598927 0.169157
v 0.383533 1.609064 0.176743
v 0.380558 1.617347 0.185747
v 0.376376 1.623362 0.195719
v 0.371198 1.626806 0.206157
v 0.365283 1.627508 0.216539
v 0.358927 1.625432 0.226345
v 0.361106 1.522020 0.178704
v 0.367908 1.527769 0.175009
v 0.374137 1.535742 0.172819
v 0.379482 1.545538 0.172245
v 0.383675 1.556666 0.173315
v 0.386505 1.568569 0.175975
v 0.387830 1.580649 0.180092
v 0.387584 1.592301 0.185460
v 0.385780 1.602940 0.191809
v 0.382508 1.612033 0.198821
v 0.377931 1.619124 0.206145
v 0.372280 1.623857 0.213413
v 0.365838 1.625995 0.220260
v 0.354074 1.518782 0.183720
v 0.360281 1.520131 0.183525
v 0.366298 1.524086 0.184408
v 0.371823 1.530449 0.186326
v 0.376581 1.538901 0.189181
v 0.380331 1.549018 0.192832
v 0.382887 1.560293 0.197094
v 0.384119 1.572160 0.201754
v 0.383966 1.584025 0.206579
v 0.382437 1.595292 0.211326
v 0.379606 1.605396 0.215757
v 0.375617 1.613831 0.219651
v 0.370670 1.620174 0.222812
v 0.365012 1.624107 0.225081
v 0.358238 1.518239 0.188489
v 0.362314 1.520398 0.194088
v 0.366099 1.525150 0.200236
v 0.369402 1.532256 0.206625
v 0.372059 1.541360 0.212933
v 0.373935 1.552006 0.218846
v 0.374938 1.563661 0.224065
v 0.375015 1.575738 0.228331
v 0.374165 1.587634 0.231428
v 0.372428 1.598751 0.233201
v 0.369893 1.608532 0.233562
v 0.366686 1.616486 0.232492
v 0.362969 1.622215 0.230045
v 0.355382 1.516720 0.192615
v 0.356746 1.517436 0.202133
v 0.358098 1.520893 0.211797
v 0.359369 1.526919 0.221121
v 0.360497 1.535210 0.229639
v 0.361424 1.545351 0.236922
v 0.362105 1.556834 0.242607
v 0.362504 1.569083 0.246407
v 0.362603 1.581483 0.248133
v 0.362395 1.593414 0.247697
v 0.361892 1.604275 0.245122
v 0.361118 1.613524 0.240537
v 0.360113 1.620696 0.234171
v 0.352279 1.515874 0.195085
v 0.350696 1.515787 0.206949
v 0.349404 1.518523 0.218717
v 0.348468 1.523946 0.229799
v 0.347935 1.531785 0.239639
v 0.347831 1.541645 0.247743
v 0.348162 1.553032 0.253706
v 0.348911 1.565377 0.257228
v 0.350040 1.578058 0.258133
v 0.351494 1.590441 0.256375
v 0.353199 1.601905 0.252043
v 0.355069 1.611875 0.245353
v 0.357011 1.619850 0.236641
v 0.338858 1.523928 0.230940
v 0.335871 1.553009 0.255165
v 0.341884 1.590423 0.257516
v -0.096031 0.305679 0.094790
v -0.257770 1.804557 0.310521
v -0.096031 0.305820 -0.097273
v -0.257770 1.805012 -0.310810
v 0.096031 0.305679 0.094790
v 0.257770 1.804557 0.310521
v 0.096031 0.305820 -0.097273
v 0.257770 1.805012 -0.310810
v -0.117391 0.284812 -0.001257
v -0.272495 1.465261 0.328020
v -0.316794 1.881723 -0.000088
v -0.272495 1.465742 -0.328805
v 0.000000 0.285115 -0.118572
v 0.000000 1.882190 -0.382233
v 0.272495 1.465742 -0.328805
v 0.117391 0.284812 -0.001257
v 0.316794 1.881723 -0.000088
v 0.272495 1.465261 0.328020
v 0.000000 0.284943 0.116059
v 0.000000 1.881630 0.382057
v 0.000000 2.063334 0.000045
v 0.000000 0.240226 -0.001289
v 0.000000 1.464302 0.465872
v 0.386861 1.464675 -0.000393
v 0.000000 1.464984 -0.466658
v -0.386861 1.464675 -0.000393
v -0.111931 0.290127 0.049059
v -0.301535 1.862027 -0.163452
v -0.112671 0.350062 -0.113880
v -0.050287 0.290409 -0.113128
v 0.135619 1.862287 -0.363733
v 0.112671 0.350062 -0.113880
v 0.111931 0.290200 -0.051564
v 0.301535 1.861788 0.163247
v 0.112671 0.349898 0.111462
v 0.050287 0.290246 0.110623
v -0.135619 1.861755 0.363528
v -0.111931 0.290200 -0.051564
v -0.112671 0.349898 0.111462
v -0.301535 1.861788 0.163247
v 0.050287 0.290409 -0.113128
v -0.135619 1.862287 -0.363733
v 0.111931 0.290127 0.049059
v 0.301535 1.862027 -0.163452
v -0.050287 0.290246 0.110623
v 0.135619 1.861755 0.363528
v 0.000000 2.015760 0.210591
v 0.000000 2.016068 -0.210571
v 0.174319 2.015117 0.000010
v -0.174319 2.015117 0.000010
v 0.000000 0.251218 0.061837
v 0.000000 0.251310 -0.064400
v -0.063150 0.251076 -0.001281
v 0.063150 0.251076 -0.001281
v -0.147935 1.464492 0.430042
v 0.147935 1.464492 0.430042
v 0.000000 0.336825 0.153091
v 0.357140 1.464703 0.177895
v 0.357140 1.464964 -0.178681
v 0.154419 0.336734 -0.001219
v 0.147935 1.465122 -0.430829
v -0.147935 1.465122 -0.430829
v 0.000000 0.337051 -0.155528
v -0.357140 1.464964 -0.178681
v -0.357140 1.464703 0.177895
v -0.154419 0.336734 -0.001219
v -0.143212 0.339210 0.059185
v -0.143212 0.339299 -0.061619
v -0.060372 0.339502 -0.144357
v 0.060372 0.339502 -0.144357
v 0.143212 0.339299 -0.061619
v 0.143212 0.339210 0.059185
v 0.060372 0.339293 0.141923
v -0.060372 0.339293 0.141923
v 0.060766 0.261623 -0.061003
v -0.060766 0.261623 -0.061003
v -0.060766 0.261535 0.058456
v -0.166871 1.973999 -0.197701
v 0.167225 1.974636 -0.198121
v 0.166871 1.973710 0.197660
v -0.167225 1.974346 0.198080
v 0.060766 0.261535 0.058456
v -0.220613 0.926310 0.252706
v -0.220613 0.926681 -0.254280
v 0.220613 0.926681 -0.254280
v 0.220613 0.926310 0.252706
v 0.000000 0.918872 0.354831
v 0.309388 0.919352 -0.000792
v 0.000000 0.919393 -0.356416
v -0.309388 0.919352 -0.000792
v -0.286121 0.920585 0.136098
v -0.286121 0.920785 -0.137681
v -0.119033 0.920769 -0.329699
v 0.119033 0.920769 -0.329699
v 0.286121 0.920785 -0.137681
v 0.286121 0.920585 0.136098
v 0.119033 0.920288 0.328116
v -0.119033 0.920288 0.328116
v -0.168885 0.631246 -0.186264
v 0.168885 0.631246 -0.186264
v 0.168885 0.630975 0.184257
v 0.000000 0.620375 0.257134
v 0.234988 0.620564 -0.001011
v 0.000000 0.620753 -0.259156
v -0.234988 0.620564 -0.001011
v -0.217537 0.622475 0.098815
v -0.217537 0.622621 -0.100834
v -0.090963 0.622723 -0.239942
v 0.090963 0.622723 -0.239942
v 0.217537 0.622621 -0.100834
v 0.217537 0.622475 0.098815
v 0.090963 0.622374 0.237923
v -0.090963 0.622374 0.237923
v -0.168885 0.630975 0.184257
v -0.287937 1.571928 0.346709
v -0.280366 1.714821 0.337688
v -0.287937 1.572436 -0.347338
v -0.280366 1.715315 -0.338108
v 0.287937 1.572436 -0.347338
v 0.280366 1.715315 -0.338108
v 0.287937 1.571928 0.346709
v 0.280366 1.714821 0.337688
v 0.000000 1.754380 0.455480
v 0.000000 1.616065 0.483894
v 0.377508 1.755635 -0.000180
v 0.401720 1.616297 -0.000282
v 0.000000 1.755047 -0.455842
v 0.000000 1.616774 -0.484458
v -0.377508 1.755635 -0.000180
v -0.401720 1.616297 -0.000282
v -0.371766 1.607707 0.187581
v -0.350696 1.747764 0.181785
v -0.155892 1.608334 -0.448366
v -0.151120 1.747488 -0.423321
v 0.371766 1.607982 -0.188157
v 0.350696 1.748030 -0.182156
v 0.155892 1.607678 0.447790
v 0.151120 1.746869 0.422948
v -0.155892 1.607678 0.447790
v -0.151120 1.746869 0.422948
v 0.371766 1.607707 0.187581
v 0.350696 1.747764 0.181785
v 0.155892 1.608334 -0.448366
v 0.151120 1.747488 -0.423321
v -0.371766 1.607982 -0.188157
v -0.350696 1.748030 -0.182156
v 0.363126 1.350836 0.121823
v 0.363126 1.370041 0.126762
v 0.363126 1.424229 -0.163563
v 0.363126 1.443434 -0.158624
v 0.387171 1.350836 0.121823
v 0.387171 1.370041 0.126762
v 0.387171 1.424229 -0.163563
v 0.387171 1.443434 -0.158624
v 0.372876 1.363774 -0.026848
v 0.372876 1.389380 -0.020263
v 0.403304 1.363774 -0.026848
v 0.403304 1.389380 -0.020263
v 0.369796 1.347381 0.055806
v 0.400632 1.372987 0.062391
v 0.369796 1.372987 0.062391
v 0.400632 1.347381 0.055806
v 0.369796 1.414926 -0.100687
v 0.400632 1.389320 -0.107272
v 0.369796 1.389320 -0.107272
v 0.400632 1.414926 -0.100687
v 0.364542 1.346946 0.096366
v 0.359484 1.360791 0.129140
v 0.364542 1.433037 -0.136789
v 0.359484 1.436481 -0.165180
v 0.374204 1.424774 -0.168191
v 0.374204 1.448187 -0.162169
v 0.388923 1.436481 -0.165180
v 0.394756 1.408527 -0.143092
v 0.394756 1.371455 0.102669
v 0.388923 1.360791 0.129140
v 0.374204 1.349084 0.126130
v 0.374204 1.372497 0.132151
v 0.372491 1.374833 -0.067489
v 0.372491 1.379470 0.020635
v 0.402970 1.353864 0.014050
v 0.402970 1.400440 -0.060904
v 0.388090 1.394181 -0.019028
v 0.388090 1.358973 -0.028083
v 0.409009 1.376577 -0.023556
v 0.367170 1.376577 -0.023556
v 0.372491 1.353864 0.014050
v 0.402970 1.379470 0.020635
v 0.364542 1.371455 0.102669
v 0.394756 1.346946 0.096366
v 0.364014 1.360184 0.059098
v 0.385214 1.377789 0.063626
v 0.385214 1.342580 0.054571
v 0.406414 1.360184 0.059098
v 0.372491 1.400440 -0.060904
v 0.402970 1.374833 -0.067489
v 0.364542 1.408527 -0.143092
v 0.394756 1.433037 -0.136789
v 0.406414 1.402123 -0.103980
v 0.385214 1.384518 -0.108507
v 0.385214 1.419727 -0.099452
v 0.364014 1.402123 -0.103980
v 0.358754 1.421043 -0.140343
v 0.372220 1.442041 -0.173755
v 0.400357 1.359235 0.099995
v 0.372220 1.361529 0.139314
v 0.379556 1.342372 0.095658
v 0.379556 1.376099 0.104332
v 0.387730 1.405241 -0.059669
v 0.387730 1.370032 -0.068724
v 0.408685 1.387637 -0.064197
v 0.366776 1.366667 0.017342
v 0.358754 1.359235 0.099995
v 0.387730 1.384272 0.021870
v 0.387730 1.349063 0.012815
v 0.408685 1.366667 0.017342
v 0.400357 1.421043 -0.140343
v 0.379556 1.404179 -0.144680
v 0.379556 1.437906 -0.136007
v 0.366776 1.387637 -0.064197
v -0.094129 3.107544 -0.104365
v -0.221668 3.235438 -0.098884
v -0.036818 2.678396 -0.057395
v -0.001881 2.026215 0.012790
v 0.019991 2.342159 -0.049869
v 0.090836 2.017381 0.063283
v 0.013053 2.033361 -0.053925
v 0.056236 2.196198 -0.098520
v 0.104824 2.388893 -0.173823
v 0.063473 2.528788 -0.230052
v -0.019731 2.626511 -0.207507
v -0.048590 2.643238 -0.125678
v -0.041067 3.044473 -0.182690
v -0.103285 3.166540 -0.164482
v -0.158480 3.180096 -0.045006
v -0.029744 2.908577 -0.005236
v -0.034645 2.932492 0.051160
v -0.026841 2.880268 0.097452
v 0.044291 2.784982 0.116603
v 0.091732 2.641909 0.086288
v 0.011721 2.430851 0.040794
v 0.002712 2.295782 0.040830
v 0.043945 2.364510 0.081089
v 0.060232 2.374952 0.124993
v 0.104510 2.338172 0.148357
v 0.176982 2.260401 0.120691
v 0.171834 2.109576 0.078864
v 0.030395 2.538969 -0.024544
v 0.043422 2.764339 0.054062
v 0.116624 2.264804 0.089610
v -0.094183 2.843991 -0.077714
v -0.080607 2.833033 -0.150424
v 0.060057 2.527657 -0.152235
v -0.152863 3.093302 -0.102033
v -0.260824 3.225944 -0.097329
v -0.152917 2.829748 -0.075382
v -0.053769 2.013631 0.014851
v -0.038746 2.327916 -0.047537
v 0.061945 2.010362 0.064436
v -0.016313 2.026240 -0.052759
v 0.017080 2.186703 -0.096966
v 0.065669 2.379398 -0.172268
v 0.024317 2.519293 -0.228497
v -0.058887 2.617016 -0.205953
v -0.096645 2.631585 -0.123770
v -0.119763 2.823538 -0.148870
v -0.080223 3.034978 -0.181135
v -0.142441 3.157045 -0.162928
v -0.197636 3.170601 -0.043452
v -0.077799 2.896924 -0.003329
v -0.064012 2.925371 0.052326
v -0.065997 2.870773 0.099006
v 0.005135 2.775488 0.118158
v 0.052572 2.632413 0.087843
v -0.027450 2.421353 0.042349
v -0.036447 2.286286 0.042385
v 0.004789 2.355015 0.082643
v 0.021076 2.365457 0.126548
v 0.075143 2.331051 0.149523
v 0.137826 2.250906 0.122245
v 0.132876 2.100122 0.080414
v -0.028340 2.524727 -0.022212
v -0.095551 2.664154 -0.055064
v -0.015312 2.750097 0.056394
v 0.001323 2.513415 -0.149904
v 0.057890 2.250562 0.091942
v 0.646694 2.715531 -0.046153
v 0.820593 2.758799 -0.071025
v 0.378376 2.372660 -0.031918
v 0.015655 1.825364 -0.007772
v 0.159824 2.114524 0.013501
v -0.072061 1.857091 -0.067815
v 0.010793 1.849196 0.069399
v 0.058402 2.016267 0.094192
v 0.118400 2.216145 0.150150
v 0.228120 2.322690 0.194237
v 0.347497 2.360161 0.153286
v 0.375367 2.347255 0.054648
v 0.574421 2.700771 0.055489
v 0.688235 2.770220 0.015190
v 0.734722 2.735529 -0.126757
v 0.484571 2.563890 -0.131562
v 0.497087 2.573113 -0.201904
v 0.461033 2.525607 -0.248034
v 0.350527 2.477723 -0.256395
v 0.239691 2.384788 -0.198039
v 0.205548 2.171854 -0.107866
v 0.145392 2.052497 -0.085424
v 0.141740 2.125633 -0.145111
v 0.130043 2.136045 -0.198949
v 0.071829 2.123639 -0.221365
v -0.027924 2.098473 -0.177441
v -0.096560 1.974078 -0.103119
v 0.248145 2.283182 -0.049064
v 0.345038 2.469297 -0.179225
v 0.028383 2.076400 -0.140241
v 0.512446 2.487447 -0.034077
v 0.500047 2.496123 0.053180
v 0.225342 2.308105 0.102740
v 0.690012 2.673328 -0.045308
v 0.849471 2.730664 -0.070462
v 0.555763 2.445244 -0.033232
v 0.053923 1.788077 -0.007026
v 0.203144 2.072318 0.014346
v -0.050760 1.836318 -0.067404
v 0.032451 1.828095 0.069821
v 0.087280 1.988132 0.094755
v 0.147278 2.188010 0.150713
v 0.256998 2.294555 0.194800
v 0.376375 2.332025 0.153850
v 0.410809 2.312725 0.055340
v 0.528926 2.467988 0.053743
v 0.603299 2.672635 0.056052
v 0.717113 2.742085 0.015753
v 0.763601 2.707394 -0.126194
v 0.520013 2.529361 -0.130870
v 0.518746 2.552012 -0.201482
v 0.489911 2.497472 -0.247470
v 0.379405 2.449587 -0.255832
v 0.268572 2.356649 -0.197476
v 0.234438 2.143708 -0.107302
v 0.174273 2.024359 -0.084861
v 0.170618 2.097498 -0.144548
v 0.158921 2.107910 -0.198385
v 0.093487 2.102538 -0.220942
v 0.000954 2.070337 -0.176877
v -0.067831 1.946080 -0.102560
v 0.291463 2.240978 -0.048219
v 0.421693 2.330457 -0.031073
v 0.388355 2.427094 -0.178381
v 0.268660 2.265903 0.103585
v 0.071700 2.034197 -0.139396
v -0.082381 3.184990 -0.679139
v -0.177254 3.301753 -0.840215
v -0.076892 2.711414 -0.384448
v -0.097198 1.976440 0.018904
v -0.022327 2.333144 -0.171554
v -0.117002 2.010692 0.148242
v 0.009550 1.964948 -0.035617
v 0.084950 2.153414 -0.118975
v 0.206053 2.367556 -0.241173
v 0.251599 2.500651 -0.395066
v 0.160249 2.600577 -0.488811
v 0.020701 2.641784 -0.442717
v 0.070585 3.097198 -0.679928
v -0.004468 3.230278 -0.771838
v -0.214780 3.273892 -0.710272
v -0.172259 3.004223 -0.437380
v -0.260895 3.051520 -0.398994
v -0.319792 3.008833 -0.323783
v -0.297424 2.923466 -0.201494
v -0.211035 2.756978 -0.123499
v -0.169914 2.468417 -0.133856
v -0.162134 2.306324 -0.077638
v -0.204329 2.413831 -0.037406
v -0.260817 2.446715 0.013040
v -0.266011 2.424340 0.089442
v -0.175273 2.343070 0.159983
v -0.101762 2.148288 0.186952
v -0.072807 2.577757 -0.231555
v -0.203377 2.876165 -0.252073
v -0.164899 2.319829 0.078124
v -0.096318 2.883325 -0.529550
v 0.020265 2.847889 -0.582378
v 0.134556 2.526550 -0.323230
v -0.118700 3.152298 -0.719022
v -0.201467 3.279958 -0.866804
v -0.132638 2.850634 -0.569434
v -0.129286 1.947557 -0.016330
v -0.058649 2.300451 -0.211440
v -0.134876 1.994598 0.128635
v -0.008610 1.948603 -0.055559
v 0.060737 2.131619 -0.145564
v 0.181839 2.345761 -0.267762
v 0.227386 2.478857 -0.421654
v 0.136036 2.578783 -0.515400
v -0.009015 2.615036 -0.475349
v -0.003948 2.826095 -0.608967
v 0.046372 3.075404 -0.706517
v -0.028681 3.208484 -0.798427
v -0.238993 3.252098 -0.736861
v -0.201975 2.977476 -0.470012
v -0.279055 3.035174 -0.418936
v -0.344005 2.987039 -0.350372
v -0.321637 2.901671 -0.228082
v -0.235250 2.735182 -0.150091
v -0.194136 2.446615 -0.160456
v -0.186350 2.284528 -0.104229
v -0.228542 2.392037 -0.063995
v -0.285030 2.424921 -0.013549
v -0.284170 2.407994 0.069501
v -0.199486 2.321276 0.133394
v -0.125856 2.126599 0.160503
v -0.109127 2.545065 -0.271439
v -0.113211 2.678723 -0.424331
v -0.239696 2.843473 -0.291956
v 0.098237 2.493859 -0.363113
v -0.201218 2.287138 0.038241
v -0.162535 3.194127 -0.098314
v -0.091257 2.973405 -0.088878
v 0.001975 2.196776 -0.024713
v 0.047183 1.997053 0.047126
v -0.003073 2.004506 -0.030946
v 0.034466 2.100289 -0.073409
v 0.085159 2.296759 -0.133934
v 0.096497 2.464194 -0.208601
v 0.017829 2.587236 -0.230556
v -0.042059 2.642072 -0.171881
v -0.058889 2.943081 -0.169283
v -0.054134 3.115621 -0.183085
v -0.175073 3.209696 -0.134366
v -0.212000 3.236053 -0.067918
v -0.097380 3.061157 -0.027149
v -0.020951 2.922487 0.031261
v -0.034207 2.915246 0.071816
v 0.000667 2.838441 0.114736
v 0.083102 2.721936 0.106079
v 0.056498 2.539534 0.061228
v -0.005791 2.339204 0.034049
v 0.025120 2.318521 0.058167
v 0.049035 2.385096 0.104437
v 0.083507 2.355610 0.141274
v 0.141845 2.312094 0.139807
v 0.186452 2.185482 0.097326
v 0.137332 2.053460 0.070412
v -0.052617 3.057835 -0.148736
v -0.001123 2.608896 -0.044119
v -0.023170 2.760739 -0.028588
v 0.024649 2.444939 -0.034334
v 0.049450 2.657250 0.020311
v -0.005885 2.552823 -0.079519
v 0.068014 2.349499 -0.119668
v -0.089086 3.149229 -0.141132
v -0.128117 3.141255 -0.064413
v 0.009192 2.370999 0.009946
v 0.071359 2.581562 0.039660
v 0.012294 2.840078 0.079239
v 0.017843 2.811665 0.024029
v 0.054301 2.762804 0.088140
v 0.052463 2.443374 -0.108842
v 0.108239 2.069550 0.058213
v 0.004515 2.193736 0.030571
v 0.102490 2.334975 0.111977
v 0.078437 2.159621 0.059837
v 0.080048 2.311814 0.081282
v 0.154475 2.253817 0.105503
v 0.026601 2.123339 -0.058058
v -0.074450 2.746691 -0.068996
v -0.080201 2.737356 -0.133256
v -0.088451 2.830718 -0.117802
v -0.073960 2.883026 -0.043083
v -0.048020 2.653794 -0.089267
v 0.029774 2.590122 -0.185472
v 0.017041 2.566982 -0.131018
v 0.076107 2.518787 -0.191831
v -0.218821 3.180478 -0.096080
v -0.149991 2.959162 -0.086546
v -0.056349 2.182633 -0.022397
v 0.008968 1.987772 0.048650
v -0.041771 1.995122 -0.029410
v -0.003013 2.091200 -0.071921
v 0.046003 2.287264 -0.132380
v 0.057341 2.454700 -0.207047
v -0.021326 2.577741 -0.229002
v -0.082121 2.632358 -0.170290
v -0.098045 2.933586 -0.167729
v -0.093290 3.106126 -0.181531
v -0.214229 3.200201 -0.132811
v -0.251156 3.226558 -0.066364
v -0.137442 3.051442 -0.025559
v -0.059337 2.913179 0.032785
v -0.071686 2.906157 0.073304
v -0.038489 2.828946 0.116291
v 0.043945 2.712441 0.107633
v 0.017331 2.530037 0.062783
v -0.044958 2.329707 0.035604
v -0.014036 2.309026 0.059722
v 0.009879 2.375602 0.105992
v 0.046028 2.346522 0.142762
v 0.104366 2.303006 0.141294
v 0.147321 2.175992 0.098880
v 0.100355 2.044479 0.071886
v -0.108903 3.044186 -0.146501
v -0.059857 2.594654 -0.041787
v -0.081179 2.746672 -0.026285
v -0.034088 2.430696 -0.032003
v -0.009283 2.643008 0.022643
v -0.063894 2.538757 -0.077216
v 0.011727 2.335849 -0.117434
v -0.145373 3.135580 -0.138897
v -0.184403 3.127607 -0.062178
v -0.047108 2.357347 0.012181
v 0.015069 2.567912 0.041895
v -0.043992 2.826429 0.081474
v -0.039758 2.797697 0.026316
v -0.001986 2.749155 0.090375
v -0.006271 2.429131 -0.106510
v 0.052991 2.056146 0.060410
v -0.051363 2.180187 0.032790
v 0.046203 2.321326 0.114212
v 0.020121 2.145479 0.062152
v 0.023762 2.298165 0.083516
v 0.098188 2.240168 0.107737
v -0.028864 2.109889 -0.055856
v -0.133184 2.732449 -0.066665
v -0.120263 2.727642 -0.131666
v -0.144737 2.817069 -0.115567
v -0.131561 2.869059 -0.040797
v -0.105621 2.639827 -0.086980
v -0.026512 2.576473 -0.183238
v -0.040559 2.553015 -0.128731
v 0.019820 2.505138 -0.189596
v 0.014362 2.380919 0.082273
v -0.014322 2.327297 0.044902
v -0.060558 2.965073 0.001057
v -0.186074 3.191265 -0.038233
v 0.040680 2.530196 -0.243729
v 0.101895 2.401378 -0.192752
v 0.026591 2.384390 0.129847
v -0.051761 2.937499 0.051025
v -0.055575 2.634681 -0.214490
v 0.087250 2.337006 0.152775
v -0.057835 2.889188 0.104600
v -0.089653 2.673370 -0.144044
v 0.168556 2.260110 0.126974
v 0.023038 2.791237 0.127592
v -0.054282 3.037687 -0.194309
v -0.093441 2.831019 -0.161559
v 0.177307 2.120010 0.086412
v -0.034046 1.964905 0.012943
v 0.077419 2.012172 0.065906
v 0.082361 2.661580 0.103462
v -0.126008 3.168029 -0.172003
v -0.000059 2.022280 -0.054171
v -0.002696 2.451057 0.051586
v -0.258916 3.244874 -0.098824
v 0.050926 2.217831 -0.111843
v 0.748804 2.753548 -0.066129
v 0.575739 2.600618 -0.042334
v 0.100582 1.978001 0.008216
v -0.043581 1.820177 -0.044484
v 0.008663 1.812995 0.047408
v 0.027278 1.919896 0.080874
v 0.086381 2.121789 0.118740
v 0.165748 2.281240 0.178906
v 0.296893 2.349326 0.186151
v 0.372211 2.356634 0.109182
v 0.537912 2.603528 0.056794
v 0.621489 2.754679 0.044489
v 0.769830 2.765941 -0.025924
v 0.810517 2.759484 -0.107843
v 0.621056 2.662659 -0.129475
v 0.481569 2.574587 -0.177079
v 0.486669 2.555522 -0.223423
v 0.415141 2.501349 -0.262093
v 0.286063 2.445405 -0.234401
v 0.220246 2.283772 -0.150847
v 0.175007 2.086131 -0.084415
v 0.136361 2.080519 -0.110095
v 0.146158 2.142138 -0.176148
v 0.099173 2.128906 -0.215447
v 0.027095 2.121690 -0.207769
v -0.072214 2.043169 -0.137726
v -0.094474 1.910207 -0.083159
v 0.588849 2.701088 0.013492
v 0.311776 2.329641 -0.036857
v 0.406109 2.445147 -0.079766
v 0.206464 2.201857 -0.021878
v 0.288226 2.386498 -0.121880
v 0.290029 2.284986 0.014240
v 0.126738 2.155748 0.093577
v 0.665743 2.759130 -0.009786
v 0.690301 2.720863 -0.098106
v 0.179674 2.124422 -0.061560
v 0.229997 2.330311 -0.132666
v 0.408291 2.514053 -0.220754
v 0.392876 2.501154 -0.151081
v 0.332630 2.468293 -0.219384
v 0.186632 2.225999 0.065646
v -0.060495 1.911014 -0.070816
v 0.093203 1.968253 -0.056523
v 0.074372 2.125458 -0.177897
v 0.010383 1.972221 -0.086965
v 0.084105 2.099102 -0.137405
v -0.010826 2.083801 -0.157968
v 0.044632 1.933157 0.059134
v 0.445929 2.413417 -0.028714
v 0.450449 2.412392 0.048720
v 0.503484 2.485197 0.015262
v 0.512348 2.525569 -0.081782
v 0.377773 2.350950 0.009961
v 0.285060 2.350937 0.132263
v 0.280795 2.316501 0.072142
v 0.209668 2.314747 0.150553
v 0.790316 2.713104 -0.065320
v 0.619057 2.558415 -0.041490
v 0.143598 1.936092 0.009055
v -0.015404 1.792705 -0.043939
v 0.037204 1.785188 0.047965
v 0.054920 1.892965 0.081413
v 0.115259 2.093654 0.119303
v 0.194626 2.253104 0.179469
v 0.325771 2.321191 0.186715
v 0.401757 2.327847 0.109758
v 0.566790 2.575393 0.057357
v 0.650367 2.726544 0.045052
v 0.798708 2.737805 -0.025361
v 0.839395 2.731349 -0.107280
v 0.650603 2.633873 -0.128899
v 0.509879 2.547005 -0.176527
v 0.514311 2.528591 -0.222884
v 0.444019 2.473213 -0.261530
v 0.314942 2.417269 -0.233837
v 0.249132 2.255629 -0.150283
v 0.203893 2.057987 -0.083852
v 0.165239 2.052383 -0.109532
v 0.175036 2.114002 -0.175584
v 0.126814 2.101975 -0.214907
v 0.054737 2.094759 -0.207230
v -0.043354 2.015051 -0.137163
v -0.067211 1.883625 -0.082633
v 0.630361 2.660644 0.014302
v 0.355093 2.287438 -0.036012
v 0.448891 2.403465 -0.078931
v 0.249784 2.159651 -0.021033
v 0.331543 2.344295 -0.121036
v 0.332812 2.243304 0.015075
v 0.168250 2.115303 0.094386
v 0.707256 2.718685 -0.008977
v 0.731813 2.680418 -0.097297
v 0.221197 2.083968 -0.060750
v 0.271512 2.289864 -0.131857
v 0.449803 2.473608 -0.219944
v 0.435358 2.459765 -0.150253
v 0.374142 2.427848 -0.218575
v 0.229950 2.183796 0.066490
v -0.019752 1.871310 -0.070023
v 0.134414 1.928102 -0.055719
v 0.115884 2.085014 -0.177088
v 0.053392 1.930318 -0.086126
v 0.125617 2.058658 -0.136596
v 0.030687 2.043356 -0.157159
v 0.085539 1.893301 0.059932
v 0.489246 2.371213 -0.027869
v 0.479995 2.383606 0.049296
v 0.544997 2.444752 0.016072
v 0.554830 2.484181 -0.080953
v 0.420254 2.309561 0.010789
v 0.326573 2.310492 0.133072
v 0.323277 2.275112 0.072970
v 0.251180 2.274302 0.151362
v 0.175417 2.124417 -0.148590
v 0.175655 2.070032 -0.095066
v 0.539129 2.595339 -0.147654
v 0.763679 2.730013 -0.136003
v 0.249383 2.314435 0.210615
v 0.128457 2.228166 0.170472
v 0.163468 2.126289 -0.205517
v 0.514369 2.568722 -0.202208
v 0.382967 2.350020 0.160930
v 0.085829 2.113231 -0.226017
v 0.491765 2.516400 -0.257278
v 0.427135 2.354876 0.072200
v -0.021223 2.092999 -0.184623
v 0.371266 2.470596 -0.269935
v 0.583171 2.690088 0.070590
v 0.510836 2.489614 0.066914
v -0.096531 1.984565 -0.113857
v 0.012544 1.756947 0.002848
v -0.063288 1.845469 -0.069764
v 0.256524 2.394135 -0.221338
v 0.709071 2.761128 0.024293
v 0.016541 1.833176 0.071796
v 0.227423 2.180077 -0.123621
v 0.857445 2.747946 -0.071864
v 0.074740 2.034000 0.106443
v -0.139612 3.269988 -0.771047
v -0.090628 3.032974 -0.598762
v -0.055974 2.165410 -0.094026
v -0.116577 1.968401 0.106147
v -0.031065 1.934604 -0.013525
v 0.044386 2.043033 -0.067933
v 0.144481 2.267590 -0.176081
v 0.245370 2.441526 -0.316728
v 0.220067 2.556519 -0.461037
v 0.092998 2.625518 -0.480761
v 0.050176 2.977222 -0.634172
v 0.056657 3.177376 -0.724705
v -0.095079 3.271743 -0.823157
v -0.217502 3.316453 -0.802965
v -0.194054 3.157260 -0.586403
v -0.222492 3.036385 -0.401855
v -0.289538 3.038761 -0.370819
v -0.325278 2.973520 -0.264733
v -0.253109 2.856224 -0.149542
v -0.184575 2.616944 -0.128402
v -0.161264 2.352736 -0.111636
v -0.176929 2.345843 -0.053213
v -0.237909 2.448060 -0.020634
v -0.269465 2.436393 0.057016
v -0.229060 2.401061 0.124622
v -0.127915 2.248802 0.180909
v -0.103936 2.069123 0.176673
v 0.012307 3.122002 -0.663476
v -0.068992 2.644290 -0.309367
v -0.119545 2.823003 -0.384473
v -0.052558 2.461505 -0.201333
v -0.139537 2.739152 -0.228737
v -0.013947 2.563870 -0.320621
v 0.108262 2.330178 -0.201602
v -0.029067 3.222335 -0.729628
v -0.164591 3.229620 -0.685215
v -0.119938 2.385818 -0.137135
v -0.148063 2.662997 -0.156412
v -0.266125 2.965895 -0.289661
v -0.178430 2.913900 -0.324258
v -0.247316 2.889799 -0.209837
v 0.074077 2.440563 -0.248466
v -0.104406 2.075428 0.133285
v -0.136014 2.182581 -0.037809
v -0.213040 2.406800 0.054609
v -0.132913 2.173927 0.067600
v -0.178456 2.361931 0.017627
v -0.165282 2.323383 0.129907
v 0.014848 2.073586 -0.070709
v -0.088285 2.777170 -0.458975
v 0.004365 2.741214 -0.520581
v -0.032362 2.854747 -0.556724
v -0.139557 2.947742 -0.498148
v -0.033874 2.667614 -0.412528
v 0.160033 2.579668 -0.409514
v 0.074263 2.568452 -0.357306
v 0.203372 2.506288 -0.343434
v -0.174418 3.238659 -0.809269
v -0.126948 3.000283 -0.638645
v -0.092041 2.132946 -0.133632
v -0.140216 1.947116 0.080209
v -0.054994 1.913065 -0.039803
v 0.021210 2.022172 -0.093384
v 0.120268 2.245795 -0.202670
v 0.221157 2.419732 -0.343317
v 0.195854 2.534724 -0.487626
v 0.068224 2.603220 -0.507965
v 0.025963 2.955428 -0.660761
v 0.032444 3.155581 -0.751294
v -0.119292 3.249949 -0.849746
v -0.241715 3.294659 -0.829554
v -0.218827 3.134962 -0.613608
v -0.246229 3.015020 -0.427921
v -0.312714 3.017900 -0.396269
v -0.349491 2.951726 -0.291322
v -0.277322 2.834430 -0.176131
v -0.208794 2.595143 -0.154999
v -0.185484 2.330936 -0.138232
v -0.201142 2.324049 -0.079802
v -0.262122 2.426265 -0.047223
v -0.292641 2.415532 0.031566
v -0.252236 2.380199 0.099171
v -0.152113 2.227021 0.154338
v -0.126809 2.048527 0.151577
v -0.022500 3.090673 -0.701698
v -0.105311 2.611599 -0.349250
v -0.155416 2.790715 -0.423864
v -0.088880 2.428812 -0.241219
v -0.175856 2.706461 -0.268620
v -0.049819 2.531582 -0.360012
v 0.073455 2.298849 -0.239824
v -0.063873 3.191006 -0.767850
v -0.199397 3.198291 -0.723436
v -0.154753 2.354482 -0.175366
v -0.182871 2.631667 -0.194636
v -0.300931 2.934566 -0.327882
v -0.214049 2.881839 -0.363372
v -0.282122 2.858470 -0.248059
v 0.037757 2.407871 -0.288349
v -0.138574 2.044670 0.095774
v -0.170567 2.151479 -0.075753
v -0.247846 2.375471 0.016387
v -0.168975 2.141469 0.028000
v -0.213262 2.330601 -0.020594
v -0.200088 2.292054 0.091686
v -0.019451 2.042714 -0.108373
v -0.124604 2.744478 -0.498858
v -0.020409 2.718915 -0.547785
v -0.067169 2.823417 -0.594945
v -0.175176 2.915681 -0.537262
v -0.069493 2.635553 -0.451642
v 0.125227 2.548339 -0.447735
v 0.038644 2.536391 -0.396420
v 0.168566 2.474959 -0.381655
v -0.224922 2.425225 -0.068602
v -0.181146 2.340178 -0.102773
v -0.205014 3.064469 -0.483629
v -0.241976 3.281687 -0.732020
v 0.258413 2.490871 -0.427706
v 0.231148 2.374609 -0.267529
v -0.288531 2.450049 -0.014746
v -0.271160 3.052514 -0.415710
v 0.148891 2.597497 -0.529108
v -0.282502 2.419652 0.079856
v -0.349308 3.013141 -0.346940
v 0.021017 2.659034 -0.508552
v -0.189456 2.342607 0.159102
v -0.326685 2.928789 -0.211637
v 0.080733 3.081210 -0.698784
v 0.029455 2.837822 -0.602705
v -0.110752 2.164908 0.193774
v -0.110241 1.894923 0.021216
v -0.128203 2.001673 0.142045
v -0.243820 2.783772 -0.124198
v -0.006732 3.222845 -0.798593
v 0.003341 1.948039 -0.041527
v -0.196250 2.492094 -0.145082
v -0.199976 3.302320 -0.875566
v 0.099474 2.172626 -0.146281
v 0.075031 2.679214 0.065866
v 0.021127 2.067146 -0.052762
v -0.170800 3.203846 -0.074761
v -0.053562 3.113954 -0.160864
v -0.077735 2.733180 -0.103589
v -0.002178 2.881477 0.052570
v 0.003957 2.608290 -0.163955
v -0.095946 3.018322 -0.051801
v -0.142763 3.187618 -0.124814
v 0.099779 2.032270 0.057211
v 0.042626 2.480129 0.020384
v 0.016487 2.699449 -0.009002
v 0.024472 2.817364 0.098530
v 0.139638 2.159125 0.078832
v -0.006587 2.258973 0.014009
v 0.081620 2.353139 0.099957
v 0.046495 2.236860 0.055655
v 0.128097 2.320189 0.127449
v 0.045448 2.233785 -0.083869
v 0.082975 2.443916 -0.159606
v -0.071953 2.949725 -0.133329
v -0.059649 2.789223 -0.044471
v -0.019742 2.593593 -0.072761
v 0.021665 2.490872 -0.086376
v 0.047378 2.570170 -0.207633
v 0.018744 2.665565 0.068100
v -0.030858 2.054540 -0.050698
v -0.225863 3.190493 -0.072575
v -0.108625 3.100601 -0.158678
v -0.134248 2.719476 -0.101345
v -0.056334 2.868344 0.054720
v -0.051446 2.594856 -0.161756
v -0.152459 3.004617 -0.049557
v -0.197826 3.174265 -0.122628
v 0.048359 2.019786 0.059260
v -0.013671 2.466477 0.022619
v -0.042065 2.685251 -0.006678
v -0.030591 2.804013 0.100716
v 0.083479 2.145506 0.081061
v -0.062780 2.245346 0.016239
v 0.026557 2.339787 0.102143
v -0.009688 2.223236 0.057885
v 0.074167 2.307111 0.129590
v -0.010736 2.220161 -0.081638
v 0.026689 2.430267 -0.157372
v -0.128240 2.936076 -0.131094
v -0.118110 2.775047 -0.042150
v -0.078204 2.579417 -0.070440
v -0.036888 2.476673 -0.084051
v -0.007685 2.556818 -0.205447
v 0.001551 2.344990 0.060055
v -0.116181 3.076277 -0.018545
v 0.084463 2.469153 -0.226140
v 0.018018 2.394487 0.106980
v -0.044074 2.936290 0.025640
v -0.012165 2.590553 -0.239644
v 0.051036 2.362861 0.146818
v -0.062064 2.922850 0.078446
v -0.078878 2.652708 -0.176032
v 0.130085 2.306409 0.145156
v -0.026165 2.843633 0.122069
v -0.070344 2.937939 -0.181596
v 0.186875 2.192717 0.104704
v 0.012011 1.978221 0.044782
v 0.069052 2.735319 0.121359
v -0.071543 3.111978 -0.191953
v 0.137499 2.059185 0.076710
v -0.028051 1.974651 -0.022991
v 0.045513 2.559348 0.076220
v -0.205288 3.215077 -0.137963
v 0.024819 2.110100 -0.081389
v -0.020975 2.365935 0.041086
v -0.098530 2.738235 -0.143887
v -0.245816 3.245102 -0.064596
v 0.083774 2.317578 -0.151347
v 0.274201 2.411155 -0.179762
v 0.020744 1.881819 0.062280
v 0.759256 2.754022 -0.095331
v 0.618687 2.750156 0.018551
v 0.444258 2.405558 0.014374
v 0.443351 2.545983 -0.195833
v 0.315028 2.350015 0.104438
v 0.599913 2.630750 -0.093368
v 0.730241 2.762079 -0.034227
v -0.071881 1.875201 -0.063302
v 0.205037 2.232502 -0.092588
v 0.339804 2.410149 -0.093583
v 0.385093 2.497968 -0.240009
v -0.043885 1.999889 -0.110576
v 0.136675 2.020605 -0.047526
v 0.102294 2.132164 -0.166280
v 0.077036 2.022327 -0.094106
v 0.043836 2.123495 -0.194242
v 0.085633 2.040509 0.070940
v 0.163963 2.249670 0.124768
v 0.550134 2.597063 0.013579
v 0.452932 2.453310 -0.064966
v 0.322029 2.311585 -0.000164
v 0.235580 2.247335 0.031967
v 0.261320 2.346282 0.161313
v 0.315713 2.370710 -0.178952
v 0.059084 1.844465 0.063027
v 0.799866 2.714457 -0.094539
v 0.659297 2.710591 0.019343
v 0.485937 2.364951 0.015187
v 0.483292 2.507069 -0.195054
v 0.355889 2.310205 0.105235
v 0.641593 2.590143 -0.092555
v 0.770851 2.722513 -0.033435
v -0.033967 1.838238 -0.062568
v 0.246557 2.192051 -0.091778
v 0.382988 2.368076 -0.092741
v 0.425703 2.458404 -0.239217
v -0.002468 1.959536 -0.109769
v 0.178119 1.980227 -0.046718
v 0.142904 2.092598 -0.165488
v 0.118473 1.981956 -0.093298
v 0.083610 2.084744 -0.193467
v 0.127070 2.000138 0.071748
v 0.205475 2.209225 0.125578
v 0.591647 2.556619 0.014388
v 0.496049 2.411302 -0.064125
v 0.365146 2.269577 0.000677
v 0.278764 2.205262 0.032809
v 0.301930 2.306716 0.162105
v 0.169864 2.090791 -0.116190
v 0.644298 2.664675 -0.141718
v 0.179777 2.282040 0.199023
v 0.177451 2.134023 -0.180040
v 0.508816 2.575467 -0.172240
v 0.325021 2.338345 0.196955
v 0.130445 2.117777 -0.222493
v 0.514069 2.546864 -0.231906
v 0.409575 2.347661 0.113101
v 0.034020 2.110085 -0.212889
v 0.440397 2.491052 -0.271028
v 0.546017 2.595240 0.072403
v -0.069430 2.048404 -0.147628
v -0.022573 1.786721 -0.037867
v 0.303893 2.447328 -0.254330
v 0.635253 2.744124 0.055916
v -0.092157 1.914196 -0.091534
v 0.014657 1.773758 0.043484
v 0.238687 2.292757 -0.171562
v 0.798822 2.755763 -0.021931
v 0.041057 1.924569 0.088868
v 0.201073 2.100084 -0.096803
v 0.467396 2.405482 0.061498
v 0.844000 2.749542 -0.112539
v 0.099197 2.141443 0.135865
v -0.194165 2.788887 -0.174425
v 0.009262 2.007574 -0.043724
v -0.180230 3.287653 -0.760057
v 0.024267 3.183624 -0.702273
v -0.037698 2.747737 -0.488295
v -0.239106 3.001010 -0.346616
v 0.111375 2.601582 -0.419036
v -0.152585 3.098136 -0.588507
v -0.088235 3.258321 -0.776793
v -0.104245 2.028623 0.142872
v -0.126463 2.528020 -0.150844
v -0.119466 2.768992 -0.303958
v -0.285371 2.949525 -0.250452
v -0.125289 2.197643 0.136801
v -0.124297 2.250476 -0.093570
v -0.209181 2.417959 0.017246
v -0.152834 2.254557 0.000655
v -0.219572 2.402231 0.097604
v 0.053334 2.200053 -0.131701
v 0.166942 2.431485 -0.271727
v -0.011295 2.994385 -0.613906
v -0.120070 2.840511 -0.443355
v -0.035978 2.610534 -0.344919
v 0.018267 2.496047 -0.275050
v 0.205026 2.553078 -0.406591
v -0.228971 2.757558 -0.212647
v -0.022884 1.978639 -0.079024
v -0.214279 3.257005 -0.797448
v -0.009782 3.152976 -0.739663
v -0.072644 2.716282 -0.526670
v -0.272595 2.970866 -0.383391
v 0.077115 2.570745 -0.456658
v -0.187531 3.066681 -0.626882
v -0.122285 3.227672 -0.814184
v -0.136050 1.999986 0.107969
v -0.161276 2.496686 -0.189072
v -0.155673 2.736401 -0.343718
v -0.319421 2.918876 -0.287842
v -0.160016 2.166385 0.098667
v -0.159046 2.219199 -0.131728
v -0.243230 2.387311 -0.020145
v -0.187576 2.223285 -0.037496
v -0.252921 2.372213 0.060983
v 0.018592 2.168781 -0.169853
v 0.132136 2.400156 -0.309949
v -0.046101 2.963056 -0.652127
v -0.156221 2.807971 -0.483053
v -0.072130 2.577994 -0.384618
v -0.017940 2.463456 -0.314810
v 0.170977 2.522430 -0.443981
v -0.196030 2.371086 -0.083482
v -0.219214 3.172889 -0.600961
v 0.263828 2.437601 -0.345779
v -0.260668 2.451247 -0.048419
v -0.228995 3.044072 -0.432937
v 0.215704 2.548608 -0.496191
v -0.297307 2.437727 0.031891
v -0.316330 3.042218 -0.391242
v 0.076641 2.626099 -0.520333
v -0.243283 2.392937 0.122623
v -0.352279 2.974674 -0.282496
v 0.062216 2.963426 -0.653000
v -0.139287 2.260142 0.184880
v -0.131793 1.935300 0.083556
v -0.285212 2.873574 -0.152969
v 0.059983 3.164905 -0.745907
v -0.113713 2.078216 0.180115
v -0.054510 1.895116 -0.012633
v -0.215087 2.642655 -0.132590
v -0.107896 3.268197 -0.854236
v 0.049620 2.048984 -0.088180
v -0.183122 2.382541 -0.130153
v 0.009324 2.733183 -0.546359
v -0.243014 3.318723 -0.832173
v 0.167427 2.285475 -0.203637
v -0.534805 3.702392 0.147337
v -0.728184 3.881705 0.214442
v -0.266370 3.041610 0.128110
v 0.083446 2.029820 0.110114
v -0.055825 2.527682 0.059993
v 0.211911 2.026234 0.171075
v 0.067423 2.047761 -0.006278
v 0.025452 2.309911 -0.061245
v -0.036932 2.621332 -0.164153
v -0.167528 2.836255 -0.222045
v -0.291454 2.974082 -0.143024
v -0.294397 2.990083 0.007461
v -0.483673 3.617792 -0.012484
v -0.596799 3.796786 0.058606
v -0.610848 3.801366 0.279493
v -0.334456 3.396200 0.260992
v -0.325255 3.428656 0.363345
v -0.273766 3.345536 0.430133
v -0.145817 3.206805 0.425918
v -0.045324 2.993883 0.333739
v -0.063059 2.657770 0.234577
v -0.014948 2.446846 0.210203
v 0.018817 2.556755 0.282115
v 0.051691 2.572293 0.355067
v 0.126703 2.520105 0.376455
v 0.227944 2.412015 0.295360
v 0.268614 2.180129 0.195348
v -0.117735 2.832851 0.139569
v -0.165507 3.179007 0.315180
v 0.145682 2.412135 0.258466
v -0.409846 3.291551 0.140743
v -0.422234 3.281617 0.010870
v -0.136472 2.828568 -0.088421
v -0.592514 3.671486 0.163438
v -0.766657 3.861101 0.225176
v -0.467555 3.260644 0.156845
v 0.032464 2.002513 0.124340
v -0.113538 2.496774 0.076096
v 0.183532 2.011009 0.179003
v 0.038569 2.032308 0.001773
v -0.013020 2.289306 -0.050510
v -0.075405 2.600727 -0.153418
v -0.206001 2.815650 -0.211310
v -0.329927 2.953478 -0.132290
v -0.341613 2.964796 0.020635
v -0.460707 3.261013 0.021604
v -0.522146 3.597188 -0.001749
v -0.635272 3.776182 0.069340
v -0.649321 3.780762 0.290228
v -0.381672 3.370914 0.274166
v -0.354110 3.413203 0.371396
v -0.312239 3.324932 0.440868
v -0.184290 3.186201 0.436653
v -0.083801 2.973277 0.344475
v -0.101547 2.637158 0.245316
v -0.053425 2.426240 0.220939
v -0.019656 2.536151 0.292850
v 0.013218 2.551689 0.365801
v 0.097848 2.504652 0.384506
v 0.189471 2.391411 0.306094
v 0.230339 2.159620 0.206031
v -0.175445 2.801944 0.155671
v -0.324080 3.010704 0.144212
v -0.223216 3.148100 0.331282
v -0.194181 2.797662 -0.072320
v 0.087973 2.381229 0.274568
v -0.644881 3.826261 0.192203
v -0.467155 3.493581 0.146528
v -0.002142 2.297675 0.078795
v 0.165312 1.989391 0.150543
v 0.072156 1.999008 0.031381
v 0.053709 2.156126 -0.031776
v -0.001452 2.472684 -0.109219
v -0.093835 2.739383 -0.206567
v -0.243271 2.920271 -0.199734
v -0.307074 2.992459 -0.073386
v -0.453865 3.456898 -0.005105
v -0.528851 3.726301 0.004242
v -0.681328 3.851090 0.136865
v -0.704107 3.881921 0.265021
v -0.484383 3.624545 0.270937
v -0.314616 3.416534 0.323878
v -0.308244 3.400518 0.395120
v -0.217787 3.283472 0.444399
v -0.080511 3.115418 0.385589
v -0.051299 2.831586 0.279617
v -0.045990 2.513449 0.209369
v 0.007676 2.484219 0.238632
v 0.025895 2.587821 0.324794
v 0.092891 2.544568 0.373143
v 0.175365 2.485728 0.347190
v 0.260284 2.298782 0.238201
v 0.250898 2.088563 0.178573
v -0.487184 3.634459 0.051120
v -0.191228 2.938088 0.127969
v -0.273971 3.169386 0.190162
v -0.087993 2.686775 0.105693
v -0.127725 3.016071 0.234780
v -0.188014 2.852845 0.057590
v -0.036753 2.551007 -0.070045
v -0.563376 3.770385 0.091472
v -0.569192 3.746917 0.230923
v -0.053745 2.566673 0.170662
v -0.062468 2.900494 0.247297
v -0.221316 3.290199 0.381106
v -0.227345 3.250776 0.279725
v -0.137794 3.175847 0.370345
v -0.089488 2.693636 -0.029014
v 0.206474 2.110101 0.168309
v 0.026367 2.289474 0.172022
v 0.109791 2.517383 0.314168
v 0.135574 2.245372 0.196484
v 0.081415 2.480282 0.262837
v 0.199216 2.399546 0.273826
v 0.041894 2.189667 0.001019
v -0.342395 3.142860 0.131369
v -0.373094 3.132011 0.021172
v -0.415504 3.274594 0.068153
v -0.389006 3.352685 0.202504
v -0.282234 3.004008 0.071627
v -0.211424 2.923361 -0.125158
v -0.191509 2.881783 -0.033443
v -0.132411 2.819929 -0.161921
v -0.700186 3.796642 0.207634
v -0.524864 3.462674 0.162630
v -0.059449 2.266984 0.094784
v 0.127772 1.969260 0.161027
v 0.034133 1.978645 0.041990
v 0.016884 2.136404 -0.021501
v -0.039924 2.452080 -0.098485
v -0.132308 2.718779 -0.195833
v -0.281744 2.899667 -0.189000
v -0.346438 2.971378 -0.062403
v -0.492338 3.436294 0.005629
v -0.567323 3.705697 0.014976
v -0.719801 3.830486 0.147600
v -0.742580 3.861317 0.275756
v -0.523746 3.603463 0.281920
v -0.352332 3.396335 0.334401
v -0.345069 3.380795 0.405395
v -0.256260 3.262868 0.455133
v -0.118984 3.094813 0.396323
v -0.089783 2.810976 0.290354
v -0.084474 2.492840 0.220107
v -0.030797 2.463614 0.249367
v -0.012577 2.567216 0.335528
v 0.056066 2.524847 0.383418
v 0.138539 2.466006 0.357465
v 0.221836 2.278190 0.248929
v 0.214575 2.069083 0.188718
v -0.542489 3.604840 0.066551
v -0.248937 2.907182 0.144070
v -0.330968 3.138860 0.206065
v -0.145706 2.655867 0.121795
v -0.185435 2.985165 0.250882
v -0.245011 2.822320 0.073493
v -0.092058 2.521388 -0.054614
v -0.618680 3.740765 0.106903
v -0.624497 3.717298 0.246354
v -0.109064 2.537047 0.186096
v -0.117776 2.870874 0.262728
v -0.276621 3.260581 0.396537
v -0.283940 3.220466 0.295516
v -0.193098 3.146229 0.385775
v -0.147197 2.662730 -0.012912
v 0.152194 2.081019 0.183459
v -0.028536 2.260072 0.187340
v 0.054487 2.487764 0.329598
v 0.078275 2.214685 0.212472
v 0.026111 2.450663 0.278267
v 0.143911 2.369928 0.289256
v -0.012604 2.160480 0.016225
v -0.400104 3.111954 0.147471
v -0.412458 3.110929 0.032155
v -0.470808 3.244975 0.083584
v -0.445602 3.322376 0.218295
v -0.338830 2.973698 0.087418
v -0.266728 2.893743 -0.109728
v -0.248104 2.851473 -0.017652
v -0.187716 2.790310 -0.146490
v -0.020380 2.577783 0.294909
v -0.045505 2.492959 0.227728
v -0.389984 3.478897 0.290761
v -0.643130 3.814165 0.300295
v -0.199339 2.836040 -0.239343
v -0.053886 2.641596 -0.193285
v 0.012629 2.581650 0.373783
v -0.346367 3.433916 0.368456
v -0.337628 2.981973 -0.144225
v 0.110094 2.515447 0.388165
v -0.308671 3.354318 0.451995
v -0.360796 3.032080 -0.007520
v 0.221537 2.409887 0.308182
v -0.167124 3.212617 0.451339
v -0.500477 3.606128 -0.030323
v -0.440455 3.277380 -0.005294
v 0.273505 2.196601 0.208920
v 0.074341 1.929937 0.106422
v 0.200492 2.015993 0.177939
v -0.056546 3.021832 0.369363
v -0.625850 3.796278 0.051827
v 0.057597 2.028653 -0.005557
v -0.082899 2.686251 0.260684
v -0.773345 3.890861 0.225882
v 0.004413 2.343629 -0.078382
v -0.088812 3.050739 0.310468
v 0.062334 2.101294 0.000342
v -0.647790 3.838482 0.236478
v -0.517697 3.722249 0.041739
v -0.355483 3.123824 0.070417
v -0.266857 3.354171 0.347403
v -0.238245 2.946255 -0.078228
v -0.475272 3.560005 0.219969
v -0.631946 3.820918 0.140603
v 0.212709 2.051077 0.161372
v -0.059115 2.740208 0.201592
v -0.195197 3.078747 0.201419
v -0.189594 3.255400 0.406481
v 0.211753 2.252284 0.213284
v -0.021236 2.390229 0.159450
v 0.073634 2.543337 0.302527
v 0.065264 2.360821 0.212744
v 0.151251 2.497128 0.331170
v 0.003853 2.365628 -0.026026
v -0.078431 2.702508 -0.123415
v -0.455280 3.462777 0.060973
v -0.333504 3.209327 0.177932
v -0.217853 2.913600 0.080729
v -0.133994 2.761243 0.026608
v -0.193191 2.896537 -0.171452
v -0.144117 3.021121 0.325899
v 0.011256 2.073938 0.014594
v -0.701892 3.809507 0.251573
v -0.571799 3.693274 0.056834
v -0.411010 3.094086 0.085910
v -0.320069 3.325673 0.362250
v -0.292681 2.917102 -0.063039
v -0.530799 3.530267 0.235462
v -0.686048 3.791943 0.155698
v 0.162196 2.023994 0.175477
v -0.114429 2.710585 0.217025
v -0.252728 3.047936 0.217471
v -0.243697 3.226425 0.421576
v 0.156574 2.222732 0.228680
v -0.076449 2.360659 0.174855
v 0.019531 2.514362 0.317623
v 0.010060 2.331256 0.228146
v 0.098262 2.468749 0.345955
v -0.051350 2.336064 -0.010624
v -0.133735 2.672889 -0.107985
v -0.510584 3.433158 0.076404
v -0.390946 3.178564 0.193959
v -0.275295 2.882837 0.096756
v -0.191526 2.730432 0.042660
v -0.247293 2.867563 -0.156356
v -0.028892 2.521693 0.253089
v -0.507846 3.644642 0.293412
v -0.116996 2.746530 -0.232497
v -0.011269 2.597651 0.338885
v -0.348563 3.434942 0.322884
v -0.281830 2.921639 -0.206981
v 0.056364 2.550655 0.392308
v -0.339349 3.407755 0.415037
v -0.354135 3.003834 -0.069012
v 0.167182 2.474801 0.358197
v -0.246412 3.287068 0.464779
v -0.469739 3.448092 -0.024250
v 0.260899 2.309557 0.252132
v 0.133529 1.955157 0.151755
v -0.095033 3.133052 0.417922
v -0.550423 3.718706 -0.007207
v 0.251402 2.097032 0.190426
v 0.060914 1.948450 0.045419
v -0.065328 2.859669 0.311950
v -0.718594 3.855245 0.139466
v 0.035319 2.170488 -0.041018
v -0.071140 2.552205 0.230545
v -0.398404 3.131419 0.007840
v -0.743871 3.890755 0.281088
v -0.019612 2.506002 -0.134504
v 0.344071 1.508253 -0.218769
v 0.348250 1.508273 -0.206596
v 0.352695 1.511128 -0.194859
v 0.361489 1.524641 -0.174999
v 0.365397 1.534620 -0.167872
v 0.371264 1.558548 -0.160991
v 0.372930 1.571297 -0.161583
v 0.373311 1.595200 -0.170684
v 0.372007 1.605156 -0.178736
v 0.369778 1.613090 -0.188623
v 0.341445 1.509002 -0.219133
v 0.343131 1.509732 -0.207305
v 0.345338 1.513225 -0.195878
v 0.347958 1.519307 -0.185426
v 0.350858 1.527671 -0.176472
v 0.353893 1.537899 -0.169466
v 0.356912 1.549478 -0.164758
v 0.359761 1.561827 -0.162585
v 0.362299 1.574327 -0.163056
v 0.364399 1.586352 -0.166147
v 0.365954 1.597297 -0.171703
v 0.366888 1.606615 -0.179446
v 0.367153 1.613838 -0.188987
v 0.338672 1.510427 -0.221725
v 0.337722 1.512511 -0.212358
v 0.364379 1.615264 -0.191579
v 0.336299 1.512247 -0.226031
v 0.333097 1.516060 -0.220755
v 0.362007 1.617084 -0.195885
v 0.334798 1.514102 -0.231199
v 0.330169 1.519675 -0.230832
v 0.360506 1.618938 -0.201053
v 0.334465 1.515623 -0.236205
v 0.329521 1.522641 -0.240593
v 0.325781 1.531776 -0.243713
v 0.323434 1.542569 -0.245409
v 0.322597 1.554478 -0.245595
v 0.323312 1.566906 -0.244263
v 0.325544 1.579231 -0.241479
v 0.329180 1.590835 -0.237383
v 0.334038 1.601134 -0.232179
v 0.339874 1.609614 -0.226130
v 0.346397 1.615848 -0.219538
v 0.353278 1.619525 -0.212734
v 0.360173 1.620459 -0.206059
v 0.335367 1.516509 -0.240058
v 0.331279 1.524370 -0.248105
v 0.328307 1.534261 -0.254508
v 0.326602 1.545684 -0.258945
v 0.326247 1.558068 -0.261194
v 0.327262 1.570791 -0.261143
v 0.329595 1.583216 -0.258793
v 0.333130 1.594720 -0.254262
v 0.337688 1.604725 -0.247778
v 0.343042 1.612729 -0.239666
v 0.348923 1.618333 -0.230333
v 0.355036 1.621254 -0.220246
v 0.361074 1.621346 -0.209911
v 0.337324 1.516586 -0.241994
v 0.335095 1.524520 -0.251880
v 0.333792 1.534476 -0.259933
v 0.333479 1.545954 -0.265748
v 0.334173 1.558379 -0.269034
v 0.335838 1.571128 -0.269625
v 0.338392 1.583561 -0.267493
v 0.341706 1.595056 -0.262745
v 0.345614 1.605035 -0.255617
v 0.349920 1.612999 -0.246469
v 0.354408 1.618548 -0.235758
v 0.358853 1.621403 -0.224021
v 0.363032 1.621422 -0.211848
v 0.339950 1.515838 -0.241630
v 0.340215 1.523061 -0.251171
v 0.341148 1.532379 -0.258913
v 0.342704 1.543324 -0.264470
v 0.344804 1.555348 -0.267561
v 0.347342 1.567849 -0.268031
v 0.350191 1.580198 -0.265858
v 0.353209 1.591777 -0.261151
v 0.356244 1.602005 -0.254144
v 0.359145 1.610369 -0.245190
v 0.361764 1.616451 -0.234738
v 0.363972 1.619944 -0.223312
v 0.365657 1.620674 -0.211484
v 0.366736 1.618604 -0.199848
v 0.342724 1.514412 -0.239038
v 0.345623 1.520281 -0.246117
v 0.348920 1.528385 -0.251652
v 0.352449 1.538316 -0.255363
v 0.356034 1.549577 -0.257067
v 0.359494 1.561604 -0.256676
v 0.362656 1.573792 -0.254211
v 0.365361 1.585532 -0.249796
v 0.367475 1.596234 -0.243651
v 0.368890 1.605361 -0.236084
v 0.369536 1.612457 -0.227476
v 0.369380 1.617165 -0.218258
v 0.368431 1.619249 -0.208892
v 0.340367 1.511072 -0.230769
v 0.345096 1.512592 -0.234732
v 0.350249 1.516733 -0.237721
v 0.355567 1.523285 -0.239586
v 0.360785 1.531921 -0.240233
v 0.365639 1.542208 -0.239631
v 0.369888 1.553629 -0.237809
v 0.373317 1.565613 -0.234859
v 0.375756 1.577558 -0.230929
v 0.377080 1.588864 -0.226215
v 0.377225 1.598966 -0.220954
v 0.376183 1.607357 -0.215410
v 0.374006 1.613616 -0.209862
v 0.370803 1.617429 -0.204586
v 0.346597 1.510738 -0.229564
v 0.353176 1.513117 -0.227644
v 0.359774 1.518090 -0.225105
v 0.366059 1.525406 -0.222076
v 0.371718 1.534700 -0.218706
v 0.376465 1.545506 -0.215167
v 0.380064 1.557280 -0.211635
v 0.382333 1.569434 -0.208286
v 0.383159 1.581357 -0.205290
v 0.382500 1.592452 -0.202796
v 0.380390 1.602162 -0.200930
v 0.376933 1.610000 -0.199785
v 0.372305 1.615574 -0.199418
v 0.346930 1.509217 -0.224558
v 0.353825 1.510151 -0.217883
v 0.360706 1.513828 -0.211079
v 0.367229 1.520062 -0.204487
v 0.373065 1.528542 -0.198437
v 0.377923 1.538841 -0.193234
v 0.381559 1.550444 -0.189138
v 0.383791 1.562769 -0.186353
v 0.384506 1.575198 -0.185021
v 0.383669 1.587107 -0.185208
v 0.381322 1.597900 -0.186904
v 0.377582 1.607034 -0.190024
v 0.372637 1.614053 -0.194412
v 0.346028 1.508330 -0.220705
v 0.352067 1.508422 -0.210371
v 0.358180 1.511343 -0.200284
v 0.364061 1.516946 -0.190951
v 0.369414 1.524951 -0.182839
v 0.373973 1.534956 -0.176355
v 0.377507 1.546460 -0.171824
v 0.379840 1.558884 -0.169474
v 0.380855 1.571608 -0.169422
v 0.380501 1.583992 -0.171671
v 0.378796 1.595415 -0.176109
v 0.375824 1.605305 -0.182512
v 0.371736 1.613166 -0.190559
v 0.357183 1.516677 -0.184148
v 0.368711 1.546115 -0.163123
v 0.373624 1.583722 -0.164869
v 0.126882 0.040633 0.319072
v -0.050059 0.040633 0.309067
v 0.128789 0.040824 0.138904
v -0.048324 0.040817 0.145129
v 0.046352 0.001450 0.227549
v -0.074401 0.040633 0.226265
v 0.039725 0.041421 0.122331
v 0.037450 0.040633 0.337321
v 0.194811 0.040633 0.287042
v 0.230059 0.040633 0.229487
v 0.196037 0.040633 0.171200
v 0.096310 0.087670 0.291817
v -0.028675 0.087670 0.284990
v 0.097645 0.087881 0.165657
v -0.027452 0.087816 0.169449
v -0.045870 0.087670 0.226567
v 0.034751 0.088150 0.152412
v 0.033132 0.087670 0.305321
v 0.144288 0.087670 0.269497
v 0.169185 0.087670 0.228843
v 0.145154 0.087670 0.187672
v 0.052329 0.120684 0.265950
v -0.015251 0.120672 0.257181
v 0.053299 0.120140 0.190263
v -0.014611 0.120299 0.197080
v -0.026352 0.120537 0.226967
v 0.016231 0.120034 0.184170
v 0.015186 0.120724 0.271363
v 0.079723 0.120691 0.249169
v 0.089698 0.120696 0.228033
v 0.080201 0.120525 0.206870
v -0.050103 0.017855 0.138842
v -0.037259 0.001631 0.148452
v 0.139995 0.017589 0.131880
v 0.154833 0.001478 0.146376
v -0.051970 0.017692 0.315179
v -0.038926 0.001445 0.305949
v 0.153089 0.001445 0.311150
v 0.137941 0.017447 0.325985
v -0.062356 0.001445 0.226392
v -0.078072 0.017734 0.226226
v 0.047424 0.002184 0.126295
v 0.044365 0.018372 0.114131
v 0.045235 0.001445 0.333148
v 0.041915 0.017584 0.345617
v 0.210951 0.017312 0.291490
v 0.203183 0.001445 0.287364
v 0.238671 0.001445 0.229579
v 0.248846 0.017257 0.229686
v 0.204414 0.001445 0.171054
v 0.212268 0.017312 0.167094
v 0.036568 0.142191 0.258591
v 0.000971 0.141646 0.247548
v 0.037381 0.140104 0.199209
v 0.001263 0.140480 0.210674
v -0.005001 0.141034 0.229197
v 0.017491 0.140113 0.199209
v 0.016799 0.142209 0.258596
v 0.052924 0.141624 0.247514
v 0.059192 0.141012 0.229144
v 0.053363 0.140462 0.210631
v 0.042528 0.576974 0.242947
v 0.022050 0.565392 0.296618
v -0.046854 0.546547 0.234269
v -0.033191 0.546587 0.291254
v -0.006153 0.555004 0.303387
v -0.048738 0.543357 0.264854
v 0.040644 0.573784 0.273532
v 0.026981 0.573744 0.216547
v -0.000057 0.565327 0.204414
v -0.028260 0.554939 0.211183
v 0.079565 0.334334 0.249291
v 0.080624 0.334002 0.227233
v 0.015210 0.317407 0.244486
v 0.016261 0.317081 0.222166
v 0.069466 0.330471 0.208333
v 0.026660 0.321005 0.263521
v 0.046321 0.326370 0.271891
v 0.066735 0.331310 0.266398
v 0.049706 0.325325 0.199832
v 0.029412 0.320152 0.205096
v 0.002980 0.175271 0.240511
v -0.026896 0.488370 0.258687
v 0.014803 0.224926 0.240289
v 0.017154 0.292046 0.241832
v 0.011478 0.350253 0.246015
v -0.004110 0.419725 0.250001
v -0.013391 0.490973 0.282587
v 0.014246 0.173211 0.257136
v 0.009022 0.420471 0.270677
v 0.022998 0.354145 0.265524
v 0.028904 0.293270 0.260489
v 0.026802 0.225752 0.257556
v 0.050181 0.166798 0.257785
v 0.038301 0.502441 0.287025
v 0.065058 0.228589 0.258553
v 0.069393 0.295888 0.263461
v 0.063759 0.365021 0.268509
v 0.054753 0.423060 0.273589
v 0.056569 0.506817 0.265877
v 0.060758 0.165344 0.242074
v 0.069584 0.423617 0.254858
v 0.077132 0.367924 0.251078
v 0.082191 0.296736 0.246730
v 0.076180 0.230020 0.242243
v 0.060773 0.165356 0.222109
v 0.057823 0.509039 0.238187
v 0.076199 0.229970 0.221653
v 0.083165 0.296266 0.225105
v 0.078198 0.367595 0.228584
v 0.069881 0.424191 0.230757
v 0.041682 0.508399 0.214504
v 0.050172 0.166892 0.205259
v 0.055666 0.424791 0.210269
v 0.066538 0.364168 0.209272
v 0.071892 0.294716 0.206613
v 0.065033 0.228534 0.204310
v 0.002972 0.175308 0.220313
v -0.025487 0.490724 0.230965
v 0.014786 0.224908 0.219442
v 0.018109 0.291598 0.220052
v 0.012557 0.349934 0.223237
v -0.003586 0.420630 0.225812
v 0.014221 0.173318 0.204259
v -0.009728 0.497121 0.210013
v 0.026758 0.225711 0.202947
v 0.031407 0.292096 0.203417
v 0.025823 0.353291 0.205864
v 0.010323 0.422722 0.207204
v 0.015322 0.504341 0.203759
v 0.032343 0.170016 0.198549
v 0.032674 0.424623 0.201280
v 0.046339 0.358849 0.200556
v 0.051965 0.293296 0.198324
v 0.046052 0.227019 0.197195
v 0.010932 0.496796 0.293445
v 0.032369 0.169886 0.263671
v 0.031279 0.422112 0.279701
v 0.042877 0.359918 0.274130
v 0.048876 0.294742 0.268808
v 0.046101 0.227072 0.264534
v -0.061419 0.568941 0.224233
v -0.069597 0.585648 0.248792
v -0.059523 0.606142 0.269471
v -0.035045 0.622595 0.278372
v -0.005513 0.628724 0.272095
v 0.017793 0.622187 0.253037
v 0.025971 0.605481 0.228477
v 0.015897 0.584987 0.207798
v -0.008581 0.568533 0.198897
v -0.038113 0.562404 0.205175
v -0.080500 0.605674 0.151795
v -0.090488 0.623428 0.174907
v -0.081973 0.644819 0.195378
v -0.058209 0.661676 0.205389
v -0.028271 0.667560 0.201116
v -0.003596 0.660224 0.184191
v 0.006392 0.642469 0.161079
v -0.002123 0.621078 0.140608
v -0.025888 0.604222 0.130597
v -0.055825 0.598337 0.134870
v 0.126882 0.040633 -0.319072
v -0.050058 0.040633 -0.309067
v 0.128789 0.040824 -0.138904
v -0.048324 0.040817 -0.145129
v 0.046352 0.001450 -0.227549
v -0.074401 0.040633 -0.226265
v 0.039725 0.041421 -0.122331
v 0.037450 0.040633 -0.337321
v 0.194811 0.040633 -0.287042
v 0.230059 0.040633 -0.229487
v 0.196037 0.040633 -0.171200
v 0.096310 0.087670 -0.291817
v -0.028675 0.087670 -0.284990
v 0.097645 0.087881 -0.165657
v -0.027452 0.087816 -0.169449
v -0.045870 0.087670 -0.226567
v 0.034751 0.088150 -0.152412
v 0.033132 0.087670 -0.305322
v 0.144288 0.087670 -0.269497
v 0.169185 0.087670 -0.228843
v 0.145154 0.087670 -0.187672
v 0.052329 0.120684 -0.265950
v -0.015251 0.120672 -0.257181
v 0.053299 0.120140 -0.190263
v -0.014611 0.120299 -0.197080
v -0.026352 0.120537 -0.226967
v 0.016231 0.120034 -0.184170
v 0.015186 0.120724 -0.271363
v 0.079722 0.120691 -0.249169
v 0.089698 0.120696 -0.228033
v 0.080201 0.120525 -0.206870
v -0.050103 0.017855 -0.138843
v -0.037259 0.001631 -0.148452
v 0.139995 0.017589 -0.131880
v 0.154833 0.001478 -0.146376
v -0.051970 0.017692 -0.315179
v -0.038926 0.001445 -0.305949
v 0.153089 0.001445 -0.311149
v 0.137941 0.017447 -0.325985
v -0.062356 0.001445 -0.226392
v -0.078072 0.017734 -0.226226
v 0.047424 0.002184 -0.126295
v 0.044365 0.018372 -0.114131
v 0.045235 0.001445 -0.333149
v 0.041915 0.017584 -0.345617
v 0.210951 0.017312 -0.291490
v 0.203183 0.001445 -0.287364
v 0.238671 0.001445 -0.229579
v 0.248846 0.017257 -0.229686
v 0.204414 0.001445 -0.171054
v 0.212268 0.017312 -0.167094
v 0.036568 0.142190 -0.258591
v 0.000971 0.141646 -0.247548
v 0.037381 0.140104 -0.199210
v 0.001263 0.140480 -0.210675
v -0.005001 0.141034 -0.229197
v 0.017491 0.140113 -0.199209
v 0.016799 0.142208 -0.258596
v 0.052924 0.141624 -0.247514
v 0.059192 0.141012 -0.229144
v 0.053363 0.140462 -0.210631
v 0.042528 0.576974 -0.242948
v 0.022050 0.565392 -0.296618
v -0.046854 0.546547 -0.234269
v -0.033191 0.546587 -0.291254
v -0.006153 0.555004 -0.303387
v -0.048738 0.543357 -0.264854
v 0.040644 0.573783 -0.273532
v 0.026981 0.573743 -0.216547
v -0.000057 0.565327 -0.204414
v -0.028260 0.554939 -0.211184
v 0.079566 0.334334 -0.249291
v 0.080624 0.334002 -0.227233
v 0.015210 0.317407 -0.244486
v 0.016261 0.317081 -0.222166
v 0.069466 0.330471 -0.208333
v 0.026660 0.321005 -0.263521
v 0.046321 0.326369 -0.271891
v 0.066735 0.331310 -0.266398
v 0.049706 0.325325 -0.199833
v 0.029412 0.320152 -0.205096
v 0.002980 0.175271 -0.240511
v -0.026896 0.488370 -0.258688
v 0.014803 0.224926 -0.240289
v 0.017154 0.292045 -0.241832
v 0.011478 0.350253 -0.246015
v -0.004110 0.419725 -0.250001
v -0.013391 0.490973 -0.282587
v 0.014246 0.173211 -0.257137
v 0.009022 0.420471 -0.270677
v 0.022998 0.354145 -0.265524
v 0.028904 0.293270 -0.260489
v 0.026802 0.225752 -0.257556
v 0.050181 0.166798 -0.257785
v 0.038301 0.502441 -0.287025
v 0.065058 0.228589 -0.258553
v 0.069393 0.295888 -0.263461
v 0.063759 0.365021 -0.268509
v 0.054753 0.423060 -0.273589
v 0.056569 0.506817 -0.265877
v 0.060758 0.165343 -0.242074
v 0.069584 0.423617 -0.254858
v 0.077132 0.367923 -0.251078
v 0.082191 0.296736 -0.246730
v 0.076180 0.230020 -0.242243
v 0.060773 0.165356 -0.222109
v 0.057823 0.509038 -0.238187
v 0.076199 0.229970 -0.221653
v 0.083165 0.296266 -0.225105
v 0.078198 0.367595 -0.228584
v 0.069881 0.424191 -0.230757
v 0.041682 0.508399 -0.214504
v 0.050172 0.166892 -0.205260
v 0.055666 0.424791 -0.210269
v 0.066538 0.364168 -0.209272
v 0.071892 0.294716 -0.206613
v 0.065033 0.228534 -0.204310
v 0.002972 0.175308 -0.220313
v -0.025487 0.490723 -0.230965
v 0.014786 0.224908 -0.219442
v 0.018109 0.291598 -0.220052
v 0.012557 0.349934 -0.223237
v -0.003586 0.420630 -0.225812
v 0.014221 0.173318 -0.204259
v -0.009728 0.497121 -0.210014
v 0.026758 0.225711 -0.202947
v 0.031407 0.292096 -0.203417
v 0.025823 0.353291 -0.205864
v 0.010323 0.422722 -0.207204
v 0.015322 0.504341 -0.203759
v 0.032343 0.170016 -0.198549
v 0.032674 0.424623 -0.201281
v 0.046339 0.358849 -0.200556
v 0.051965 0.293296 -0.198324
v 0.046052 0.227019 -0.197195
v 0.010932 0.496796 -0.293445
v 0.032369 0.169886 -0.263671
v 0.031279 0.422112 -0.279702
v 0.042877 0.359918 -0.274131
v 0.048876 0.294742 -0.268808
v 0.046101 0.227072 -0.264534
v -0.061419 0.568941 -0.224233
v -0.069597 0.585648 -0.248792
v -0.059524 0.606141 -0.269472
v -0.035045 0.622595 -0.278372
v -0.005513 0.628724 -0.272095
v 0.017793 0.622187 -0.253037
v 0.025971 0.605481 -0.228478
v 0.015897 0.584987 -0.207798
v -0.008581 0.568533 -0.198897
v -0.038113 0.562404 -0.205175
v -0.080500 0.605674 -0.151795
v -0.090488 0.623428 -0.174907
v -0.081973 0.644819 -0.195378
v -0.058209 0.661676 -0.205389
v -0.028271 0.667560 -0.201116
v -0.003596 0.660224 -0.184191
v 0.006392 0.642469 -0.161079
v -0.002123 0.621078 -0.140609
v -0.025888 0.604222 -0.130598
v -0.055825 0.598338 -0.134870
vn -0.3077 0.0897 0.9472
vn -0.6680 0.1729 0.7238
vn -0.7235 -0.0245 0.6899
vn -0.1321 -0.9818 -0.1368
vn -0.2028 -0.9765 0.0725
vn -0.3811 -0.9236 -0.0407
vn -0.2594 0.3000 0.9180
vn -0.5800 0.3698 0.7259
vn -0.2632 -0.9241 0.2770
vn -0.5223 -0.8424 0.1322
vn -0.1985 0.4967 0.8449
vn -0.4586 0.5578 0.6918
vn -0.3107 -0.8277 0.4673
vn -0.6296 -0.7208 0.2900
vn -0.1278 0.6705 0.7308
vn -0.3061 0.7242 0.6179
vn -0.3433 -0.6923 0.6347
vn -0.7018 -0.5704 0.4268
vn -0.0505 0.8128 0.5804
vn -0.1317 0.8653 0.4836
vn -0.3596 -0.5246 0.7717
vn -0.7406 -0.4003 0.5397
vn 0.0422 0.9278 0.3708
vn -0.3589 -0.3323 0.8722
vn -0.7475 -0.2169 0.6278
vn -0.3414 -0.1243 0.9317
vn -0.2117 -0.9528 -0.2177
vn 0.1182 -0.9432 -0.3106
vn -0.1532 0.9141 0.3754
vn -0.1926 0.9309 0.3103
vn -0.1707 0.9512 0.2572
vn -0.0967 0.9664 0.2382
vn -0.0014 0.9860 0.1669
vn -0.1178 -0.0297 -0.9926
vn 0.3077 -0.0897 -0.9472
vn 0.2594 -0.3000 -0.9180
vn -0.0131 0.9955 -0.0941
vn 0.1321 0.9818 0.1368
vn -0.1163 0.1776 -0.9772
vn 0.3414 0.1243 -0.9317
vn -0.1101 0.3732 -0.9212
vn 0.3589 0.3323 -0.8722
vn -0.0992 0.5534 -0.8270
vn 0.3596 0.5246 -0.7717
vn -0.0663 -0.8181 -0.5713
vn 0.0505 -0.8128 -0.5804
vn -0.0839 0.7135 -0.6956
vn 0.3433 0.6923 -0.6347
vn -0.0881 -0.6524 -0.7527
vn 0.1278 -0.6705 -0.7308
vn -0.0642 0.8472 -0.5274
vn 0.3107 0.8277 -0.4673
vn -0.1041 -0.4552 -0.8843
vn 0.1985 -0.4967 -0.8449
vn -0.0404 0.9450 -0.3246
vn 0.2632 0.9241 -0.2770
vn -0.1139 -0.2434 -0.9632
vn 0.2028 0.9765 -0.0725
vn 0.3401 0.9073 0.2474
vn 0.5456 0.8307 0.1111
vn 0.8828 -0.0418 -0.4678
vn 0.9034 0.1231 -0.4109
vn 0.8976 0.2829 -0.3381
vn 0.2601 -0.8514 -0.4555
vn 0.8643 0.4369 -0.2492
vn 0.4751 -0.7185 -0.5081
vn 0.7993 0.5834 -0.1438
vn 0.6381 -0.5568 -0.5318
vn 0.6961 0.7176 -0.0224
vn 0.7553 -0.3846 -0.5307
vn 0.8348 -0.2115 -0.5084
vn 0.4419 0.8256 0.3510
vn 0.9991 -0.0413 -0.0105
vn 0.9966 0.0739 0.0358
vn 0.3647 -0.8717 -0.3274
vn 0.9769 0.1959 0.0854
vn 0.6346 -0.7233 -0.2721
vn 0.9328 0.3315 0.1413
vn 0.8014 -0.5595 -0.2116
vn 0.8490 0.4864 0.2065
vn 0.8991 -0.4094 -0.1548
vn 0.6976 0.6593 0.2805
vn 0.9554 -0.2766 -0.1034
vn 0.9862 -0.1560 -0.0561
vn 0.9651 -0.1338 0.2250
vn 0.9643 -0.0375 0.2620
vn 0.3947 -0.8907 -0.2254
vn 0.9518 0.0676 0.2992
vn 0.6700 -0.7369 -0.0902
vn 0.9215 0.1907 0.3383
vn 0.8164 -0.5773 0.0118
vn 0.8584 0.3444 0.3802
vn 0.8927 -0.4425 0.0852
vn 0.7281 0.5412 0.4206
vn 0.9338 -0.3292 0.1406
vn 0.4701 0.7668 0.4371
vn 0.9556 -0.2288 0.1856
vn 0.8889 -0.1073 0.4454
vn 0.3643 -0.9189 -0.1516
vn 0.8777 -0.0009 0.4791
vn 0.6166 -0.7863 0.0394
vn 0.8504 0.1249 0.5111
vn 0.7512 -0.6377 0.1704
vn 0.7931 0.2840 0.5388
vn 0.8216 -0.5084 0.2580
vn 0.6748 0.4918 0.5503
vn 0.8597 -0.3977 0.3205
vn 0.4397 0.7387 0.5109
vn 0.8802 -0.2986 0.3689
vn 0.8893 -0.2041 0.4094
vn 0.7446 -0.1594 0.6482
vn 0.2736 -0.9560 -0.1062
vn 0.7319 -0.0309 0.6807
vn 0.4733 -0.8727 0.1200
vn 0.7019 0.1177 0.7025
vn 0.5959 -0.7497 0.2878
vn 0.6435 0.2962 0.7058
vn 0.6682 -0.6232 0.4064
vn 0.5362 0.5100 0.6726
vn 0.7104 -0.5033 0.4918
vn 0.3509 0.7413 0.5722
vn 0.7342 -0.3893 0.5563
vn 0.7450 -0.2765 0.6071
vn 0.3813 -0.0101 0.9244
vn 0.2059 -0.9676 0.1460
vn 0.1109 -0.9895 -0.0931
vn 0.3642 0.1806 0.9136
vn 0.2735 -0.8943 0.3541
vn 0.3315 0.3802 0.8635
vn 0.3202 -0.7874 0.5267
vn 0.2764 0.5815 0.7651
vn 0.3518 -0.6586 0.6652
vn 0.1910 0.7692 0.6098
vn 0.3724 -0.5143 0.7725
vn 0.3840 -0.3577 0.8512
vn 0.3872 -0.1897 0.9023
vn 0.4283 -0.1691 -0.8877
vn 0.7605 -0.0647 -0.6461
vn 0.7504 -0.1917 -0.6326
vn 0.9365 -0.1399 0.3215
vn 0.7605 -0.0656 0.6460
vn 0.7504 -0.1926 0.6323
vn -0.0000 -0.1622 0.9868
vn -0.4179 0.0190 0.9083
vn -0.4283 -0.1704 0.8874
vn -0.9365 -0.1395 -0.3217
vn -0.7605 -0.0647 -0.6461
vn -0.7504 -0.1917 -0.6326
vn 0.3372 -0.8799 0.3348
vn 0.5644 -0.6009 0.5660
vn 0.2813 -0.6998 0.6566
vn -0.4492 0.8120 0.3727
vn -0.6722 0.4791 0.5644
vn -0.3563 0.6129 0.7053
vn 0.0013 0.9100 0.4147
vn 0.3569 0.6137 0.7043
vn 0.4497 0.8116 0.3728
vn 0.4492 0.8126 -0.3715
vn -0.0013 0.9106 -0.4133
vn 0.4742 0.8804 0.0016
vn -0.7746 0.5700 -0.2741
vn -0.4742 0.8804 -0.0003
vn -0.4497 0.8122 -0.3717
vn -0.0000 -0.9368 0.3499
vn -0.2813 -0.6998 0.6566
vn -0.3372 -0.8799 0.3348
vn -0.3372 -0.8794 -0.3361
vn -0.0000 -1.0000 -0.0007
vn -0.3479 -0.9375 -0.0007
vn 0.6567 -0.6987 -0.2837
vn 0.3479 -0.9375 -0.0007
vn 0.3372 -0.8794 -0.3361
vn -0.4108 -0.2403 0.8795
vn -0.7504 -0.1926 0.6323
vn -0.7334 -0.2150 0.6449
vn 0.4283 -0.1704 0.8874
vn -0.0000 -0.2525 0.9676
vn 0.4108 -0.2403 0.8795
vn 0.9925 -0.1225 -0.0001
vn 0.9502 0.0176 0.3111
vn 0.7334 -0.2150 0.6449
vn 0.9217 -0.1995 0.3326
vn 0.9217 -0.1990 -0.3329
vn 0.9815 -0.1916 -0.0001
vn -0.0000 -0.1608 -0.9870
vn 0.4179 0.0204 -0.9083
vn 0.4108 -0.2391 -0.8798
vn 0.7334 -0.2140 -0.6452
vn -0.4283 -0.1691 -0.8877
vn -0.0000 -0.2510 -0.9680
vn -0.4108 -0.2391 -0.8798
vn -0.9925 -0.1225 -0.0001
vn -0.9502 0.0180 -0.3111
vn -0.7334 -0.2140 -0.6452
vn -0.9217 -0.1990 -0.3329
vn -0.9217 -0.1995 0.3326
vn -0.9815 -0.1916 -0.0001
vn -0.9535 0.3015 0.0002
vn -0.9112 0.2869 -0.2956
vn -0.3950 0.3194 0.8614
vn -0.7435 0.2206 0.6313
vn -0.7605 -0.0656 0.6460
vn -0.6567 -0.6992 0.2826
vn -0.9056 -0.4242 -0.0003
vn -0.6850 -0.7285 -0.0005
vn -0.5644 -0.6009 0.5660
vn -0.8437 -0.4122 0.3438
vn -0.9365 -0.1399 0.3215
vn -0.8437 -0.4117 -0.3444
vn -0.5644 -0.6001 -0.5669
vn -0.6567 -0.6987 -0.2837
vn -0.0000 0.3493 -0.9370
vn 0.3563 0.6139 -0.7044
vn 0.3950 0.3207 -0.8609
vn -0.6718 0.4810 -0.5633
vn -0.7435 0.2216 -0.6310
vn -0.2813 -0.6988 -0.6577
vn -0.0000 -0.4571 -0.8894
vn -0.0000 -0.7276 -0.6860
vn -0.3456 -0.4374 -0.8302
vn 0.3456 -0.4374 -0.8302
vn 0.5644 -0.6001 -0.5669
vn 0.2813 -0.6988 -0.6577
vn 0.9535 0.3015 0.0002
vn 0.7746 0.5696 0.2749
vn 0.9112 0.2864 0.2960
vn 0.6722 0.4799 -0.5637
vn 0.7435 0.2216 -0.6310
vn 0.9365 -0.1395 -0.3217
vn 0.9056 -0.4242 -0.0003
vn 0.6850 -0.7285 -0.0005
vn 0.8437 -0.4117 -0.3444
vn 0.8437 -0.4122 0.3438
vn 0.6567 -0.6992 0.2826
vn -0.0000 0.3480 0.9375
vn 0.6718 0.4802 0.5640
vn 0.7435 0.2206 0.6313
vn -0.0000 -0.4584 0.8888
vn -0.0000 -0.7286 0.6849
vn 0.3456 -0.4387 0.8295
vn -0.3456 -0.4387 0.8295
vn -0.0000 -0.9363 -0.3512
vn -0.3569 0.6147 -0.7034
vn -0.0000 0.6587 -0.7524
vn 0.7756 0.5689 -0.2734
vn 0.8031 0.5958 0.0004
vn -0.0000 0.6576 0.7534
vn -0.0000 1.0000 0.0007
vn -0.7756 0.5685 0.2742
vn 0.4179 0.0190 0.9083
vn 0.3950 0.3194 0.8614
vn 0.9502 0.0180 -0.3111
vn 0.9112 0.2869 -0.2956
vn -0.4179 0.0204 -0.9083
vn -0.3950 0.3207 -0.8609
vn -0.9502 0.0176 0.3111
vn -0.9112 0.2864 0.2960
vn -0.0000 -0.3245 0.9459
vn -0.3892 -0.3146 0.8657
vn 0.7086 -0.2894 0.6436
vn 0.3892 -0.3146 0.8657
vn 0.9015 -0.2680 0.3398
vn 0.9660 -0.2585 -0.0002
vn 0.7086 -0.2884 -0.6440
vn 0.9015 -0.2675 -0.3402
vn -0.0000 -0.3231 -0.9463
vn 0.3892 -0.3134 -0.8662
vn -0.7086 -0.2884 -0.6440
vn -0.3892 -0.3134 -0.8662
vn -0.9015 -0.2675 -0.3402
vn -0.9660 -0.2585 -0.0002
vn -0.7086 -0.2894 0.6436
vn -0.9015 -0.2680 0.3398
vn -0.6608 -0.3777 0.6486
vn 0.6608 -0.3777 0.6486
vn 0.6608 -0.3768 -0.6492
vn -0.6608 -0.3768 -0.6492
vn -0.9993 0.0371 -0.0000
vn -0.0000 0.0437 -0.9990
vn 0.9993 0.0371 -0.0000
vn -0.0000 0.0422 0.9991
vn -0.9956 -0.0420 0.0836
vn -0.6524 -0.6659 -0.3619
vn -0.6565 -0.7108 -0.2525
vn -0.6617 0.6587 0.3581
vn -0.9986 -0.0203 0.0482
vn -0.6589 0.6503 0.3781
vn -0.8667 0.1529 -0.4748
vn -0.6124 -0.5014 -0.6112
vn -0.0185 -0.5064 -0.8621
vn -0.6625 0.7448 0.0798
vn -0.0735 0.3954 -0.9156
vn 0.0112 0.9919 -0.1269
vn 0.7214 0.2222 -0.6559
vn 0.5291 -0.4121 -0.7418
vn 0.9942 -0.0399 0.0999
vn 0.6232 -0.7617 0.1774
vn 0.6573 -0.7536 -0.0003
vn 0.6844 0.7154 0.1407
vn 0.9668 -0.0550 0.2497
vn 0.6767 0.7082 0.2013
vn 0.7210 -0.1218 0.6821
vn 0.5287 -0.7186 0.4518
vn -0.0185 -0.8591 0.5115
vn 0.0112 0.8074 0.5899
vn -0.0734 -0.0954 0.9927
vn -0.6624 0.6908 0.2897
vn -0.8666 -0.0951 0.4899
vn -0.6123 -0.7339 0.2942
vn -0.6564 -0.7445 -0.1216
vn -0.0069 -0.9956 0.0936
vn -0.6524 -0.7579 -0.0039
vn 0.0049 -0.9966 -0.0817
vn 0.0086 0.9952 0.0970
vn -0.6617 0.7498 0.0037
vn 0.0062 0.9969 0.0780
vn 0.6019 0.6261 0.4956
vn 0.6844 0.6945 0.2218
vn 0.0050 0.9530 0.3030
vn 0.6820 0.7034 0.2004
vn 0.0086 0.9187 0.3949
vn -0.6731 0.6968 0.2479
vn -0.6741 0.7154 0.1840
vn 0.0016 0.9685 0.2491
vn 0.6766 0.7132 0.1834
vn 0.0049 -0.9126 -0.4089
vn -0.6638 -0.7195 -0.2042
vn 0.6573 -0.6605 -0.3629
vn 0.0045 -0.9532 -0.3022
vn 0.6701 -0.7010 -0.2440
vn 0.0016 -0.9685 -0.2491
vn -0.6705 -0.7185 -0.1848
vn 0.9994 -0.0021 -0.0337
vn 0.9942 0.0132 -0.1065
vn 1.0000 -0.0035 -0.0009
vn 0.6730 -0.7163 -0.1842
vn -0.9993 -0.0019 -0.0378
vn -0.6638 -0.7287 -0.1682
vn -0.9956 0.0036 -0.0936
vn -0.6731 0.7299 0.1189
vn -1.0000 -0.0035 -0.0009
vn -0.9986 0.0055 -0.0521
vn -0.6588 0.7521 -0.0178
vn 0.6820 0.7128 0.1638
vn 0.0050 0.9810 0.1942
vn 0.0045 -0.9808 -0.1951
vn 0.6701 -0.7318 -0.1243
vn 0.9994 -0.0181 0.0286
vn 0.9669 0.0721 -0.2448
vn 0.6234 -0.5819 -0.5222
vn 0.6767 0.7174 0.1654
vn -0.0069 -0.8273 -0.5617
vn 0.6022 0.7874 -0.1316
vn 0.0062 0.9110 0.4123
vn -0.9993 -0.0198 0.0321
vn 0.9434 -0.1232 -0.3078
vn 0.8899 0.0793 -0.4493
vn 0.7938 0.1465 -0.5903
vn 0.9712 -0.1606 0.1758
vn 0.8560 0.1978 -0.4776
vn 0.9623 0.2393 0.1295
vn 0.8625 0.4515 -0.2287
vn 0.8818 0.3061 -0.3589
vn 0.8244 -0.4459 -0.3485
vn 0.9116 -0.3017 -0.2791
vn 0.9465 -0.1682 0.2755
vn 0.8585 -0.2842 -0.4269
vn 0.8299 -0.5484 -0.1023
vn 0.9570 -0.2608 -0.1274
vn 0.8675 -0.0012 0.4974
vn 0.8347 0.4947 0.2418
vn 0.8032 0.3167 0.5045
vn 0.6837 0.7187 0.1269
vn 0.6323 0.5539 0.5417
vn 0.6832 0.7256 0.0820
vn 0.3478 0.9143 -0.2076
vn 0.4256 0.8602 0.2809
vn 0.8973 0.0544 0.4381
vn 0.9056 0.3493 0.2405
vn 0.7752 0.4125 -0.4784
vn 0.5264 0.7822 -0.3332
vn 0.6892 0.6154 0.3825
vn 0.9619 0.0061 -0.2733
vn 0.7995 0.5944 -0.0864
vn 0.8462 0.0910 -0.5250
vn 0.9583 0.2449 -0.1475
vn 0.7385 0.2389 -0.6305
vn 0.8922 0.3194 -0.3194
vn 0.8496 0.2395 -0.4698
vn 0.9886 0.0190 0.1495
vn 0.9439 -0.1586 -0.2897
vn 0.5364 0.5674 0.6247
vn 0.8662 0.4861 0.1158
vn 0.8923 0.4424 0.0896
vn 0.5564 0.6208 0.5523
vn 0.7935 0.5991 -0.1068
vn 0.8626 0.2674 -0.4295
vn 0.7949 0.2984 -0.5283
vn 0.4464 0.8238 -0.3495
vn 0.4174 0.9065 -0.0627
vn 0.6691 0.7049 0.2355
vn 0.7232 0.5036 0.4726
vn 0.8160 0.3881 0.4284
vn 0.7218 0.6841 0.1049
vn 0.9612 0.1868 -0.2031
vn 0.9794 0.0417 0.1978
vn 0.7701 0.0542 -0.6357
vn 0.8984 0.3970 0.1877
vn 0.3986 0.8857 -0.2380
vn 0.6190 0.7358 0.2746
vn 0.4927 -0.6729 -0.5518
vn 0.3295 0.0137 -0.9441
vn 0.5746 -0.8183 0.0118
vn 0.4089 -0.3109 -0.8580
vn 0.7720 -0.2805 -0.5704
vn 0.7364 -0.6202 -0.2702
vn 0.9513 -0.1667 0.2593
vn 0.9125 -0.0420 0.4069
vn 0.9967 -0.0622 0.0526
vn 0.6255 -0.2765 0.7295
vn 0.9630 -0.2694 -0.0020
vn 0.7718 -0.3795 0.5102
vn 0.6122 0.1876 -0.7682
vn 0.7195 0.1748 -0.6722
vn 0.7462 0.2030 -0.6340
vn 0.7656 0.4930 0.4133
vn 0.8305 0.5485 0.0966
vn 0.5562 0.5519 0.6213
vn 0.2809 0.1641 -0.9456
vn 0.8240 0.0773 -0.5612
vn 0.4301 0.3497 -0.8323
vn 0.3514 0.1189 -0.9286
vn 0.4482 0.2534 -0.8572
vn 0.7212 0.1779 -0.6695
vn 0.8109 0.0900 -0.5782
vn 0.9992 0.0104 -0.0389
vn 0.8108 0.0182 0.5851
vn 0.9476 0.0239 0.3185
vn 0.4911 0.8315 0.2598
vn 0.6688 0.5792 -0.4661
vn 0.6623 0.5749 -0.4805
vn 0.3877 0.4817 -0.7859
vn 0.4530 0.8645 -0.2179
vn 0.4973 0.2542 -0.8295
vn 0.3919 0.2552 -0.8839
vn 0.4161 0.1195 -0.9014
vn 0.7939 0.4991 0.3472
vn 0.9293 0.3691 -0.0089
vn 0.4962 0.5809 0.6452
vn 0.6466 0.6420 -0.4120
vn 0.4918 0.7697 0.4071
vn 0.7990 0.0035 0.6014
vn 0.8025 0.0739 0.5920
vn 0.9662 -0.2540 0.0447
vn 0.9886 -0.0787 0.1284
vn 0.9721 0.1643 -0.1675
vn 0.8706 0.1922 0.4529
vn 0.8634 0.1495 0.4819
vn 0.9172 0.3878 0.0916
vn 0.7414 0.3495 -0.5729
vn 0.9751 0.0588 -0.2138
vn 0.9259 -0.0816 0.3689
vn 0.9683 -0.1971 -0.1537
vn 0.6355 0.1603 -0.7552
vn 0.8399 0.3193 -0.4388
vn 0.9061 0.4173 -0.0693
vn 0.9249 0.2883 0.2480
vn 0.7863 0.5982 -0.1543
vn 0.5058 0.6009 -0.6189
vn -0.7798 -0.1517 0.6073
vn -0.8836 -0.0837 0.4607
vn -0.8425 0.0455 0.5367
vn -0.8722 -0.2981 0.3879
vn -0.7173 -0.2313 0.6572
vn -0.7444 -0.4328 0.5085
vn -0.4068 -0.3158 0.8572
vn -0.4996 -0.1546 0.8524
vn -0.3162 -0.3087 -0.8971
vn -0.7478 -0.3354 -0.5730
vn -0.7497 -0.0798 -0.6570
vn -0.7476 -0.0779 -0.6595
vn -0.4030 -0.1678 -0.8997
vn -0.3629 -0.1700 -0.9162
vn -0.9127 -0.1449 0.3821
vn -0.7629 -0.6090 -0.2169
vn -0.8059 -0.3093 -0.5048
vn -0.8825 -0.4604 0.0957
vn -0.9395 -0.2436 -0.2407
vn -0.7781 -0.5936 0.2052
vn -0.6081 -0.2412 0.7563
vn -0.7870 -0.1598 0.5959
vn -0.6467 -0.4813 -0.5917
vn -0.7583 -0.2803 -0.5886
vn -0.5722 -0.1641 -0.8035
vn -0.6043 -0.0503 -0.7952
vn -0.7829 -0.0612 -0.6191
vn -0.5588 -0.3017 -0.7725
vn -0.8807 -0.3673 -0.2991
vn -0.9188 -0.3500 0.1826
vn -0.9579 -0.2593 -0.1232
vn -0.7117 -0.1633 -0.6833
vn -0.9246 -0.0572 -0.3767
vn -0.8612 -0.2469 0.4442
vn -0.7477 -0.2410 0.6187
vn -0.9021 -0.1724 0.3956
vn -0.9913 0.1040 0.0806
vn -0.9668 -0.2555 -0.0040
vn -0.9207 -0.3799 0.0893
vn -0.8789 -0.2281 0.4188
vn -0.9480 0.3175 -0.0208
vn -0.7291 -0.0015 0.6845
vn -0.8491 0.4864 -0.2059
vn -0.7951 -0.3874 -0.4666
vn -0.7627 -0.5941 -0.2556
vn -0.7390 -0.5938 -0.3182
vn -0.8848 -0.2965 -0.3594
vn -0.8050 -0.3829 -0.4532
vn -0.7451 -0.4693 -0.4739
vn -0.9803 -0.0406 -0.1933
vn -0.9172 -0.1226 0.3790
vn -0.5341 -0.0769 0.8419
vn -0.7269 -0.0498 0.6850
vn -0.9790 -0.0607 0.1944
vn -0.6232 -0.3069 -0.7194
vn -0.6526 -0.5611 -0.5092
vn -0.2814 -0.0589 0.9578
vn -0.3480 -0.2052 0.9148
vn -0.1540 -0.0655 0.9859
vn -0.1183 -0.1441 0.9825
vn -0.1616 -0.1983 0.9667
vn -0.2771 0.0404 0.9600
vn -0.9977 0.0602 -0.0315
vn -0.9154 0.0373 -0.4009
vn -0.9865 0.1539 0.0565
vn -0.9397 0.2250 0.2577
vn -0.6969 0.0862 0.7119
vn -0.7831 0.1564 0.6019
vn -0.6125 -0.1677 0.7725
vn -0.7211 -0.1713 0.6713
vn -0.7494 -0.2041 0.6299
vn -0.4621 -0.3745 0.8039
vn -0.6705 -0.2956 0.6805
vn -0.8137 -0.4653 0.3483
vn -0.0960 -0.2544 0.9623
vn -0.2257 -0.1807 0.9573
vn -0.3555 -0.1242 0.9264
vn -0.3095 -0.3274 0.8928
vn -0.4387 -0.2408 0.8657
vn -0.1198 -0.3675 0.9223
vn -0.6209 0.0256 0.7834
vn -0.7180 0.1054 0.6880
vn -0.9734 0.0381 0.2259
vn -0.8027 -0.0745 0.5917
vn -0.9511 -0.0372 -0.3066
vn -0.7912 -0.1983 0.5785
vn -0.9624 0.0879 0.2570
vn -0.7576 -0.3808 0.5302
vn -0.5819 -0.1961 0.7893
vn -0.6554 -0.4366 0.6163
vn -0.9493 0.0671 0.3071
vn -0.7236 0.1340 0.6771
vn -0.4666 -0.0724 0.8815
vn -0.2043 -0.4211 0.8837
vn -0.4708 -0.4810 0.7396
vn -0.5519 -0.3432 0.7600
vn -0.2959 -0.3683 0.8814
vn -0.6946 -0.0645 -0.7165
vn -0.4036 -0.2378 -0.8835
vn -0.7138 -0.1287 -0.6884
vn -0.4356 -0.3406 -0.8332
vn -0.7644 -0.2474 -0.5954
vn -0.5233 -0.4397 -0.7299
vn -0.8316 -0.4332 -0.3477
vn -0.8541 -0.1571 -0.4959
vn -0.8446 0.0428 -0.5337
vn -0.6278 -0.0717 -0.7751
vn -0.6156 -0.0087 -0.7880
vn -0.6072 -0.1339 0.7832
vn -0.9163 -0.3976 0.0480
vn -0.8736 -0.3299 0.3576
vn -0.9261 -0.2831 -0.2493
vn -0.8023 -0.5704 -0.1759
vn -0.6345 -0.5094 -0.5814
vn -0.7066 -0.4697 -0.5292
vn -0.0714 0.5176 0.8526
vn -0.4367 0.6018 -0.6687
vn 0.0377 0.3564 0.9336
vn 0.1962 0.2529 0.9474
vn 0.3423 0.3828 0.8581
vn 0.5907 -0.3135 -0.7435
vn 0.3686 -0.1778 -0.9124
vn -0.3970 0.7046 -0.5881
vn -0.3961 0.9170 0.0468
vn -0.3246 0.6486 0.6884
vn 0.0153 0.9983 0.0571
vn 0.5301 0.7837 0.3239
vn -0.2692 0.9572 0.1063
vn 0.0447 -0.0727 -0.9964
vn -0.1587 0.2099 -0.9648
vn -0.1218 0.3914 0.9121
vn 0.0450 0.0996 0.9940
vn -0.3674 0.7330 0.5725
vn -0.3134 0.4229 0.8503
vn -0.3705 0.5530 -0.7463
vn -0.4566 0.7193 -0.5236
vn -0.2439 0.1359 -0.9602
vn 0.1670 -0.1289 0.9775
vn 0.3338 -0.1506 0.9305
vn -0.0561 0.2356 0.9702
vn 0.1361 0.0998 0.9857
vn 0.1219 -0.1899 -0.9742
vn 0.2066 -0.1836 -0.9610
vn 0.2019 -0.0721 -0.9767
vn 0.8016 -0.1005 0.5894
vn 0.8545 -0.2993 0.4245
vn 0.2027 -0.6661 0.7178
vn 0.1682 -0.9713 0.1681
vn -0.2231 -0.9467 0.2325
vn 0.4321 0.0770 0.8985
vn 0.3973 -0.2062 0.8942
vn 0.0391 0.1914 -0.9807
vn -0.0834 0.4131 -0.9069
vn 0.3556 -0.4108 0.8395
vn 0.0252 -0.8790 -0.4762
vn 0.2250 -0.5475 -0.8060
vn 0.0762 -0.2644 0.9614
vn 0.0003 -0.1681 0.9858
vn -0.1867 0.5412 -0.8199
vn 0.1098 -0.2902 -0.9506
vn 0.0357 -0.0492 0.9981
vn 0.0125 -0.0998 -0.9949
vn -0.6309 0.7054 -0.3230
vn -0.3368 0.7578 0.5588
vn 0.1360 -0.3560 -0.9246
vn 0.3403 -0.4372 -0.8325
vn -0.8653 0.4255 0.2651
vn -0.7235 0.5910 0.3568
vn -0.6075 0.6346 0.4778
vn -0.9329 0.3227 -0.1602
vn -0.6310 0.6843 0.3656
vn -0.7195 0.6719 -0.1758
vn -0.5053 0.8548 0.1183
vn -0.5967 0.7652 0.2418
vn -0.9201 0.0718 0.3852
vn -0.9240 0.2312 0.3045
vn -0.9256 0.3035 -0.2264
vn -0.8699 0.2618 0.4181
vn -0.9885 -0.0317 0.1478
vn -0.9505 0.2752 0.1445
vn -0.8076 0.3880 -0.4441
vn -0.4958 0.8207 -0.2840
vn -0.5851 0.6423 -0.4951
vn -0.2361 0.9467 -0.2192
vn -0.3031 0.7491 -0.5891
vn -0.2350 0.9554 -0.1787
vn 0.1659 0.9855 0.0346
vn 0.0530 0.9220 -0.3835
vn -0.7961 0.4545 -0.3996
vn -0.6212 0.7362 -0.2685
vn -0.4327 0.8225 0.3692
vn -0.0363 0.9836 0.1767
vn -0.3157 0.8424 -0.4366
vn -0.8112 0.5344 0.2377
vn -0.4165 0.9076 -0.0532
vn -0.6725 0.5895 0.4476
vn -0.6993 0.7109 0.0748
vn -0.5059 0.6970 0.5082
vn -0.5983 0.7732 0.2104
vn -0.5972 0.7161 0.3615
vn -0.8561 0.4972 -0.1408
vn -0.8846 0.3821 0.2674
vn -0.2170 0.7229 -0.6560
vn -0.5085 0.8415 -0.1826
vn -0.5535 0.8180 -0.1562
vn -0.2016 0.7822 -0.5894
vn -0.3735 0.9276 0.0007
vn -0.5999 0.7327 0.3213
vn -0.5294 0.7469 0.4024
vn 0.0538 0.9830 0.1757
vn 0.0435 0.9982 -0.0414
vn -0.2408 0.9194 -0.3110
vn -0.4119 0.7633 -0.4977
vn -0.5502 0.7089 -0.4413
vn -0.2874 0.9371 -0.1981
vn -0.7237 0.6778 0.1297
vn -0.8404 0.5072 -0.1909
vn -0.6326 0.5536 0.5416
vn -0.5821 0.7760 -0.2428
vn 0.1214 0.9899 0.0725
vn -0.1816 0.9181 -0.3523
vn -0.7604 -0.2434 0.6021
vn -0.2613 0.3486 0.9001
vn -0.9076 -0.4076 0.1001
vn -0.5091 0.0705 0.8578
vn -0.7707 0.2659 0.5790
vn -0.9308 -0.0982 0.3520
vn -0.9286 0.3072 -0.2082
vn -0.8505 0.3839 -0.3595
vn -0.8939 0.4454 -0.0497
vn -0.7722 -0.0186 -0.6351
vn -0.9659 0.2578 0.0248
vn -0.9096 -0.0109 -0.4154
vn -0.4265 0.6206 0.6580
vn -0.5285 0.6390 0.5589
vn -0.5363 0.6704 0.5127
vn -0.4416 0.7682 -0.4635
vn -0.4423 0.8801 -0.1727
vn -0.2442 0.7072 -0.6635
vn -0.1245 0.4672 0.8754
vn -0.6325 0.5888 0.5032
vn -0.1673 0.6893 0.7049
vn -0.2209 0.4592 0.8604
vn -0.2389 0.6160 0.7507
vn -0.5210 0.6452 0.5587
vn -0.6312 0.5862 0.5079
vn -0.8534 0.5211 0.0117
vn -0.7596 0.3716 -0.5337
vn -0.8355 0.4616 -0.2980
vn -0.0124 0.9376 -0.3474
vn -0.2729 0.9106 0.3103
vn -0.2648 0.9038 0.3362
vn -0.0537 0.7679 0.6383
vn 0.0525 0.9967 0.0618
vn -0.2802 0.6356 0.7194
vn -0.1818 0.5982 0.7805
vn -0.2841 0.4889 0.8248
vn -0.4605 0.7709 -0.4400
vn -0.6154 0.7854 -0.0663
vn -0.1840 0.6709 -0.7183
vn -0.2210 0.9416 0.2540
vn -0.0498 0.8686 -0.4930
vn -0.7629 0.3511 -0.5429
vn -0.7275 0.4167 -0.5452
vn -0.9626 0.2699 -0.0224
vn -0.8977 0.4243 -0.1188
vn -0.7455 0.6567 0.1137
vn -0.7024 0.5639 -0.4344
vn -0.7206 0.5208 -0.4577
vn -0.6010 0.7843 -0.1537
vn -0.4419 0.7736 0.4542
vn -0.8016 0.5766 0.1577
vn -0.8788 0.3586 -0.3148
vn -0.9274 0.3427 0.1497
vn -0.4596 0.6069 0.6484
vn -0.5492 0.7711 0.3222
vn -0.5653 0.8248 -0.0083
vn -0.6608 0.6984 -0.2749
vn -0.3635 0.9310 0.0332
vn -0.0998 0.8796 0.4652
vn 0.5933 -0.6361 -0.4933
vn 0.7163 -0.5936 -0.3668
vn 0.7491 -0.4803 -0.4563
vn 0.5924 -0.7598 -0.2679
vn 0.4949 -0.6865 -0.5327
vn 0.4047 -0.8382 -0.3656
vn 0.1571 -0.6533 -0.7406
vn 0.3399 -0.5531 -0.7606
vn 0.1899 -0.3544 0.9156
vn 0.5186 -0.6134 0.5956
vn 0.6749 -0.3854 0.6293
vn 0.6867 -0.3815 0.6188
vn 0.3553 -0.2660 0.8961
vn 0.3157 -0.2441 0.9169
vn 0.6883 -0.6505 -0.3211
vn 0.3648 -0.8869 0.2836
vn 0.5913 -0.6366 0.4950
vn 0.5291 -0.8486 -0.0046
vn 0.7015 -0.6573 0.2753
vn 0.3655 -0.9276 -0.0770
vn 0.3889 -0.6481 -0.6547
vn 0.5900 -0.6313 -0.5034
vn 0.3697 -0.7042 0.6062
vn 0.5777 -0.5820 0.5722
vn 0.5053 -0.3547 0.7867
vn 0.5941 -0.2714 0.7572
vn 0.7235 -0.3924 0.5679
vn 0.4173 -0.4777 0.7731
vn 0.5986 -0.7290 0.3321
vn 0.6084 -0.7885 -0.0906
vn 0.7079 -0.6892 0.1547
vn 0.6094 -0.4392 0.6601
vn 0.8083 -0.4754 0.3473
vn 0.6026 -0.7225 -0.3389
vn 0.5121 -0.7006 -0.4970
vn 0.6804 -0.6570 -0.3245
vn 0.9042 -0.4223 -0.0635
vn 0.7088 -0.7029 0.0596
vn 0.5966 -0.8025 -0.0006
vn 0.6350 -0.7051 -0.3156
vn 0.9776 -0.2098 -0.0181
vn 0.6195 -0.4960 -0.6084
vn 0.9919 0.0010 0.1268
vn 0.5435 -0.6931 0.4735
vn 0.3780 -0.8715 0.3124
vn 0.3641 -0.8559 0.3672
vn 0.6467 -0.6714 0.3620
vn 0.5466 -0.6983 0.4622
vn 0.4501 -0.7444 0.4933
vn 0.8412 -0.5069 0.1882
vn 0.7133 -0.6333 -0.3004
vn 0.4133 -0.4924 -0.7660
vn 0.5965 -0.5379 -0.5958
vn 0.8044 -0.5770 -0.1417
vn 0.4678 -0.5120 0.7205
vn 0.3224 -0.7792 0.5375
vn 0.1866 -0.3681 -0.9109
vn 0.1666 -0.5281 -0.8327
vn 0.0535 -0.3073 -0.9501
vn -0.0289 -0.3630 -0.9314
vn -0.0094 -0.4324 -0.9016
vn 0.2417 -0.2686 -0.9324
vn 0.8923 -0.4502 0.0324
vn 0.8493 -0.3899 0.3560
vn 0.9265 -0.3725 -0.0536
vn 0.9181 -0.3203 -0.2334
vn 0.6399 -0.4029 -0.6544
vn 0.7279 -0.3669 -0.5793
vn 0.4384 -0.6031 -0.6663
vn 0.5319 -0.6364 -0.5586
vn 0.5384 -0.6721 -0.5083
vn 0.1747 -0.7145 -0.6775
vn 0.4038 -0.7041 -0.5841
vn 0.4533 -0.8649 -0.2157
vn -0.1143 -0.4522 -0.8846
vn 0.0591 -0.4548 -0.8886
vn 0.2217 -0.4658 -0.8567
vn 0.0598 -0.6229 -0.7800
vn 0.2369 -0.6027 -0.7620
vn -0.1523 -0.5626 -0.8126
vn 0.5554 -0.4305 -0.7115
vn 0.6588 -0.3862 -0.6456
vn 0.8478 -0.4961 -0.1875
vn 0.6348 -0.5694 -0.5222
vn 0.8300 -0.4759 0.2910
vn 0.5771 -0.6664 -0.4722
vn 0.8593 -0.4642 -0.2147
vn 0.4498 -0.8024 -0.3921
vn 0.3941 -0.6170 -0.6811
vn 0.3299 -0.8225 -0.4633
vn 0.8405 -0.4737 -0.2629
vn 0.6979 -0.3711 -0.6126
vn 0.3598 -0.4670 -0.8078
vn -0.0983 -0.6480 -0.7553
vn 0.1325 -0.8034 -0.5806
vn 0.2824 -0.7136 -0.6411
vn 0.0219 -0.6372 -0.7704
vn 0.6571 -0.3426 0.6715
vn 0.3137 -0.3370 0.8877
vn 0.6348 -0.4140 0.6524
vn 0.2788 -0.4577 0.8443
vn 0.6012 -0.5535 0.5764
vn 0.2886 -0.6007 0.7455
vn 0.5280 -0.7616 0.3758
vn 0.7107 -0.5219 0.4717
vn 0.8153 -0.3359 0.4717
vn 0.5970 -0.3062 0.7415
vn 0.6252 -0.2397 0.7427
vn 0.4481 -0.5741 -0.6853
vn 0.5852 -0.8105 0.0262
vn 0.5715 -0.7807 -0.2527
vn 0.6649 -0.6944 0.2753
vn 0.4164 -0.8765 0.2415
vn 0.3337 -0.7152 0.6142
vn 0.4270 -0.7070 0.5637
vn 0.2838 0.3466 -0.8941
vn 0.7203 0.4359 0.5395
vn 0.1175 0.2126 -0.9700
vn -0.0942 0.2033 -0.9746
vn -0.1302 0.4017 -0.9065
vn -0.6440 0.0897 0.7598
vn -0.3871 0.1368 0.9118
vn 0.7408 0.5128 0.4338
vn 0.8045 0.5687 -0.1714
vn 0.6114 0.3046 -0.7303
vn 0.5256 0.8319 -0.1781
vn -0.0902 0.9087 -0.4075
vn 0.7040 0.6743 -0.2230
vn -0.0219 0.0983 0.9949
vn 0.3399 0.2399 0.9093
vn 0.2902 0.1537 -0.9445
vn -0.0522 -0.0279 -0.9982
vn 0.6656 0.3967 -0.6321
vn 0.4698 0.1156 -0.8752
vn 0.6861 0.3779 0.6217
vn 0.8136 0.3757 0.4438
vn 0.4423 0.1579 0.8829
vn -0.3080 -0.1738 -0.9354
vn -0.4743 -0.0981 -0.8749
vn 0.1332 0.0495 -0.9899
vn -0.1393 0.0189 -0.9901
vn -0.1558 0.0212 0.9876
vn -0.2222 0.0724 0.9723
vn -0.1598 0.1856 0.9695
vn -0.7922 0.1970 -0.5776
vn -0.9097 0.0824 -0.4070
vn -0.5530 -0.5833 -0.5949
vn -0.6271 -0.7786 -0.0223
vn -0.3081 -0.9491 -0.0654
vn -0.4193 0.1414 -0.8968
vn -0.5372 -0.1288 -0.8335
vn 0.1382 0.3456 0.9282
vn 0.3787 0.4490 0.8093
vn -0.5886 -0.3147 -0.7447
vn -0.4391 -0.7041 0.5580
vn -0.4455 -0.2791 0.8507
vn -0.2818 -0.3636 -0.8879
vn -0.1608 -0.3183 -0.9343
vn 0.5334 0.4790 0.6972
vn -0.2159 -0.0837 0.9728
vn -0.1302 -0.1808 -0.9749
vn -0.0047 0.0568 0.9984
vn 0.9186 0.3333 0.2124
vn 0.6629 0.3864 -0.6413
vn -0.2794 -0.1373 0.9503
vn -0.5018 -0.1195 0.8567
vn 0.7165 0.2202 0.6619
vn 0.7701 0.3486 0.5343
vn 0.8279 0.3798 0.4127
vn 0.4178 0.2036 0.8854
vn 0.7703 0.4362 0.4651
vn 0.4565 0.5293 0.7152
vn 0.6227 0.6390 0.4516
vn 0.6993 0.5289 0.4808
vn 0.7599 -0.1688 0.6277
vn 0.7595 -0.0129 0.6504
vn 0.4134 0.2283 0.8815
vn 0.8042 0.0413 0.5929
vn 0.5669 -0.1692 0.8062
vn 0.6578 0.0908 0.7477
vn 0.2730 0.3717 0.8873
vn 0.3809 0.7119 0.5900
vn 0.2401 0.6306 0.7381
vn 0.3529 0.8575 0.3743
vn 0.0542 0.8134 0.5791
vn 0.3840 0.8502 0.3601
vn 0.3542 0.9338 -0.0503
vn 0.0985 0.9748 0.2002
vn 0.3124 0.4117 0.8561
vn 0.4021 0.6256 0.6686
vn 0.5405 0.8403 0.0426
vn 0.2139 0.8257 0.5220
vn 0.7285 0.3074 0.6122
vn 0.7760 0.5749 0.2596
vn 0.5063 0.7352 0.4507
vn 0.8343 0.3228 0.4469
vn 0.6202 0.5008 0.6038
vn 0.8380 0.4413 0.3209
vn 0.6853 0.5394 0.4892
vn 0.7748 0.4657 0.4277
vn 0.4947 0.3650 0.7887
vn 0.7276 0.1689 0.6649
vn -0.0188 0.8476 0.5303
vn 0.4402 0.7027 0.5590
vn 0.4632 0.6675 0.5831
vn 0.0427 0.8738 0.4844
vn 0.5285 0.7582 0.3819
vn 0.7507 0.4815 0.4523
vn 0.7833 0.4922 0.3796
vn 0.4945 0.8689 -0.0217
vn 0.3700 0.9260 0.0750
vn 0.2944 0.8620 0.4126
vn 0.2006 0.7622 0.6154
vn 0.2688 0.6692 0.6927
vn 0.3820 0.8316 0.4031
vn 0.6520 0.4649 0.5990
vn 0.4588 0.3896 0.7986
vn 0.8711 0.3052 0.3849
vn 0.4007 0.6608 0.6347
vn 0.4031 0.9140 -0.0464
vn 0.2389 0.8932 0.3810
vn 0.7418 -0.4984 0.4487
vn 0.9947 0.0658 -0.0787
vn 0.3604 -0.5257 0.7705
vn 0.9630 -0.2326 0.1360
vn 0.9048 0.0334 0.4245
vn 0.6742 -0.2816 0.6828
vn 0.4297 0.2234 0.8749
vn 0.3341 0.3403 0.8790
vn 0.5445 0.3005 0.7831
vn -0.0418 0.0778 0.9961
vn 0.5572 0.1216 0.8214
vn 0.1531 -0.0038 0.9882
vn 0.9096 0.3587 0.2096
vn 0.8671 0.3794 0.3228
vn 0.8407 0.4146 0.3483
vn 0.2050 0.7481 0.6312
vn 0.4344 0.7447 0.5067
vn -0.0376 0.8241 0.5653
vn 0.9543 0.2211 -0.2010
vn 0.8796 0.3343 0.3385
vn 0.8943 0.4448 -0.0476
vn 0.9752 0.2014 -0.0922
vn 0.9291 0.3697 -0.0069
vn 0.8704 0.3870 0.3045
vn 0.8704 0.3194 0.3747
vn 0.5813 0.3511 0.7340
vn 0.1907 0.3990 0.8969
vn 0.3794 0.3838 0.8419
vn 0.1668 0.9576 0.2350
vn 0.6856 0.6940 0.2200
vn 0.7078 0.6805 0.1897
vn 0.8114 0.5697 -0.1306
vn 0.4250 0.9048 0.0266
vn 0.9202 0.3890 0.0439
vn 0.9267 0.3678 -0.0769
vn 0.9732 0.2300 -0.0054
vn 0.5327 0.5784 0.6178
vn 0.6275 0.7597 0.1707
vn -0.1634 0.8090 0.5646
vn 0.1264 0.7417 0.6587
vn 0.0395 0.9429 0.3308
vn 0.1843 0.3816 0.9058
vn 0.1906 0.4408 0.8771
vn 0.5454 0.1374 0.8269
vn 0.5008 0.3006 0.8117
vn 0.6525 0.4421 0.6154
vn 0.2911 0.5247 0.8000
vn 0.2698 0.4967 0.8250
vn 0.4724 0.6312 0.6151
vn 0.8122 0.5156 0.2727
vn 0.6693 0.3676 0.6457
vn 0.3668 0.3013 0.8802
vn 0.6532 0.1631 0.7394
vn 0.9261 0.3155 0.2068
vn 0.7445 0.5250 0.4123
vn 0.5619 0.6312 0.5346
vn 0.3972 0.5976 0.6965
vn 0.7360 0.6768 -0.0172
vn 0.5453 0.7526 0.3690
vn -0.8349 -0.3806 -0.3976
vn -0.7753 -0.3494 -0.5262
vn -0.8187 -0.2371 -0.5230
vn -0.7128 -0.5209 -0.4698
vn -0.8475 -0.4321 -0.3083
vn -0.7431 -0.6025 -0.2912
vn -0.8995 -0.4281 0.0872
vn -0.9527 -0.2942 -0.0759
vn 0.4031 -0.6433 -0.6509
vn -0.0662 -0.6767 -0.7333
vn -0.0689 -0.4617 -0.8844
vn -0.1024 -0.4429 -0.8907
vn 0.3313 -0.5188 -0.7881
vn 0.3890 -0.5162 -0.7631
vn -0.7853 -0.3955 -0.4763
vn -0.3455 -0.7977 -0.4943
vn -0.2398 -0.6246 -0.7432
vn -0.5626 -0.6504 -0.5104
vn -0.3791 -0.5566 -0.7392
vn -0.5719 -0.7322 -0.3698
vn -0.9185 -0.3656 -0.1505
vn -0.8650 -0.3481 -0.3613
vn -0.0958 -0.7678 -0.6334
vn -0.1685 -0.6113 -0.7732
vn 0.1159 -0.5127 -0.8507
vn 0.0810 -0.4153 -0.9061
vn -0.1684 -0.4284 -0.8878
vn 0.0961 -0.6255 -0.7743
vn -0.3515 -0.6419 -0.6815
vn -0.6210 -0.5736 -0.5341
vn -0.4862 -0.5376 -0.6889
vn -0.0488 -0.5182 -0.8539
vn -0.3499 -0.4110 -0.8418
vn -0.7646 -0.4734 -0.4373
vn -0.8332 -0.4448 -0.3286
vn -0.7775 -0.3922 -0.4916
vn -0.6078 -0.2422 -0.7563
vn -0.5403 -0.5250 -0.6576
vn -0.5636 -0.6095 -0.5576
vn -0.7496 -0.4554 -0.4803
vn -0.5525 -0.0799 -0.8297
vn -0.9033 -0.2318 -0.3609
vn -0.3973 0.0730 -0.9148
vn -0.2470 -0.6646 -0.7052
vn -0.3311 -0.7921 -0.5127
vn -0.2906 -0.7988 -0.5267
vn -0.3454 -0.5985 -0.7229
vn -0.2533 -0.6682 -0.6995
vn -0.2138 -0.7363 -0.6420
vn -0.4594 -0.3887 -0.7987
vn -0.7503 -0.3959 -0.5294
vn -0.9693 -0.2123 -0.1243
vn -0.8952 -0.2771 -0.3490
vn -0.6613 -0.3705 -0.6523
vn 0.0274 -0.6164 -0.7869
vn -0.1442 -0.8118 -0.5658
vn -0.9818 -0.0950 0.1646
vn -0.9479 -0.2827 0.1467
vn -0.9363 -0.0332 0.3497
vn -0.8986 -0.1127 0.4241
vn -0.9089 -0.1913 0.3705
vn -0.9910 0.0281 0.1311
vn -0.5551 -0.3003 -0.7757
vn -0.3364 -0.3445 -0.8764
vn -0.5955 -0.2105 -0.7753
vn -0.6868 -0.1301 -0.7151
vn -0.9282 -0.1364 -0.3462
vn -0.9097 -0.1108 -0.4001
vn -0.9147 -0.3455 -0.2094
vn -0.8673 -0.3766 -0.3254
vn -0.8386 -0.4164 -0.3513
vn -0.8745 -0.4824 0.0499
vn -0.8928 -0.4188 -0.1656
vn -0.6680 -0.6392 -0.3811
vn -0.8441 -0.2380 0.4805
vn -0.9344 -0.2148 0.2843
vn -0.9738 -0.2090 0.0899
vn -0.8889 -0.4128 0.1985
vn -0.9338 -0.3575 0.0141
vn -0.7990 -0.3847 0.4621
vn -0.9447 -0.1556 -0.2887
vn -0.9363 -0.1043 -0.3355
vn -0.6864 -0.2914 -0.6663
vn -0.8766 -0.3001 -0.3760
vn -0.3839 -0.3941 -0.8350
vn -0.8340 -0.3979 -0.3824
vn -0.6927 -0.2609 -0.6724
vn -0.7659 -0.5560 -0.3229
vn -0.9181 -0.3595 -0.1669
vn -0.7828 -0.5872 -0.2061
vn -0.7219 -0.2595 -0.6415
vn -0.8947 -0.1194 -0.4305
vn -0.9768 -0.2011 -0.0729
vn -0.8039 -0.4747 0.3585
vn -0.7994 -0.6006 0.0155
vn -0.8923 -0.4482 -0.0542
vn -0.8851 -0.3954 0.2454
vn -0.0472 -0.4375 -0.8980
vn 0.3097 -0.5919 -0.7442
vn -0.0784 -0.4945 -0.8657
vn 0.2322 -0.6900 -0.6856
vn -0.1637 -0.5853 -0.7941
vn 0.0921 -0.7688 -0.6328
vn -0.3183 -0.6918 -0.6482
vn -0.2582 -0.5037 -0.8244
vn -0.2419 -0.3370 -0.9099
vn 0.0648 -0.4448 -0.8933
vn 0.0713 -0.3794 -0.9225
vn -0.9293 -0.3101 -0.2005
vn -0.5527 -0.6217 -0.5550
vn -0.7122 -0.5409 -0.4475
vn -0.3973 -0.5939 -0.6996
vn -0.0511 -0.7921 -0.6082
vn -0.3909 -0.7647 -0.5123
vn -0.1230 -0.7308 -0.6714
vn -0.6644 0.7238 0.1864
vn 0.2735 0.4073 -0.8714
vn -0.7611 0.5479 0.3473
vn -0.6635 0.4958 0.5604
vn -0.5416 0.6395 0.5457
vn 0.9215 -0.3395 0.1885
vn 0.9518 -0.2973 -0.0753
vn 0.1845 0.5146 -0.8373
vn -0.2807 0.7325 -0.6202
vn -0.7214 0.6487 -0.2423
vn -0.0758 0.9060 -0.4165
vn 0.1429 0.9356 0.3230
vn -0.2243 0.8308 -0.5093
vn 0.8550 -0.2435 -0.4579
vn 0.6379 0.0181 -0.7699
vn -0.8466 0.5096 0.1536
vn -0.7992 0.2868 0.5282
vn -0.6286 0.7214 -0.2906
vn -0.8549 0.5182 -0.0253
vn 0.2759 0.3154 -0.9080
vn 0.0714 0.4167 -0.9062
vn 0.5559 -0.0031 -0.8312
vn -0.6390 0.0590 0.7669
vn -0.4590 0.0754 0.8852
vn -0.8495 0.4100 0.3321
vn -0.7209 0.3026 0.6234
vn 0.8777 -0.3437 -0.3341
vn 0.9128 -0.2920 -0.2854
vn 0.9265 -0.1601 -0.3405
vn -0.0698 0.1746 0.9822
vn 0.0388 0.0480 0.9981
vn -0.4444 -0.4742 0.7600
vn -0.0483 -0.8559 0.5150
vn -0.2012 -0.9294 0.3093
vn -0.4776 0.2800 0.8328
vn -0.4630 0.0090 0.8863
vn 0.8145 0.0644 -0.5766
vn 0.6166 0.2479 -0.7472
vn -0.4200 -0.1708 0.8913
vn 0.3329 -0.9320 0.1433
vn 0.7646 -0.6445 0.0041
vn -0.7160 -0.1613 0.6792
vn -0.8042 -0.0833 0.5884
vn 0.4357 0.3415 -0.8328
vn 0.8576 -0.4517 -0.2460
vn -0.7954 0.0927 0.5990
vn 0.8348 -0.2771 -0.4757
vn -0.1217 0.4542 -0.8826
vn -0.6591 0.6886 -0.3024
vn 0.8412 -0.5126 -0.1719
vn 0.8660 -0.4959 0.0639
vn 0.8767 0.2073 -0.4340
vn 0.7925 0.3444 -0.5034
vn 0.7027 0.3874 -0.5968
vn 0.9912 0.1203 -0.0552
vn 0.7483 0.4238 -0.5104
vn 0.8990 0.4262 -0.1007
vn 0.7451 0.5828 -0.3244
vn 0.7625 0.4906 -0.4218
vn 0.8078 -0.1042 -0.5802
vn 0.8464 0.0272 -0.5318
vn 0.9871 0.1498 -0.0560
vn 0.8080 0.0778 -0.5841
vn 0.9234 -0.1755 -0.3413
vn 0.9200 0.0869 -0.3822
vn 0.9610 0.2491 0.1201
vn 0.8027 0.5962 -0.0172
vn 0.8713 0.4648 0.1574
vn 0.6404 0.7674 -0.0315
vn 0.7144 0.6269 0.3109
vn 0.6408 0.7639 -0.0765
vn 0.2763 0.9394 -0.2029
vn 0.4400 0.8795 0.1814
vn 0.9521 0.2947 0.0813
vn 0.8606 0.5085 -0.0278
vn 0.6000 0.5772 -0.5540
vn 0.4078 0.8341 -0.3716
vn 0.7281 0.6770 0.1076
vn 0.8520 0.2924 -0.4344
vn 0.7256 0.6619 -0.1881
vn 0.7267 0.3408 -0.5964
vn 0.8432 0.4474 -0.2980
vn 0.6399 0.4494 -0.6234
vn 0.7690 0.4996 -0.3987
vn 0.7200 0.4523 -0.5263
vn 0.9475 0.2904 -0.1334
vn 0.8733 0.1731 -0.4554
vn 0.6579 0.6482 0.3834
vn 0.7965 0.5966 -0.0980
vn 0.8148 0.5675 -0.1181
vn 0.6432 0.6959 0.3193
vn 0.6821 0.6936 -0.2316
vn 0.7412 0.4643 -0.4849
vn 0.6821 0.4795 -0.5521
vn 0.3388 0.8734 -0.3497
vn 0.4062 0.8992 -0.1627
vn 0.6632 0.7478 0.0302
vn 0.7791 0.6032 0.1709
vn 0.8446 0.5227 0.1161
vn 0.6757 0.7338 -0.0710
vn 0.8434 0.4155 -0.3406
vn 0.9488 0.3021 -0.0925
vn 0.6877 0.3211 -0.6512
vn 0.8414 0.5389 -0.0401
vn 0.3011 0.9178 -0.2588
vn 0.5698 0.8212 0.0317
vn 0.5813 -0.4277 -0.6922
vn 0.2437 0.1967 -0.9497
vn 0.8030 -0.5600 -0.2037
vn 0.3790 -0.0811 -0.9218
vn 0.7028 0.0868 -0.7061
vn 0.8493 -0.2727 -0.4521
vn 0.9859 0.1525 -0.0691
vn 0.9714 0.2323 0.0493
vn 0.9488 0.2432 -0.2016
vn 0.9100 -0.0569 0.4106
vn 0.9674 0.0873 -0.2379
vn 0.9737 -0.1008 0.2044
vn 0.5345 0.4109 -0.7386
vn 0.6326 0.4053 -0.6599
vn 0.6562 0.4254 -0.6232
vn 0.7933 0.5865 0.1634
vn 0.7628 0.6387 -0.1005
vn 0.6738 0.6238 0.3961
vn 0.1562 0.3334 -0.9297
vn 0.6532 0.3601 -0.6660
vn 0.3297 0.5177 -0.7895
vn 0.2512 0.3084 -0.9175
vn 0.3493 0.4405 -0.8270
vn 0.6182 0.4075 -0.6721
vn 0.6784 0.3488 -0.6466
vn 0.9224 0.2941 -0.2502
vn 0.9433 0.2567 0.2103
vn 0.9594 0.2821 -0.0037
vn 0.4971 0.8577 0.1314
vn 0.5674 0.6781 -0.4671
vn 0.5459 0.6755 -0.4957
vn 0.2558 0.6256 -0.7370
vn 0.3635 0.9011 -0.2362
vn 0.4049 0.4480 -0.7971
vn 0.2888 0.4443 -0.8481
vn 0.3325 0.3224 -0.8863
vn 0.8020 0.5727 0.1694
vn 0.8214 0.5319 -0.2057
vn 0.6238 0.6145 0.4830
vn 0.5488 0.7222 -0.4211
vn 0.5386 0.7974 0.2721
vn 0.9468 0.2375 0.2173
vn 0.9329 0.2918 0.2111
vn 0.9669 0.0923 -0.2381
vn 0.9628 0.2244 -0.1506
vn 0.8577 0.3930 -0.3315
vn 0.9163 0.3881 0.0989
vn 0.9265 0.3575 0.1175
vn 0.8366 0.5323 -0.1295
vn 0.6130 0.5200 -0.5948
vn 0.8704 0.3310 -0.3646
vn 0.9784 0.2064 0.0129
vn 0.9221 0.1484 -0.3574
vn 0.5531 0.3879 -0.7373
vn 0.7174 0.5042 -0.4808
vn 0.8000 0.5536 -0.2314
vn 0.8841 0.4663 -0.0288
vn 0.6804 0.6845 -0.2618
vn 0.3719 0.7048 -0.6041
vn -0.6908 -0.3904 0.6086
vn -0.7866 -0.3467 0.5109
vn -0.7751 -0.2533 0.5788
vn -0.7546 -0.4865 0.4403
vn -0.6264 -0.4465 0.6390
vn -0.6282 -0.5863 0.5116
vn -0.2912 -0.4921 0.8204
vn -0.4169 -0.3654 0.8323
vn -0.5681 -0.3813 -0.7293
vn -0.8071 -0.4927 -0.3254
vn -0.9013 -0.2873 -0.3244
vn -0.9115 -0.2817 -0.2996
vn -0.6794 -0.2778 -0.6791
vn -0.6394 -0.2684 -0.7205
vn -0.7602 -0.3798 0.5271
vn -0.7288 -0.6847 -0.0062
vn -0.8740 -0.4595 -0.1579
vn -0.7770 -0.5815 0.2412
vn -0.9039 -0.4277 0.0015
vn -0.6777 -0.6751 0.2916
vn -0.4936 -0.4254 0.7585
vn -0.6552 -0.3740 0.6564
vn -0.7692 -0.5836 -0.2605
vn -0.8672 -0.4405 -0.2323
vn -0.8101 -0.3114 -0.4968
vn -0.8554 -0.2232 -0.4675
vn -0.9301 -0.2799 -0.2377
vn -0.7705 -0.4158 -0.4832
vn -0.8580 -0.5135 -0.0083
vn -0.7983 -0.5150 0.3123
vn -0.8858 -0.4473 0.1236
vn -0.8739 -0.3326 -0.3545
vn -0.9533 -0.2997 -0.0384
vn -0.7279 -0.4567 0.5114
vn -0.6467 -0.4506 0.6154
vn -0.7645 -0.3915 0.5122
vn -0.9325 -0.2007 0.3001
vn -0.8704 -0.4490 0.2021
vn -0.8105 -0.5320 0.2451
vn -0.7599 -0.4382 0.4801
vn -0.9700 -0.0475 0.2385
vn -0.6582 -0.2685 0.7033
vn -0.9847 0.1473 0.0933
vn -0.8410 -0.5186 -0.1541
vn -0.7458 -0.6659 -0.0161
vn -0.7441 -0.6651 -0.0631
vn -0.8835 -0.4672 -0.0335
vn -0.8450 -0.5179 -0.1335
vn -0.7995 -0.5781 -0.1628
vn -0.9489 -0.3014 0.0934
vn -0.7958 -0.3769 0.4739
vn -0.4489 -0.2953 0.8434
vn -0.6518 -0.3081 0.6930
vn -0.8747 -0.3315 0.3535
vn -0.8035 -0.4204 -0.4214
vn -0.6895 -0.7000 -0.1861
vn -0.1713 -0.2297 0.9581
vn -0.2141 -0.3938 0.8939
vn 0.0130 -0.1928 0.9811
vn 0.0719 -0.2612 0.9626
vn 0.0169 -0.3312 0.9434
vn -0.1737 -0.1285 0.9764
vn -0.9452 -0.2455 0.2152
vn -0.9705 -0.2367 -0.0465
vn -0.9440 -0.1795 0.2767
vn -0.9042 -0.1279 0.4074
vn -0.6267 -0.2055 0.7517
vn -0.6798 -0.1743 0.7124
vn -0.5348 -0.3994 0.7446
vn -0.6345 -0.4027 0.6597
vn -0.6588 -0.4261 0.6200
vn -0.3329 -0.5384 0.7742
vn -0.5190 -0.4689 0.7147
vn -0.6920 -0.5994 0.4023
vn 0.1137 -0.3656 0.9238
vn -0.0774 -0.3346 0.9392
vn -0.2543 -0.3146 0.9145
vn -0.1830 -0.4893 0.8527
vn -0.3411 -0.4303 0.8357
vn 0.0812 -0.4899 0.8680
vn -0.5812 -0.2347 0.7791
vn -0.6159 -0.1813 0.7667
vn -0.8818 -0.2653 0.3899
vn -0.6774 -0.3355 0.6547
vn -0.9564 -0.2918 0.0082
vn -0.6799 -0.4101 0.6078
vn -0.8893 -0.2222 0.3997
vn -0.6485 -0.5460 0.5304
vn -0.5049 -0.4089 0.7602
vn -0.5541 -0.5893 0.5880
vn -0.8696 -0.2483 0.4269
vn -0.6852 -0.1775 0.7064
vn -0.3953 -0.2913 0.8711
vn -0.0350 -0.5588 0.8286
vn -0.3651 -0.6294 0.6860
vn -0.4161 -0.5046 0.7565
vn -0.1422 -0.5005 0.8540
vn -0.8971 -0.2626 -0.3553
vn -0.6651 -0.3444 -0.6626
vn -0.8906 -0.3189 -0.3243
vn -0.6668 -0.4450 -0.5978
vn -0.8779 -0.4177 -0.2342
vn -0.6951 -0.5460 -0.4677
vn -0.8300 -0.5555 -0.0501
vn -0.9232 -0.3615 -0.1303
vn -0.9649 -0.2123 -0.1549
vn -0.8539 -0.2509 -0.4560
vn -0.5395 -0.3752 0.7538
vn -0.8119 -0.5409 0.2197
vn -0.7447 -0.5090 0.4318
vn -0.8859 -0.4629 0.0287
vn -0.7583 -0.6501 0.0480
vn -0.7311 -0.6037 -0.3178
vn -0.7854 -0.5636 -0.2559
vn 0.0921 0.4957 0.8636
vn -0.6925 0.5082 -0.5120
vn 0.1915 0.3162 0.9292
vn 0.3907 0.2471 0.8867
vn 0.4637 0.3776 0.8015
vn 0.4012 -0.1581 -0.9023
vn 0.1680 -0.0919 -0.9815
vn -0.6541 0.6401 -0.4032
vn -0.5492 0.8073 0.2161
vn -0.3074 0.5573 0.7713
vn -0.2356 0.9585 0.1603
vn 0.5336 0.8265 0.1790
vn -0.4270 0.8697 0.2477
vn -0.1803 -0.0191 -0.9834
vn -0.4576 0.2325 -0.8582
vn -0.0137 0.3205 0.9471
vn 0.2587 0.0619 0.9640
vn -0.3501 0.6164 0.7053
vn -0.1916 0.3315 0.9238
vn -0.6539 0.5259 -0.5439
vn -0.7353 0.5830 -0.3455
vn -0.5305 0.1657 -0.8313
vn 0.4696 -0.1433 0.8712
vn 0.6393 -0.1131 0.7606
vn 0.1105 0.1871 0.9761
vn 0.3735 0.0767 0.9245
vn -0.0665 -0.1072 -0.9920
vn -0.0008 -0.0671 -0.9977
vn -0.0359 0.0394 -0.9986
vn -0.8668 -0.1926 -0.4600
vn 0.8990 0.0291 0.4369
vn 0.9497 -0.0633 0.3066
vn 0.5134 -0.6342 0.5781
vn 0.3568 -0.9333 0.0413
vn 0.0933 -0.9913 0.0924
vn 0.6300 0.0733 0.7731
vn 0.6481 -0.1527 0.7461
vn -0.2353 0.2395 -0.9420
vn -0.3917 0.4310 -0.8129
vn 0.6759 -0.3165 0.6656
vn 0.1080 -0.8506 -0.5146
vn 0.1541 -0.4464 -0.8815
vn 0.3609 -0.3085 0.8801
vn 0.2544 -0.2461 0.9353
vn -0.5218 0.5362 -0.6635
vn -0.0343 -0.2089 -0.9773
vn 0.2906 -0.1068 0.9509
vn -0.1999 -0.0505 -0.9785
vn -0.7820 0.6163 -0.0928
vn -0.3639 0.6496 0.6675
vn 0.0131 -0.2734 -0.9618
vn 0.2495 -0.2846 -0.9256
vn 0.3359 0.0989 0.9367
vn -0.0883 0.1675 0.9819
vn -0.1461 -0.0320 0.9887
vn -0.1548 -0.9875 -0.0293
vn -0.0821 -0.9804 0.1793
vn -0.3466 -0.9192 0.1867
vn 0.3489 0.3098 0.8845
vn -0.0243 0.3669 0.9300
vn -0.0060 -0.9258 0.3780
vn -0.3021 -0.8543 0.4230
vn 0.3453 0.5068 0.7899
vn 0.0441 0.5575 0.8290
vn 0.0700 -0.8272 0.5575
vn -0.2939 -0.7327 0.6138
vn 0.3251 0.6803 0.6569
vn 0.1133 0.7268 0.6774
vn 0.1425 -0.6897 0.7100
vn -0.2721 -0.5819 0.7664
vn 0.2889 0.8218 0.4910
vn 0.1637 0.8702 0.4647
vn 0.2081 -0.5199 0.8285
vn -0.2390 -0.4109 0.8798
vn 0.2294 0.9354 0.2690
vn 0.2637 -0.3258 0.9079
vn -0.1967 -0.2261 0.9540
vn 0.3070 -0.1163 0.9446
vn -0.3892 -0.9211 0.0114
vn -0.2294 -0.9354 -0.2690
vn -0.5924 -0.7971 0.1173
vn 0.0785 0.9164 0.3926
vn -0.5358 -0.8443 -0.0076
vn 0.0069 0.9308 0.3654
vn -0.6130 -0.7880 -0.0581
vn -0.7297 -0.6820 0.0499
vn -0.0091 0.9506 0.3102
vn -0.6353 -0.7604 -0.1349
vn -0.7692 -0.6331 -0.0863
vn -0.0494 0.9729 0.2259
vn -0.6028 -0.7617 -0.2378
vn -0.7482 -0.6033 -0.2761
vn -0.5935 0.8035 0.0460
vn -0.3694 0.9208 0.1255
vn -0.2849 0.9585 0.0137
vn -0.9734 -0.0047 -0.2289
vn -0.8686 -0.0182 -0.4952
vn -0.8420 -0.2081 -0.4977
vn -0.0640 0.9875 0.1441
vn -0.9705 0.1429 -0.1942
vn -0.8658 0.1615 -0.4737
vn -0.9476 0.2778 -0.1578
vn -0.8376 0.3305 -0.4350
vn -0.9057 0.4070 -0.1183
vn -0.7855 0.4888 -0.3796
vn -0.4988 -0.7857 -0.3658
vn -0.8407 0.5365 -0.0733
vn -0.7083 0.6356 -0.3072
vn -0.6680 -0.6035 -0.4355
vn -0.7426 0.6694 -0.0197
vn -0.6027 0.7679 -0.2170
vn -0.8816 -0.3711 -0.2917
vn -0.7786 -0.4057 -0.4787
vn -0.4635 0.8793 -0.1092
vn -0.9493 -0.1735 -0.2621
vn -0.3359 -0.0989 -0.9367
vn -0.3489 -0.3098 -0.8845
vn 0.1548 0.9875 0.0293
vn -0.3070 0.1163 -0.9446
vn -0.2637 0.3258 -0.9079
vn -0.2081 0.5199 -0.8285
vn -0.2889 -0.8218 -0.4910
vn -0.1425 0.6897 -0.7100
vn -0.3251 -0.6803 -0.6569
vn -0.0700 0.8272 -0.5575
vn -0.3453 -0.5068 -0.7899
vn 0.0060 0.9258 -0.3780
vn 0.0822 0.9804 -0.1793
vn 0.3892 0.9211 -0.0114
vn 0.4702 0.8478 -0.2454
vn 0.4104 -0.0256 -0.9115
vn 0.4560 0.1409 -0.8788
vn 0.4907 0.3018 -0.8174
vn -0.0456 -0.8522 -0.5213
vn 0.5137 0.4565 -0.7264
vn 0.0872 -0.7142 -0.6945
vn 0.5223 0.6030 -0.6030
vn 0.1956 -0.5485 -0.8130
vn 0.5107 0.7365 -0.4435
vn 0.2829 -0.3730 -0.8836
vn 0.3534 -0.1973 -0.9144
vn 0.5359 0.8443 0.0076
vn 0.7829 -0.0131 -0.6220
vn 0.8054 0.1028 -0.5837
vn 0.1163 -0.8670 -0.4845
vn 0.8162 0.2251 -0.5322
vn 0.3580 -0.7100 -0.6063
vn 0.8111 0.3604 -0.4606
vn 0.5211 -0.5404 -0.6606
vn 0.7797 0.5141 -0.3573
vn 0.6279 -0.3866 -0.6754
vn 0.6999 0.6841 -0.2055
vn 0.6994 -0.2513 -0.6692
vn 0.7486 -0.1290 -0.6504
vn 0.9038 -0.1021 -0.4156
vn 0.9226 -0.0051 -0.3856
vn 0.2032 -0.8833 -0.4225
vn 0.9320 0.1002 -0.3484
vn 0.4980 -0.7192 -0.4846
vn 0.9279 0.2232 -0.2986
vn 0.6707 -0.5536 -0.4936
vn 0.8986 0.3758 -0.2264
vn 0.7714 -0.4153 -0.4822
vn 0.8140 0.5695 -0.1140
vn 0.8339 -0.2998 -0.4634
vn 0.6130 0.7880 0.0581
vn 0.8753 -0.1980 -0.4411
vn 0.9781 -0.0736 -0.1948
vn 0.9595 -0.1710 -0.2237
vn 0.2255 -0.9108 -0.3457
vn 0.9864 0.0330 -0.1611
vn 0.5372 -0.7676 -0.3496
vn 0.9802 0.1586 -0.1187
vn 0.7187 -0.6128 -0.3285
vn 0.9466 0.3165 -0.0613
vn 0.8236 -0.4799 -0.3023
vn 0.8532 0.5211 0.0210
vn 0.8883 -0.3670 -0.2761
vn 0.6353 0.7604 0.1349
vn 0.9308 -0.2665 -0.2502
vn 0.9906 -0.1259 0.0537
vn 0.1832 -0.9496 -0.2543
vn 0.9962 0.0028 0.0875
vn 0.4766 -0.8565 -0.1982
vn 0.9808 0.1508 0.1235
vn 0.6721 -0.7269 -0.1408
vn 0.9307 0.3276 0.1625
vn 0.7976 -0.5962 -0.0913
vn 0.8185 0.5376 0.2027
vn 0.8794 -0.4736 -0.0495
vn 0.6027 0.7617 0.2379
vn 0.9338 -0.3577 -0.0129
vn 0.9696 -0.2437 0.0208
vn 0.8686 0.0182 0.4952
vn 0.2850 -0.9584 -0.0137
vn 0.0640 -0.9875 -0.1441
vn 0.8420 0.2081 0.4977
vn 0.4635 -0.8793 0.1092
vn 0.7786 0.4057 0.4787
vn 0.6027 -0.7679 0.2170
vn 0.6679 0.6035 0.4355
vn 0.7083 -0.6356 0.3072
vn 0.4988 0.7857 0.3659
vn 0.7855 -0.4888 0.3796
vn 0.8376 -0.3305 0.4350
vn 0.8658 -0.1615 0.4737
vn 0.4068 0.7810 -0.4738
vn 0.5319 0.6015 -0.5961
vn 0.2675 0.4967 -0.8257
vn -0.6748 0.3860 0.6290
vn -0.0611 0.4379 0.8969
vn -0.0359 0.6274 0.7779
vn 0.5221 0.6024 0.6037
vn 0.7193 0.6947 0.0076
vn 0.5337 0.8456 0.0056
vn 0.2326 0.6876 -0.6878
vn -0.0401 0.4321 -0.9009
vn -0.6495 0.3881 -0.6539
vn -0.5511 0.5971 -0.5829
vn -0.9426 0.3338 -0.0115
vn 0.2704 0.4986 0.8236
vn 0.4009 0.7822 0.4770
vn -0.5737 0.5979 0.5598
vn 0.2330 0.6924 0.6828
vn 0.4086 0.8252 -0.3900
vn 0.4601 0.8879 0.0004
vn -0.5658 0.6670 -0.4847
vn -0.8507 0.5256 -0.0110
vn -0.6043 0.6442 0.4690
vn -0.1247 0.6541 -0.7461
vn -0.0178 0.6153 -0.7881
vn -0.1542 0.6214 0.7682
vn 0.4220 0.8174 0.3922
vn 0.2602 0.6664 0.6987
vn 0.2502 0.6915 -0.6777
vn -0.9604 -0.2785 -0.0121
vn -0.6619 -0.2278 -0.7142
vn -0.3130 -0.8736 -0.3726
vn -0.0085 -0.8680 -0.4964
vn -0.0283 -0.1433 -0.9893
vn 0.2948 -0.0736 -0.9527
vn -0.0468 -0.1504 0.9875
vn -0.6901 -0.2303 0.6861
vn -0.3306 -0.8755 0.3525
vn 0.3002 -0.0773 0.9507
vn -0.0157 -0.8699 0.4930
vn 0.5855 -0.8107 0.0062
vn 0.9990 0.0445 0.0106
vn 0.6960 0.0342 0.7172
vn 0.7092 0.0346 -0.7041
vn 0.2075 -0.8336 0.5120
vn 0.2122 -0.8267 -0.5211
vn -0.0002 -1.0000 -0.0023
vn -0.4500 -0.8930 -0.0068
vn 0.3749 -0.8117 0.4478
vn 0.3837 -0.8115 -0.4407
vn 0.9045 0.4264 -0.0069
vn -0.6926 0.4581 -0.5572
vn -0.7952 0.6062 -0.0140
vn -0.8757 0.4828 -0.0060
vn -0.7315 0.3957 0.5552
vn 0.7338 0.2809 0.6186
vn 0.2607 0.1691 0.9505
vn 0.2650 0.3129 -0.9121
vn 0.7045 0.3860 -0.5955
vn -0.9252 -0.1457 -0.3503
vn -0.5336 -0.0710 -0.8428
vn -0.5468 -0.0136 -0.8372
vn 0.9611 0.1155 -0.2509
vn 0.9368 0.0803 0.3405
vn 0.9384 0.0466 0.3424
vn 0.6453 0.0978 -0.7576
vn 0.9659 0.0806 -0.2462
vn 0.5634 0.0045 0.8262
vn -0.6306 -0.1236 0.7662
vn -0.6238 -0.1543 0.7662
vn -0.9511 -0.1746 0.2549
vn 0.0807 0.0265 -0.9964
vn 0.0701 0.0397 -0.9968
vn 0.5639 -0.0137 0.8257
vn -0.0431 -0.0860 0.9954
vn -0.0494 -0.0834 0.9953
vn 0.6492 0.0791 -0.7565
vn -0.9591 -0.1125 0.2597
vn -0.5413 -0.1060 -0.8341
vn -0.5134 -0.1332 -0.8477
vn 0.0716 0.0351 -0.9968
vn 0.0584 0.0347 -0.9977
vn 0.0858 0.0341 -0.9957
vn -0.5295 0.0315 -0.8477
vn 0.0514 -0.0168 -0.9985
vn -0.5638 0.0749 -0.8225
vn 0.0195 0.0178 -0.9997
vn 0.5256 -0.0113 0.8506
vn -0.0458 -0.1866 0.9814
vn -0.0463 -0.1466 0.9881
vn 0.5527 -0.0082 0.8333
vn 0.5693 -0.0651 0.8196
vn 0.6087 -0.1232 0.7838
vn -0.0484 -0.0871 0.9950
vn 0.5685 -0.1616 0.8067
vn -0.0012 -0.0393 0.9992
vn -0.5953 -0.3225 0.7360
vn -0.6082 -0.2526 0.7525
vn -0.6358 -0.0777 0.7679
vn -0.0235 -0.0460 0.9987
vn -0.6000 0.0610 0.7977
vn 0.6194 0.1561 -0.7694
vn 0.6130 0.1331 -0.7788
vn 0.6579 0.0194 -0.7529
vn 0.6347 -0.1030 -0.7658
vn 0.6160 -0.0836 -0.7833
vn -0.9133 -0.2248 -0.3397
vn -0.8849 -0.2861 -0.3676
vn -0.9347 0.0050 -0.3555
vn -0.9371 -0.0665 -0.3427
vn -0.9404 0.1352 -0.3121
vn -0.5778 0.1351 -0.8050
vn -0.9271 -0.2781 0.2512
vn -0.9079 -0.3576 0.2186
vn -0.9663 -0.0382 0.2546
vn -0.9459 0.1304 0.2970
vn -0.9301 0.2120 -0.3000
vn 0.9454 0.1962 -0.2604
vn 0.9156 0.1346 0.3790
vn 0.9380 0.1021 0.3313
vn 0.9456 0.1552 -0.2860
vn 0.9413 -0.0303 0.3362
vn 0.9690 -0.0014 -0.2471
vn 0.9454 -0.1615 0.2832
vn 0.9503 -0.1463 -0.2749
vn 0.9489 -0.1544 -0.2753
vn 0.9334 -0.1834 0.3084
vn -0.5959 0.1072 0.7959
vn -0.8238 -0.4643 -0.3253
vn -0.9013 -0.3432 0.2644
vn -0.6125 -0.1598 0.7742
vn 0.4466 0.2410 0.8617
vn 0.8312 0.3541 0.4285
vn 0.9300 0.3158 -0.1879
vn 0.2611 -0.2043 -0.9434
vn -0.3163 -0.4995 -0.8065
vn -0.3047 0.3516 -0.8852
vn -0.9313 0.2062 0.3004
vn -0.3278 0.2417 0.9133
vn -0.9318 -0.2207 0.2883
vn -0.7291 0.2226 0.6472
vn -0.0965 0.0495 0.9941
vn -0.2665 0.5597 0.7847
vn 0.2830 0.7036 0.6519
vn 0.7257 0.6248 0.2880
vn 0.9203 0.3251 -0.2175
vn 0.6852 0.1359 -0.7155
vn 0.7535 -0.1858 -0.6306
vn 0.3002 -0.7133 -0.6333
vn -0.7748 -0.6159 -0.1429
vn -0.2670 -0.8179 -0.5096
vn -0.9549 -0.2695 0.1245
vn -0.8570 0.3102 0.4116
vn -0.4031 0.7513 0.5225
vn 0.2014 0.8852 0.4194
vn 0.7340 0.6633 0.1459
vn 0.9707 0.1456 -0.1911
vn 0.8006 -0.4172 -0.4300
vn 0.3651 -0.7839 -0.5021
vn -0.6662 -0.7201 -0.1938
vn -0.1704 -0.8925 -0.4175
vn 0.2675 0.4967 0.8257
vn 0.5319 0.6015 0.5961
vn 0.4068 0.7810 0.4738
vn -0.6748 0.3860 -0.6290
vn -0.5737 0.5979 -0.5598
vn -0.0359 0.6274 -0.7779
vn 0.5221 0.6024 -0.6037
vn 0.4009 0.7822 -0.4770
vn 0.5337 0.8456 -0.0056
vn -0.0401 0.4321 0.9009
vn 0.2326 0.6876 0.6878
vn 0.7193 0.6947 -0.0076
vn -0.0178 0.6153 0.7881
vn -0.5511 0.5971 0.5829
vn -0.9426 0.3338 0.0115
vn -0.6495 0.3881 0.6539
vn 0.2704 0.4986 -0.8236
vn 0.2330 0.6924 -0.6828
vn -0.8507 0.5256 0.0110
vn -0.0611 0.4379 -0.8969
vn 0.4086 0.8252 0.3900
vn 0.4220 0.8174 -0.3922
vn 0.4601 0.8879 -0.0004
vn -0.5658 0.6670 0.4847
vn -0.7952 0.6062 0.0139
vn -0.6043 0.6442 -0.4690
vn -0.1247 0.6541 0.7461
vn -0.1542 0.6214 -0.7682
vn 0.2602 0.6664 -0.6987
vn 0.2502 0.6915 0.6777
vn -0.9604 -0.2785 0.0121
vn -0.4500 -0.8930 0.0068
vn -0.3130 -0.8736 0.3726
vn 0.2948 -0.0736 0.9527
vn -0.0283 -0.1433 0.9893
vn -0.0085 -0.8680 0.4964
vn -0.0468 -0.1504 -0.9875
vn -0.0157 -0.8699 -0.4930
vn -0.3306 -0.8755 -0.3525
vn -0.6901 -0.2303 -0.6861
vn -0.6619 -0.2278 0.7142
vn 0.3002 -0.0773 -0.9507
vn 0.2075 -0.8336 -0.5120
vn 0.6960 0.0342 -0.7172
vn 0.9990 0.0445 -0.0106
vn 0.5855 -0.8107 -0.0062
vn 0.7092 0.0346 0.7041
vn 0.3837 -0.8115 0.4407
vn 0.3749 -0.8117 -0.4478
vn 0.2122 -0.8267 0.5211
vn -0.0002 -1.0000 0.0023
vn 0.7338 0.2809 -0.6186
vn 0.9045 0.4264 0.0069
vn -0.6926 0.4581 0.5572
vn -0.8757 0.4828 0.0060
vn -0.3047 0.3516 0.8852
vn -0.7315 0.3957 -0.5552
vn 0.2607 0.1691 -0.9505
vn -0.3277 0.2417 -0.9133
vn 0.2650 0.3129 0.9121
vn 0.7045 0.3860 0.5955
vn -0.9252 -0.1457 0.3503
vn -0.9371 -0.0665 0.3427
vn -0.5468 -0.0136 0.8372
vn 0.9611 0.1155 0.2509
vn 0.9659 0.0806 0.2462
vn 0.9384 0.0466 -0.3424
vn 0.6453 0.0978 0.7576
vn 0.6492 0.0791 0.7565
vn 0.5634 0.0045 -0.8262
vn 0.9368 0.0803 -0.3405
vn -0.9511 -0.1746 -0.2549
vn -0.6238 -0.1543 -0.7662
vn -0.6306 -0.1236 -0.7662
vn -0.5336 -0.0710 0.8428
vn 0.0701 0.0397 0.9968
vn -0.0431 -0.0860 -0.9954
vn 0.5639 -0.0137 -0.8257
vn -0.0494 -0.0834 -0.9953
vn 0.0807 0.0265 0.9964
vn -0.9591 -0.1125 -0.2597
vn 0.0716 0.0351 0.9968
vn -0.5134 -0.1332 0.8477
vn -0.5413 -0.1060 0.8341
vn 0.0585 0.0347 0.9977
vn -0.5295 0.0315 0.8477
vn 0.0858 0.0341 0.9957
vn -0.5638 0.0749 0.8225
vn 0.0514 -0.0168 0.9985
vn -0.5778 0.1351 0.8050
vn 0.0195 0.0178 0.9997
vn 0.5256 -0.0113 -0.8506
vn 0.5527 -0.0082 -0.8333
vn -0.0463 -0.1466 -0.9881
vn 0.5693 -0.0651 -0.8196
vn -0.0484 -0.0871 -0.9950
vn 0.6087 -0.1232 -0.7838
vn -0.0012 -0.0393 -0.9992
vn 0.5685 -0.1616 -0.8067
vn -0.0458 -0.1866 -0.9814
vn -0.6082 -0.2526 -0.7525
vn -0.6358 -0.0777 -0.7679
vn -0.6000 0.0610 -0.7977
vn -0.0235 -0.0460 -0.9987
vn 0.6194 0.1561 0.7694
vn 0.6130 0.1331 0.7788
vn 0.6579 0.0194 0.7529
vn 0.6347 -0.1030 0.7658
vn 0.6160 -0.0836 0.7833
vn -0.8849 -0.2861 0.3676
vn -0.9133 -0.2248 0.3397
vn -0.9347 0.0051 0.3555
vn -0.9404 0.1352 0.3121
vn -0.9301 0.2120 0.3000
vn -0.9079 -0.3576 -0.2186
vn -0.9271 -0.2781 -0.2512
vn -0.9663 -0.0382 -0.2546
vn -0.9459 0.1304 -0.2970
vn -0.9313 0.2062 -0.3004
vn 0.9454 0.1962 0.2604
vn 0.9456 0.1552 0.2860
vn 0.9380 0.1021 -0.3313
vn 0.9690 -0.0014 0.2471
vn 0.9413 -0.0304 -0.3362
vn 0.9489 -0.1544 0.2753
vn 0.9454 -0.1615 -0.2832
vn 0.9503 -0.1463 0.2749
vn 0.9156 0.1346 -0.3790
vn 0.9334 -0.1834 -0.3084
vn -0.5953 -0.3225 -0.7360
vn -0.5959 0.1072 -0.7959
vn -0.8238 -0.4643 0.3253
vn -0.9013 -0.3432 -0.2644
vn -0.6125 -0.1598 -0.7742
vn -0.0965 0.0495 -0.9941
vn 0.4466 0.2410 -0.8617
vn 0.8312 0.3541 -0.4285
vn 0.9300 0.3158 0.1879
vn 0.6852 0.1359 0.7155
vn 0.2611 -0.2043 0.9434
vn -0.3163 -0.4995 0.8065
vn -0.9318 -0.2207 -0.2883
vn -0.7291 0.2226 -0.6472
vn -0.2665 0.5597 -0.7847
vn 0.2830 0.7036 -0.6519
vn 0.7257 0.6248 -0.2880
vn 0.9203 0.3251 0.2175
vn 0.7535 -0.1858 0.6306
vn -0.2670 -0.8179 0.5096
vn 0.3002 -0.7133 0.6333
vn -0.9549 -0.2695 -0.1245
vn -0.7748 -0.6159 0.1429
vn -0.8570 0.3102 -0.4116
vn -0.4031 0.7513 -0.5225
vn 0.2014 0.8852 -0.4194
vn 0.7340 0.6633 -0.1459
vn 0.9707 0.1456 0.1911
vn 0.8006 -0.4172 0.4300
vn -0.6662 -0.7201 0.1938
vn -0.1704 -0.8925 0.4176
vn -0.8031 0.5958 0.0004
vn 0.3651 -0.7839 0.5021
vt 0.066650 0.056392
vt 0.064229 0.055079
vt 0.062956 0.057963
vt 0.051068 0.075831
vt 0.053647 0.073971
vt 0.052481 0.073339
vt 0.067436 0.053311
vt 0.065335 0.052172
vt 0.056131 0.071987
vt 0.054455 0.071078
vt 0.067960 0.050176
vt 0.066285 0.049267
vt 0.058473 0.069837
vt 0.056372 0.068698
vt 0.068268 0.047011
vt 0.067102 0.046379
vt 0.060626 0.067498
vt 0.058205 0.066185
vt 0.068421 0.043836
vt 0.067823 0.043511
vt 0.062549 0.064966
vt 0.059929 0.063545
vt 0.068492 0.040657
vt 0.064207 0.062253
vt 0.061519 0.060796
vt 0.065576 0.059384
vt 0.050470 0.075507
vt 0.048443 0.077624
vt 0.067349 0.042629
vt 0.067088 0.041360
vt 0.067088 0.039954
vt 0.067349 0.038686
vt 0.067823 0.037803
vt 0.058205 0.015130
vt 0.060626 0.013816
vt 0.058473 0.011477
vt 0.067102 0.034936
vt 0.068421 0.037479
vt 0.059929 0.017769
vt 0.062549 0.016348
vt 0.061519 0.020519
vt 0.064207 0.019061
vt 0.062956 0.023351
vt 0.065576 0.021930
vt 0.050470 0.005808
vt 0.051068 0.005484
vt 0.048443 0.003691
vt 0.064229 0.026236
vt 0.066650 0.024923
vt 0.052481 0.007976
vt 0.053647 0.007344
vt 0.065335 0.029143
vt 0.067436 0.028003
vt 0.054455 0.010236
vt 0.056131 0.009327
vt 0.066285 0.032048
vt 0.067960 0.031139
vt 0.056372 0.012617
vt 0.068268 0.034303
vt 0.059317 0.104610
vt 0.058688 0.104225
vt 0.057548 0.107114
vt 0.038024 0.117909
vt 0.041563 0.118719
vt 0.041618 0.115529
vt 0.059360 0.101181
vt 0.045124 0.118719
vt 0.044805 0.115527
vt 0.048615 0.118015
vt 0.047930 0.114898
vt 0.028421 0.107706
vt 0.028960 0.107204
vt 0.027697 0.104355
vt 0.051925 0.116521
vt 0.050896 0.113707
vt 0.029771 0.110966
vt 0.030652 0.109807
vt 0.054833 0.114272
vt 0.053570 0.111966
vt 0.031911 0.113910
vt 0.032862 0.112033
vt 0.057128 0.111388
vt 0.055822 0.109735
vt 0.034730 0.116281
vt 0.035511 0.113772
vt 0.058641 0.108074
vt 0.038475 0.114948
vt 0.058198 0.103306
vt 0.044367 0.111147
vt 0.047352 0.110640
vt 0.029258 0.106207
vt 0.050185 0.109764
vt 0.031026 0.107842
vt 0.052760 0.108544
vt 0.033147 0.109209
vt 0.054982 0.107023
vt 0.035626 0.110258
vt 0.056790 0.105261
vt 0.038391 0.110943
vt 0.041341 0.111240
vt 0.043823 0.105693
vt 0.046747 0.105328
vt 0.029307 0.104898
vt 0.049544 0.104841
vt 0.031020 0.105359
vt 0.052116 0.104245
vt 0.033048 0.105704
vt 0.054384 0.103566
vt 0.035402 0.105919
vt 0.056303 0.102825
vt 0.038041 0.105990
vt 0.057890 0.102033
vt 0.040882 0.105912
vt 0.046173 0.099621
vt 0.029162 0.103502
vt 0.049015 0.099547
vt 0.030756 0.102714
vt 0.051655 0.099618
vt 0.032671 0.101971
vt 0.054011 0.099833
vt 0.034940 0.101291
vt 0.056036 0.100181
vt 0.037514 0.100695
vt 0.057754 0.100636
vt 0.040311 0.100204
vt 0.043234 0.099839
vt 0.045716 0.094294
vt 0.028856 0.102230
vt 0.048666 0.094592
vt 0.030265 0.100276
vt 0.051432 0.095277
vt 0.032074 0.098513
vt 0.053911 0.096326
vt 0.034296 0.096992
vt 0.056032 0.097694
vt 0.036871 0.095771
vt 0.057801 0.099329
vt 0.039704 0.094894
vt 0.042689 0.094387
vt 0.048582 0.090586
vt 0.029507 0.098422
vt 0.028366 0.101312
vt 0.051548 0.091762
vt 0.031233 0.095800
vt 0.054196 0.093502
vt 0.033485 0.093569
vt 0.056407 0.095728
vt 0.036160 0.091827
vt 0.058099 0.098332
vt 0.039126 0.090635
vt 0.042252 0.090006
vt 0.045439 0.090005
vt 0.028413 0.097462
vt 0.027737 0.100927
vt 0.052329 0.089253
vt 0.029927 0.094148
vt 0.055148 0.091625
vt 0.032222 0.091262
vt 0.057287 0.094570
vt 0.035130 0.089013
vt 0.058638 0.097830
vt 0.038441 0.087518
vt 0.041933 0.086814
vt 0.045494 0.086814
vt 0.049034 0.087624
vt 0.287546 0.337229
vt 0.246038 0.359621
vt 0.247273 0.334763
vt 0.127175 0.332061
vt 0.088827 0.359600
vt 0.087599 0.334743
vt 0.003833 0.662696
vt 0.051722 0.627447
vt 0.047317 0.664423
vt 0.207642 0.669584
vt 0.245981 0.642055
vt 0.247207 0.666905
vt 0.152060 0.024287
vt 0.144021 0.038724
vt 0.136861 0.028123
vt 0.122409 0.547278
vt 0.100253 0.591254
vt 0.078057 0.566052
vt 0.107479 0.500823
vt 0.078058 0.435587
vt 0.122442 0.454393
vt 0.212425 0.454394
vt 0.227349 0.500856
vt 0.167425 0.460603
vt 0.200740 0.584058
vt 0.167404 0.541068
vt 0.212381 0.547279
vt 0.146889 0.994228
vt 0.136769 0.973400
vt 0.151960 0.977236
vt 0.182760 0.977239
vt 0.167358 0.997697
vt 0.167360 0.978688
vt 0.179029 0.038083
vt 0.167469 0.022837
vt 0.182877 0.024290
vt 0.065884 0.809777
vt 0.087578 0.666885
vt 0.098867 0.803168
vt 0.047328 0.337199
vt 0.033000 0.183285
vt 0.065922 0.191803
vt 0.167435 0.330887
vt 0.128095 0.363224
vt 0.098915 0.198420
vt 0.132841 0.199488
vt 0.202060 0.199496
vt 0.167450 0.200026
vt 0.331044 0.338960
vt 0.283136 0.374214
vt 0.268982 0.191825
vt 0.235987 0.198435
vt 0.287466 0.664453
vt 0.301778 0.818316
vt 0.268869 0.809798
vt 0.167393 0.670757
vt 0.206724 0.638430
vt 0.235888 0.803183
vt 0.201975 0.802114
vt 0.132781 0.802106
vt 0.167378 0.801576
vt 0.167402 0.609584
vt 0.204249 0.609423
vt 0.062527 0.594157
vt 0.094280 0.611289
vt 0.088811 0.642033
vt 0.155805 0.963450
vt 0.167363 0.949538
vt 0.167361 0.963587
vt 0.143927 0.962806
vt 0.153484 0.950234
vt 0.127145 0.669574
vt 0.181241 0.950237
vt 0.190796 0.962810
vt 0.178917 0.963452
vt 0.310168 0.427410
vt 0.256787 0.435622
vt 0.272323 0.407513
vt 0.234555 0.591275
vt 0.240521 0.611311
vt 0.197952 0.973406
vt 0.220825 0.972837
vt 0.205784 0.985408
vt 0.207810 0.961353
vt 0.207935 0.040190
vt 0.190913 0.038729
vt 0.198075 0.028129
vt 0.220960 0.028704
vt 0.205915 0.016123
vt 0.301906 0.183312
vt 0.167427 0.392075
vt 0.134082 0.417607
vt 0.130571 0.392238
vt 0.234588 0.410412
vt 0.240565 0.390373
vt 0.207695 0.332071
vt 0.167466 0.052002
vt 0.167467 0.037947
vt 0.181351 0.051306
vt 0.153581 0.051303
vt 0.155905 0.038081
vt 0.024689 0.574270
vt 0.100260 0.410391
vt 0.094291 0.390351
vt 0.113976 0.028694
vt 0.129023 0.016116
vt 0.126998 0.040182
vt 0.126913 0.961345
vt 0.113895 0.972827
vt 0.128934 0.985400
vt 0.032972 0.818288
vt 0.167470 0.003817
vt 0.187951 0.007290
vt 0.187828 0.994232
vt 0.256755 0.566087
vt 0.282569 0.538588
vt 0.200761 0.417616
vt 0.167424 0.419678
vt 0.052245 0.538544
vt 0.167414 0.500837
vt 0.134074 0.584050
vt 0.146989 0.007286
vt 0.051729 0.374182
vt 0.003833 0.338920
vt 0.024687 0.427365
vt 0.062532 0.407479
vt 0.206767 0.363234
vt 0.204281 0.392248
vt 0.283070 0.627480
vt 0.330947 0.662736
vt 0.310112 0.574315
vt 0.272274 0.594191
vt 0.128071 0.638419
vt 0.130555 0.609412
vt 0.067876 0.901596
vt 0.091868 0.890550
vt 0.115816 0.120141
vt 0.091928 0.111004
vt 0.141471 0.121764
vt 0.167459 0.122547
vt 0.219102 0.120151
vt 0.193446 0.121769
vt 0.266994 0.099970
vt 0.242992 0.111019
vt 0.218991 0.881431
vt 0.242869 0.890565
vt 0.193346 0.879807
vt 0.167370 0.879025
vt 0.115748 0.881420
vt 0.141393 0.879802
vt 0.266858 0.901616
vt 0.067928 0.099950
vt 0.139184 0.951717
vt 0.139274 0.049817
vt 0.195658 0.049823
vt 0.195541 0.951723
vt 0.167398 0.638038
vt 0.326377 0.615002
vt 0.167430 0.363615
vt 0.008411 0.386669
vt 0.008413 0.614958
vt 0.326456 0.386713
vt 0.011853 0.183381
vt 0.013609 0.173893
vt 0.015565 0.183649
vt 0.008117 0.183310
vt 0.010442 0.173587
vt 0.007410 0.173382
vt 0.009445 0.168075
vt 0.011627 0.168861
vt 0.013157 0.166385
vt 0.007587 0.168523
vt 0.008525 0.164598
vt 0.005645 0.153198
vt 0.009323 0.150746
vt 0.008654 0.155248
vt 0.013111 0.153021
vt 0.011737 0.149916
vt 0.011760 0.091756
vt 0.013626 0.082180
vt 0.015335 0.091757
vt 0.008178 0.091391
vt 0.010456 0.082213
vt 0.007398 0.081650
vt 0.009320 0.075871
vt 0.011734 0.076699
vt 0.013106 0.073595
vt 0.005644 0.073418
vt 0.008650 0.071374
vt 0.008524 0.246570
vt 0.007586 0.242653
vt 0.009443 0.243098
vt 0.013152 0.244789
vt 0.011623 0.242315
vt 0.015563 0.227562
vt 0.017514 0.238013
vt 0.013605 0.237295
vt 0.019408 0.091015
vt 0.017201 0.080532
vt 0.004032 0.091029
vt 0.008116 0.227900
vt 0.003532 0.237943
vt 0.003976 0.227507
vt 0.005574 0.244619
vt 0.003585 0.080403
vt 0.007401 0.076359
vt 0.008180 0.135190
vt 0.004474 0.124430
vt 0.008666 0.124327
vt 0.003977 0.183703
vt 0.008698 0.194477
vt 0.004500 0.194657
vt 0.008807 0.205621
vt 0.004610 0.205621
vt 0.004486 0.113274
vt 0.008701 0.113274
vt 0.019744 0.183691
vt 0.016293 0.194597
vt 0.015338 0.134824
vt 0.020309 0.124470
vt 0.019412 0.135564
vt 0.016116 0.124202
vt 0.020548 0.113273
vt 0.020467 0.194656
vt 0.016370 0.205621
vt 0.012397 0.124205
vt 0.011762 0.134825
vt 0.012491 0.113274
vt 0.016280 0.113274
vt 0.012499 0.216749
vt 0.016292 0.216636
vt 0.011851 0.227830
vt 0.008696 0.216756
vt 0.012578 0.205621
vt 0.010439 0.237601
vt 0.007410 0.237806
vt 0.008665 0.102232
vt 0.004498 0.216575
vt 0.004473 0.102128
vt 0.020466 0.216578
vt 0.016114 0.102356
vt 0.020307 0.102087
vt 0.019741 0.227521
vt 0.012395 0.102354
vt 0.010459 0.144391
vt 0.013630 0.144423
vt 0.007399 0.144954
vt 0.017207 0.146069
vt 0.017519 0.173177
vt 0.007403 0.150256
vt 0.003585 0.146199
vt 0.003532 0.173246
vt 0.005574 0.166555
vt 0.004033 0.135551
vt 0.012500 0.194484
vt 0.958096 0.798565
vt 0.937370 0.789258
vt 0.953905 0.817470
vt 0.970566 0.810737
vt 0.966478 0.819868
vt 0.977358 0.826712
vt 0.974706 0.838235
vt 0.966636 0.840881
vt 0.905274 0.655384
vt 0.903786 0.673038
vt 0.907419 0.663490
vt 0.922232 0.647759
vt 0.909052 0.645750
vt 0.900087 0.699420
vt 0.909310 0.677673
vt 0.951425 0.949871
vt 0.938972 0.941737
vt 0.947445 0.967015
vt 0.958841 0.960114
vt 0.953746 0.968114
vt 0.953482 0.983774
vt 0.959684 0.978946
vt 0.923726 0.931977
vt 0.924109 0.943469
vt 0.920036 0.944969
vt 0.927267 0.958026
vt 0.930796 0.951789
vt 0.915228 0.931267
vt 0.906777 0.823600
vt 0.908150 0.851374
vt 0.915612 0.848883
vt 0.927424 0.830508
vt 0.917269 0.825791
vt 0.925086 0.850769
vt 0.917625 0.874607
vt 0.909441 0.877359
vt 0.983429 0.872961
vt 0.975927 0.859958
vt 0.970635 0.871581
vt 0.977251 0.882075
vt 0.967168 0.882827
vt 0.961164 0.854817
vt 0.957211 0.882562
vt 0.885937 0.813379
vt 0.894030 0.820645
vt 0.896440 0.806614
vt 0.905290 0.796557
vt 0.898089 0.783554
vt 0.891271 0.799483
vt 0.948081 0.917351
vt 0.935825 0.907954
vt 0.941123 0.881736
vt 0.956907 0.926963
vt 0.940553 0.974505
vt 0.939629 0.964672
vt 0.937876 0.639689
vt 0.951553 0.655052
vt 0.948055 0.644173
vt 0.949152 0.647629
vt 0.965733 0.659211
vt 0.956907 0.650754
vt 0.943230 0.739279
vt 0.924787 0.733805
vt 0.932338 0.762470
vt 0.954651 0.755033
vt 0.949427 0.771777
vt 0.962166 0.786836
vt 0.941603 0.848213
vt 0.946501 0.830135
vt 0.931467 0.809870
vt 0.982536 0.842904
vt 0.979668 0.852811
vt 0.985338 0.859672
vt 0.963678 0.670236
vt 0.974836 0.670495
vt 0.976921 0.685250
vt 0.951140 0.675377
vt 0.970690 0.691771
vt 0.948227 0.714694
vt 0.936824 0.689435
vt 0.937760 0.706954
vt 0.948978 0.728079
vt 0.923741 0.693879
vt 0.982557 0.719121
vt 0.979719 0.705946
vt 0.977060 0.712179
vt 0.971017 0.719842
vt 0.977707 0.722123
vt 0.969457 0.705258
vt 0.958439 0.715159
vt 0.951685 0.694531
vt 0.986163 0.696307
vt 0.982431 0.683493
vt 0.987978 0.706065
vt 0.983393 0.699594
vt 0.986415 0.712290
vt 0.907011 0.707994
vt 0.903104 0.739249
vt 0.895034 0.727189
vt 0.888726 0.750602
vt 0.883378 0.768590
vt 0.895052 0.763365
vt 0.910034 0.763164
vt 0.888517 0.780901
vt 0.880250 0.784878
vt 0.928496 0.875391
vt 0.921878 0.905574
vt 0.911982 0.906868
vt 0.935266 0.858614
vt 0.921727 0.807691
vt 0.920185 0.796156
vt 0.918783 0.777318
vt 0.886222 0.793762
vt 0.880920 0.800960
vt 0.883221 0.171699
vt 0.903513 0.142441
vt 0.879200 0.149930
vt 0.872382 0.198832
vt 0.868322 0.175286
vt 0.863195 0.197812
vt 0.854325 0.185204
vt 0.860048 0.164328
vt 0.933429 0.019234
vt 0.926451 0.013275
vt 0.930496 0.025418
vt 0.930800 0.037654
vt 0.943999 0.056582
vt 0.937967 0.033702
vt 0.917190 0.016064
vt 0.920240 0.321613
vt 0.924152 0.293816
vt 0.912093 0.305487
vt 0.919735 0.333769
vt 0.914828 0.324275
vt 0.907189 0.317250
vt 0.913947 0.333290
vt 0.935838 0.303773
vt 0.943574 0.292288
vt 0.950634 0.292590
vt 0.949944 0.274487
vt 0.938918 0.278251
vt 0.942184 0.308813
vt 0.929775 0.178139
vt 0.920351 0.180116
vt 0.922471 0.200373
vt 0.930241 0.201878
vt 0.925027 0.222698
vt 0.914450 0.203084
vt 0.911037 0.184583
vt 0.862693 0.229465
vt 0.866663 0.237699
vt 0.872824 0.229609
vt 0.866987 0.218903
vt 0.880286 0.212041
vt 0.875943 0.242017
vt 0.887604 0.239479
vt 0.870024 0.243012
vt 0.951200 0.173881
vt 0.949179 0.160710
vt 0.942074 0.166347
vt 0.941603 0.178040
vt 0.945306 0.142285
vt 0.935336 0.154437
vt 0.917966 0.257899
vt 0.908666 0.270660
vt 0.900179 0.282233
vt 0.905366 0.234510
vt 0.915603 0.225723
vt 0.929040 0.325599
vt 0.927718 0.318218
vt 0.890746 0.016454
vt 0.905290 0.005433
vt 0.881083 0.010037
vt 0.869180 0.019613
vt 0.892226 0.005914
vt 0.894525 0.009045
vt 0.912327 0.116248
vt 0.921282 0.089242
vt 0.904535 0.094097
vt 0.894027 0.123068
vt 0.876058 0.138192
vt 0.892597 0.109132
vt 0.898601 0.202692
vt 0.891971 0.184993
vt 0.907623 0.164231
vt 0.855556 0.203555
vt 0.858950 0.219038
vt 0.862145 0.212968
vt 0.859032 0.035661
vt 0.876372 0.033866
vt 0.891243 0.038468
vt 0.864345 0.054807
vt 0.873917 0.060226
vt 0.853668 0.054052
vt 0.897996 0.074796
vt 0.899667 0.086080
vt 0.908338 0.066221
vt 0.906648 0.050524
vt 0.919330 0.053190
vt 0.868656 0.090106
vt 0.873435 0.092901
vt 0.873695 0.083735
vt 0.879395 0.074020
vt 0.869253 0.078163
vt 0.879925 0.089098
vt 0.889709 0.079279
vt 0.893537 0.058092
vt 0.855097 0.069742
vt 0.862400 0.073030
vt 0.863234 0.084665
vt 0.858083 0.079108
vt 0.935855 0.064135
vt 0.953283 0.082228
vt 0.943100 0.094226
vt 0.962279 0.106797
vt 0.951578 0.120409
vt 0.966303 0.127803
vt 0.956554 0.141119
vt 0.934984 0.118965
vt 0.930549 0.251236
vt 0.934652 0.223886
vt 0.942316 0.249978
vt 0.906361 0.211695
vt 0.920149 0.151539
vt 0.917472 0.162875
vt 0.924300 0.132654
vt 0.956217 0.156002
vt 0.965280 0.146572
vt 0.959726 0.163260
vt 0.952342 0.724001
vt 0.959371 0.724166
vt 0.886089 0.088290
vt 0.891778 0.084789
vt 0.964004 0.965444
vt 0.961062 0.932255
vt 0.961140 0.899189
vt 0.881803 0.257168
vt 0.893116 0.287456
vt 0.902571 0.321020
vt 0.884669 0.753972
vt 0.878953 0.770782
vt 0.974866 0.130215
vt 0.973063 0.111576
vt 0.969940 0.728032
vt 0.977052 0.729697
vt 0.983514 0.727567
vt 0.866684 0.094156
vt 0.871928 0.097276
vt 0.878225 0.095684
vt 0.966427 0.889699
vt 0.972129 0.885948
vt 0.869634 0.246943
vt 0.875350 0.249308
vt 0.875130 0.788038
vt 0.876302 0.806679
vt 0.963448 0.165740
vt 0.971022 0.148320
vt 0.988886 0.720031
vt 0.990848 0.709121
vt 0.860782 0.087942
vt 0.973634 0.890151
vt 0.981894 0.887917
vt 0.989127 0.879367
vt 0.859803 0.232985
vt 0.864324 0.241520
vt 0.882646 0.821828
vt 0.891674 0.830067
vt 0.935675 0.188033
vt 0.943424 0.182724
vt 0.953628 0.177813
vt 0.989246 0.696875
vt 0.984615 0.683682
vt 0.849039 0.067941
vt 0.854837 0.079317
vt 0.990848 0.864291
vt 0.987517 0.846288
vt 0.849617 0.205173
vt 0.854867 0.221107
vt 0.904954 0.877345
vt 0.907692 0.906036
vt 0.910954 0.930905
vt 0.949867 0.250528
vt 0.941618 0.225106
vt 0.976677 0.671356
vt 0.968103 0.660211
vt 0.857553 0.020262
vt 0.848664 0.035901
vt 0.845879 0.053207
vt 0.946485 0.641655
vt 0.930403 0.633793
vt 0.919096 0.004518
vt 0.905803 0.003053
vt 0.888853 0.004944
vt 0.981838 0.829689
vt 0.975686 0.814092
vt 0.849905 0.170080
vt 0.845879 0.188251
vt 0.916272 0.947489
vt 0.947371 0.309722
vt 0.956659 0.292479
vt 0.957105 0.274107
vt 0.958535 0.650370
vt 0.871690 0.010137
vt 0.916212 0.629913
vt 0.908497 0.635339
vt 0.903414 0.651517
vt 0.936912 0.017732
vt 0.927217 0.008006
vt 0.968607 0.789689
vt 0.961570 0.758276
vt 0.884775 0.116327
vt 0.866348 0.145265
vt 0.925868 0.963397
vt 0.941572 0.982186
vt 0.932464 0.328135
vt 0.900115 0.674834
vt 0.944793 0.037866
vt 0.955940 0.734510
vt 0.892502 0.094582
vt 0.899139 0.836511
vt 0.902794 0.852925
vt 0.936345 0.203524
vt 0.957124 0.993131
vt 0.964534 0.986299
vt 0.912034 0.336953
vt 0.920247 0.337893
vt 0.895812 0.704798
vt 0.890992 0.732606
vt 0.963987 0.089723
vt 0.952877 0.064146
vt 0.520685 0.709904
vt 0.496971 0.700726
vt 0.516015 0.728975
vt 0.535313 0.722184
vt 0.530537 0.731414
vt 0.543141 0.738265
vt 0.539790 0.749830
vt 0.530212 0.752515
vt 0.462649 0.567048
vt 0.460428 0.584827
vt 0.464951 0.575169
vt 0.482967 0.558891
vt 0.467351 0.557326
vt 0.455722 0.611187
vt 0.466657 0.589463
vt 0.510101 0.860893
vt 0.495896 0.852987
vt 0.504635 0.878132
vt 0.518275 0.870978
vt 0.511926 0.879061
vt 0.510273 0.894850
vt 0.517887 0.889816
vt 0.479118 0.843199
vt 0.479013 0.854983
vt 0.473980 0.856437
vt 0.482002 0.869576
vt 0.486540 0.863242
vt 0.469224 0.842605
vt 0.462495 0.735486
vt 0.463980 0.763134
vt 0.472947 0.760524
vt 0.486638 0.742120
vt 0.474934 0.737511
vt 0.484119 0.762323
vt 0.474345 0.786264
vt 0.464636 0.789155
vt 0.548909 0.784134
vt 0.540679 0.771331
vt 0.534340 0.782887
vt 0.541826 0.793268
vt 0.530087 0.794215
vt 0.523427 0.766389
vt 0.518425 0.794043
vt 0.437739 0.725416
vt 0.447532 0.732616
vt 0.450055 0.718648
vt 0.460039 0.708453
vt 0.451764 0.695417
vt 0.443784 0.711518
vt 0.507385 0.828514
vt 0.493442 0.819314
vt 0.501079 0.793186
vt 0.517314 0.837995
vt 0.496120 0.885838
vt 0.495793 0.875983
vt 0.499509 0.550382
vt 0.513905 0.566011
vt 0.510349 0.554658
vt 0.511312 0.558377
vt 0.528722 0.570239
vt 0.519604 0.561567
vt 0.503862 0.651121
vt 0.482228 0.645760
vt 0.490896 0.674222
vt 0.516937 0.666786
vt 0.510925 0.683321
vt 0.525686 0.698222
vt 0.501934 0.759776
vt 0.507455 0.741712
vt 0.490728 0.721434
vt 0.548861 0.754355
vt 0.545237 0.764215
vt 0.551542 0.770931
vt 0.526784 0.581556
vt 0.538517 0.581798
vt 0.540978 0.596879
vt 0.513725 0.586798
vt 0.534302 0.603482
vt 0.510384 0.626509
vt 0.498501 0.601018
vt 0.498527 0.618815
vt 0.510844 0.639947
vt 0.482545 0.605710
vt 0.547912 0.631034
vt 0.544204 0.617752
vt 0.541137 0.624031
vt 0.534492 0.631765
vt 0.542181 0.634116
vt 0.532838 0.617079
vt 0.521180 0.626985
vt 0.514280 0.606246
vt 0.551645 0.608047
vt 0.546948 0.595074
vt 0.554027 0.617786
vt 0.548416 0.611382
vt 0.552372 0.624065
vt 0.463232 0.619787
vt 0.457583 0.651122
vt 0.449132 0.639006
vt 0.441158 0.662456
vt 0.434460 0.680495
vt 0.448033 0.675212
vt 0.465035 0.674998
vt 0.440507 0.692792
vt 0.430690 0.696865
vt 0.487090 0.786912
vt 0.477721 0.817017
vt 0.466351 0.818459
vt 0.495200 0.770151
vt 0.479625 0.719402
vt 0.477296 0.707830
vt 0.474887 0.689029
vt 0.437705 0.705765
vt 0.431584 0.713007
vt 0.843809 0.482448
vt 0.865881 0.453147
vt 0.838851 0.460743
vt 0.831282 0.509938
vt 0.826787 0.486299
vt 0.820492 0.509150
vt 0.811129 0.496601
vt 0.817753 0.475366
vt 0.895476 0.329801
vt 0.887845 0.323944
vt 0.892647 0.336107
vt 0.893289 0.348417
vt 0.908185 0.367076
vt 0.900835 0.344222
vt 0.876762 0.326874
vt 0.884546 0.631880
vt 0.888868 0.604480
vt 0.874988 0.616055
vt 0.883989 0.644245
vt 0.878109 0.634610
vt 0.869189 0.627791
vt 0.876947 0.643803
vt 0.901691 0.614308
vt 0.910209 0.602919
vt 0.918131 0.603214
vt 0.917748 0.585076
vt 0.905389 0.588966
vt 0.908929 0.619387
vt 0.896805 0.488559
vt 0.885591 0.490550
vt 0.888204 0.510948
vt 0.897229 0.512437
vt 0.891163 0.533516
vt 0.878519 0.513802
vt 0.874770 0.495109
vt 0.819356 0.540907
vt 0.824511 0.549186
vt 0.831365 0.540978
vt 0.824456 0.530236
vt 0.840532 0.523174
vt 0.835628 0.553386
vt 0.848999 0.550856
vt 0.828905 0.554532
vt 0.921785 0.484392
vt 0.918586 0.471119
vt 0.910659 0.476741
vt 0.910697 0.488499
vt 0.913030 0.452657
vt 0.902480 0.464824
vt 0.882480 0.568932
vt 0.871163 0.581766
vt 0.861681 0.593401
vt 0.868076 0.545761
vt 0.879887 0.536764
vt 0.894677 0.635944
vt 0.893010 0.628577
vt 0.849175 0.327521
vt 0.863757 0.316376
vt 0.839314 0.321044
vt 0.827162 0.330615
vt 0.850572 0.316940
vt 0.852949 0.320060
vt 0.874738 0.427407
vt 0.884090 0.400502
vt 0.864516 0.405495
vt 0.854014 0.434174
vt 0.834512 0.449033
vt 0.851409 0.420400
vt 0.861158 0.513525
vt 0.853845 0.495709
vt 0.870903 0.474713
vt 0.811682 0.515142
vt 0.814967 0.530529
vt 0.818835 0.524395
vt 0.816399 0.346802
vt 0.834144 0.345083
vt 0.849427 0.349704
vt 0.821122 0.366315
vt 0.831085 0.371720
vt 0.810114 0.365529
vt 0.856635 0.386285
vt 0.858509 0.397539
vt 0.868000 0.377544
vt 0.865558 0.361726
vt 0.880741 0.364299
vt 0.824050 0.401903
vt 0.829627 0.404579
vt 0.830163 0.395381
vt 0.836671 0.385554
vt 0.825346 0.389885
vt 0.837100 0.400660
vt 0.847736 0.390757
vt 0.851703 0.369467
vt 0.810580 0.381650
vt 0.818091 0.384880
vt 0.818184 0.396625
vt 0.813043 0.391172
vt 0.899743 0.374941
vt 0.919274 0.392652
vt 0.908956 0.405012
vt 0.930278 0.417151
vt 0.919478 0.430937
vt 0.936140 0.438246
vt 0.925933 0.451539
vt 0.900840 0.429751
vt 0.897024 0.562044
vt 0.902011 0.534577
vt 0.910115 0.560570
vt 0.869360 0.522628
vt 0.885096 0.461988
vt 0.882009 0.473301
vt 0.889556 0.443371
vt 0.926497 0.466461
vt 0.936394 0.457128
vt 0.931138 0.473809
vt 0.514616 0.635831
vt 0.522192 0.636048
vt 0.844315 0.399859
vt 0.850527 0.396345
vt 0.523437 0.876318
vt 0.521689 0.843243
vt 0.522681 0.810519
vt 0.843043 0.568539
vt 0.854562 0.598609
vt 0.864534 0.631656
vt 0.436308 0.665842
vt 0.429360 0.682719
vt 0.945186 0.440432
vt 0.941666 0.421518
vt 0.533543 0.640034
vt 0.541814 0.641811
vt 0.549253 0.639613
vt 0.822053 0.405974
vt 0.828229 0.408991
vt 0.835544 0.407283
vt 0.529128 0.801099
vt 0.535984 0.797259
vt 0.828665 0.558494
vt 0.835664 0.560720
vt 0.425167 0.700067
vt 0.426812 0.718748
vt 0.935127 0.476282
vt 0.942540 0.458809
vt 0.555144 0.631863
vt 0.557066 0.620768
vt 0.815662 0.399901
vt 0.537379 0.801460
vt 0.546566 0.799071
vt 0.554606 0.790525
vt 0.816343 0.544513
vt 0.822055 0.553082
vt 0.434371 0.733820
vt 0.445286 0.741939
vt 0.454500 0.748323
vt 0.903264 0.498505
vt 0.912573 0.493216
vt 0.924424 0.488339
vt 0.554837 0.608523
vt 0.549303 0.595262
vt 0.804565 0.379708
vt 0.809779 0.391348
vt 0.557066 0.775549
vt 0.554114 0.757704
vt 0.805527 0.516781
vt 0.810802 0.532654
vt 0.459779 0.789172
vt 0.461634 0.817692
vt 0.464586 0.842284
vt 0.917941 0.561069
vt 0.909236 0.535742
vt 0.540658 0.582663
vt 0.531376 0.571229
vt 0.815433 0.331131
vt 0.805948 0.346845
vt 0.802293 0.364488
vt 0.508849 0.551959
vt 0.491965 0.544400
vt 0.878621 0.315061
vt 0.864384 0.313941
vt 0.847216 0.315940
vt 0.548243 0.741193
vt 0.541117 0.725496
vt 0.807112 0.481235
vt 0.802293 0.499673
vt 0.469938 0.858956
vt 0.914250 0.620368
vt 0.924358 0.603146
vt 0.925193 0.584702
vt 0.521470 0.561079
vt 0.829848 0.321103
vt 0.476470 0.541028
vt 0.467043 0.546941
vt 0.460807 0.563179
vt 0.898909 0.328120
vt 0.888284 0.318572
vt 0.532582 0.701038
vt 0.524145 0.669989
vt 0.843483 0.427526
vt 0.824517 0.456109
vt 0.480247 0.874969
vt 0.496831 0.893474
vt 0.898083 0.638570
vt 0.456554 0.586587
vt 0.907962 0.348127
vt 0.517973 0.646287
vt 0.851369 0.406000
vt 0.458313 0.764702
vt 0.903610 0.514102
vt 0.513503 0.904091
vt 0.522488 0.897165
vt 0.875028 0.647530
vt 0.884519 0.648389
vt 0.450978 0.616519
vt 0.444376 0.644419
vt 0.930681 0.399727
vt 0.917654 0.374314
vt 0.778986 0.212119
vt 0.745615 0.201224
vt 0.772335 0.236951
vt 0.800876 0.228214
vt 0.793577 0.240390
vt 0.812404 0.249935
vt 0.806776 0.264765
vt 0.792223 0.267844
vt 0.701171 0.034902
vt 0.696851 0.056632
vt 0.704045 0.044965
vt 0.731547 0.025627
vt 0.708854 0.023414
vt 0.689429 0.088940
vt 0.705495 0.062906
vt 0.758571 0.402921
vt 0.738615 0.392819
vt 0.748451 0.424252
vt 0.769581 0.415629
vt 0.759131 0.425636
vt 0.753482 0.444198
vt 0.765750 0.438731
vt 0.715540 0.379314
vt 0.714399 0.395235
vt 0.716993 0.414080
vt 0.724799 0.406163
vt 0.700628 0.377997
vt 0.706294 0.397075
vt 0.698220 0.245073
vt 0.699808 0.279156
vt 0.713244 0.275947
vt 0.732898 0.253103
vt 0.716309 0.247307
vt 0.729701 0.278296
vt 0.713306 0.308405
vt 0.698793 0.311553
vt 0.817770 0.307282
vt 0.806911 0.291766
vt 0.797187 0.306317
vt 0.807567 0.318934
vt 0.790227 0.320799
vt 0.781448 0.285314
vt 0.773213 0.320048
vt 0.660826 0.234741
vt 0.676233 0.242998
vt 0.679336 0.226246
vt 0.693518 0.212551
vt 0.681721 0.196486
vt 0.669571 0.217782
vt 0.756823 0.362318
vt 0.737223 0.350520
vt 0.751079 0.318104
vt 0.770566 0.374343
vt 0.734707 0.433454
vt 0.736038 0.421815
vt 0.751919 0.013827
vt 0.767878 0.033407
vt 0.764657 0.018528
vt 0.764898 0.023410
vt 0.785639 0.038863
vt 0.774739 0.027350
vt 0.755615 0.140941
vt 0.724190 0.134059
vt 0.736773 0.168946
vt 0.774401 0.160497
vt 0.765762 0.179434
vt 0.787011 0.197983
vt 0.752615 0.275962
vt 0.760063 0.253200
vt 0.737681 0.227237
vt 0.820104 0.270676
vt 0.814072 0.282948
vt 0.822647 0.291054
vt 0.784424 0.054281
vt 0.799061 0.055317
vt 0.803800 0.075915
vt 0.769204 0.060820
vt 0.795232 0.084114
vt 0.765833 0.111198
vt 0.751196 0.078823
vt 0.749417 0.101597
vt 0.765933 0.127842
vt 0.726764 0.084465
vt 0.816181 0.119904
vt 0.809511 0.103440
vt 0.805074 0.111468
vt 0.796121 0.120711
vt 0.807523 0.124176
vt 0.793480 0.101811
vt 0.779085 0.113063
vt 0.770585 0.086207
vt 0.811882 0.074223
vt 0.815658 0.095429
vt 0.824871 0.103032
vt 0.820783 0.091113
vt 0.822680 0.110937
vt 0.699369 0.100295
vt 0.689678 0.139335
vt 0.678830 0.123268
vt 0.666127 0.153164
vt 0.655184 0.177084
vt 0.675623 0.170044
vt 0.699811 0.169801
vt 0.664484 0.193399
vt 0.649163 0.198767
vt 0.732080 0.309749
vt 0.715160 0.346468
vt 0.698631 0.347476
vt 0.744358 0.288690
vt 0.722350 0.224731
vt 0.718156 0.210302
vt 0.713392 0.187173
vt 0.650850 0.219481
vt 0.659978 0.210583
vt 0.708756 0.673237
vt 0.737197 0.635992
vt 0.701124 0.646167
vt 0.690908 0.708538
vt 0.684991 0.678654
vt 0.675080 0.707911
vt 0.663736 0.692479
vt 0.673411 0.665060
vt 0.771347 0.477561
vt 0.760799 0.470194
vt 0.768387 0.486271
vt 0.769717 0.502498
vt 0.790111 0.525173
vt 0.779215 0.496142
vt 0.742954 0.474612
vt 0.763704 0.859771
vt 0.768638 0.826488
vt 0.749345 0.840698
vt 0.763331 0.875873
vt 0.753926 0.863431
vt 0.740855 0.855482
vt 0.751864 0.875478
vt 0.785944 0.838708
vt 0.796859 0.824641
vt 0.807729 0.825034
vt 0.807825 0.801991
vt 0.790953 0.807117
vt 0.796349 0.845117
vt 0.782691 0.678952
vt 0.765917 0.681654
vt 0.770299 0.708032
vt 0.783588 0.709822
vt 0.774766 0.737631
vt 0.755276 0.711932
vt 0.750261 0.687932
vt 0.672237 0.748928
vt 0.681219 0.759619
vt 0.690806 0.748287
vt 0.680001 0.734675
vt 0.704503 0.725199
vt 0.698392 0.763458
vt 0.716892 0.760050
vt 0.689057 0.765623
vt 0.819543 0.673447
vt 0.812745 0.656969
vt 0.801880 0.664135
vt 0.803337 0.678833
vt 0.802126 0.633764
vt 0.788978 0.649222
vt 0.761058 0.782777
vt 0.743954 0.798717
vt 0.731243 0.813329
vt 0.740535 0.753709
vt 0.757496 0.742172
vt 0.778734 0.865031
vt 0.775620 0.855854
vt 0.710147 0.477243
vt 0.726066 0.462284
vt 0.699254 0.469222
vt 0.685498 0.482018
vt 0.711581 0.463544
vt 0.714294 0.467436
vt 0.747256 0.604411
vt 0.759113 0.570653
vt 0.730249 0.578173
vt 0.718462 0.613378
vt 0.693370 0.631955
vt 0.712614 0.597063
vt 0.732542 0.712200
vt 0.722867 0.689672
vt 0.744868 0.662390
vt 0.662315 0.716037
vt 0.665523 0.735371
vt 0.671661 0.727319
vt 0.671970 0.503417
vt 0.691952 0.500648
vt 0.709335 0.506244
vt 0.674896 0.528694
vt 0.686618 0.535370
vt 0.662202 0.528047
vt 0.718126 0.553946
vt 0.720734 0.568361
vt 0.733376 0.542597
vt 0.728726 0.521802
vt 0.752372 0.524505
vt 0.673652 0.574442
vt 0.682081 0.577834
vt 0.683476 0.565933
vt 0.692852 0.553111
vt 0.677204 0.558988
vt 0.692967 0.572417
vt 0.706834 0.559582
vt 0.711508 0.532065
vt 0.659469 0.548895
vt 0.668171 0.552770
vt 0.665922 0.567674
vt 0.660360 0.560928
vt 0.779847 0.536368
vt 0.806050 0.557134
vt 0.794041 0.574002
vt 0.822431 0.587798
vt 0.809931 0.605994
vt 0.833261 0.614540
vt 0.820751 0.631853
vt 0.784242 0.605535
vt 0.781867 0.773661
vt 0.789986 0.738495
vt 0.799623 0.771187
vt 0.742503 0.723744
vt 0.764419 0.645729
vt 0.760099 0.659966
vt 0.770079 0.622844
vt 0.836884 0.638488
vt 0.823807 0.650738
vt 0.832029 0.659728
vt 0.770966 0.122851
vt 0.780818 0.124163
vt 0.703583 0.570890
vt 0.711846 0.566508
vt 0.775310 0.421946
vt 0.776005 0.380621
vt 0.778907 0.340296
vt 0.710326 0.781697
vt 0.723565 0.819951
vt 0.735792 0.860789
vt 0.658611 0.157703
vt 0.647619 0.180035
vt 0.844369 0.617143
vt 0.836089 0.592669
vt 0.795751 0.130477
vt 0.808033 0.132942
vt 0.818860 0.129499
vt 0.671242 0.579723
vt 0.680663 0.583398
vt 0.691583 0.580573
vt 0.788671 0.328692
vt 0.799123 0.324086
vt 0.689172 0.770096
vt 0.699850 0.771719
vt 0.641867 0.202435
vt 0.644986 0.225773
vt 0.837190 0.662953
vt 0.844732 0.640654
vt 0.826756 0.119433
vt 0.828750 0.105866
vt 0.656743 0.561240
vt 0.662837 0.571941
vt 0.800319 0.328716
vt 0.812796 0.325300
vt 0.823973 0.314391
vt 0.668527 0.753824
vt 0.678278 0.764579
vt 0.656690 0.243971
vt 0.673540 0.253354
vt 0.688498 0.260188
vt 0.791483 0.691654
vt 0.805700 0.684907
vt 0.823121 0.678576
vt 0.824670 0.090982
vt 0.815078 0.074356
vt 0.653169 0.546543
vt 0.828750 0.296161
vt 0.826623 0.274547
vt 0.655039 0.718632
vt 0.660691 0.738452
vt 0.692554 0.311831
vt 0.692266 0.346788
vt 0.694435 0.377582
vt 0.808764 0.771412
vt 0.798444 0.739611
vt 0.802375 0.056592
vt 0.789463 0.040288
vt 0.672778 0.482996
vt 0.660619 0.503675
vt 0.653787 0.526811
vt 0.763666 0.015234
vt 0.744285 0.006831
vt 0.744906 0.459339
vt 0.727145 0.459150
vt 0.708099 0.462365
vt 0.819759 0.253854
vt 0.809236 0.232943
vt 0.660794 0.672668
vt 0.653169 0.696937
vt 0.701019 0.399510
vt 0.802442 0.846713
vt 0.814900 0.825099
vt 0.816532 0.801375
vt 0.777595 0.026878
vt 0.689063 0.469627
vt 0.724444 0.004474
vt 0.709463 0.011703
vt 0.699221 0.030635
vt 0.774922 0.474992
vt 0.760128 0.462678
vt 0.796062 0.202461
vt 0.783350 0.165512
vt 0.703715 0.605716
vt 0.681932 0.640544
vt 0.713824 0.419745
vt 0.734357 0.441693
vt 0.782478 0.868609
vt 0.692062 0.059318
vt 0.787515 0.500403
vt 0.774404 0.136215
vt 0.712932 0.578805
vt 0.692964 0.281140
vt 0.791210 0.711860
vt 0.755935 0.454329
vt 0.770226 0.447036
vt 0.749758 0.880435
vt 0.763984 0.881261
vt 0.683070 0.095977
vt 0.671801 0.130365
vt 0.819706 0.565068
vt 0.801456 0.533413
vt 0.458119 0.261161
vt 0.425438 0.247579
vt 0.451361 0.292850
vt 0.479733 0.281622
vt 0.472478 0.297294
vt 0.491526 0.310041
vt 0.486139 0.328987
vt 0.471715 0.332635
vt 0.379376 0.037349
vt 0.375444 0.064038
vt 0.382346 0.049948
vt 0.408742 0.028128
vt 0.386834 0.023732
vt 0.368462 0.104369
vt 0.384052 0.072398
vt 0.440998 0.504075
vt 0.421238 0.490665
vt 0.431385 0.530302
vt 0.452119 0.520376
vt 0.442000 0.532632
vt 0.437031 0.554541
vt 0.449077 0.548853
vt 0.397527 0.472544
vt 0.396876 0.492986
vt 0.388806 0.495201
vt 0.399799 0.516938
vt 0.407425 0.507346
vt 0.382409 0.469933
vt 0.378335 0.301748
vt 0.379857 0.344928
vt 0.392855 0.341263
vt 0.412145 0.312703
vt 0.395880 0.304959
vt 0.409013 0.344585
vt 0.393584 0.382431
vt 0.379358 0.385625
vt 0.498027 0.383391
vt 0.486823 0.363707
vt 0.477324 0.382473
vt 0.487717 0.398482
vt 0.470654 0.400869
vt 0.461389 0.354980
vt 0.453770 0.399208
vt 0.341976 0.289429
vt 0.356821 0.299126
vt 0.360298 0.279023
vt 0.374586 0.261568
vt 0.363021 0.241588
vt 0.350862 0.268746
vt 0.438354 0.452543
vt 0.418733 0.436964
vt 0.431335 0.396070
vt 0.452117 0.468147
vt 0.417983 0.540979
vt 0.419048 0.526995
vt 0.429837 0.013607
vt 0.445437 0.037508
vt 0.442511 0.019653
vt 0.442712 0.025172
vt 0.464230 0.044643
vt 0.452463 0.029980
vt 0.435529 0.172225
vt 0.404664 0.162771
vt 0.417260 0.206898
vt 0.454188 0.197283
vt 0.445478 0.220100
vt 0.466176 0.243607
vt 0.432236 0.342337
vt 0.439394 0.313444
vt 0.417192 0.280181
vt 0.499574 0.336876
vt 0.493793 0.352493
vt 0.502547 0.362767
vt 0.463047 0.064410
vt 0.478825 0.066737
vt 0.483900 0.093879
vt 0.447068 0.072158
vt 0.474838 0.103742
vt 0.444681 0.135591
vt 0.428897 0.094569
vt 0.428282 0.123059
vt 0.445291 0.156360
vt 0.405482 0.100741
vt 0.496309 0.149772
vt 0.489759 0.129511
vt 0.485402 0.139459
vt 0.476358 0.150285
vt 0.487830 0.155100
vt 0.473268 0.126319
vt 0.458354 0.139208
vt 0.448949 0.104613
vt 0.500994 0.114600
vt 0.492622 0.092154
vt 0.504980 0.129163
vt 0.495982 0.119806
vt 0.502679 0.138846
vt 0.378660 0.119232
vt 0.370394 0.168202
vt 0.358809 0.147160
vt 0.346883 0.185241
vt 0.336379 0.216328
vt 0.356894 0.207387
vt 0.381079 0.207326
vt 0.345818 0.237708
vt 0.330502 0.244283
vt 0.412141 0.384904
vt 0.396503 0.430619
vt 0.379928 0.430758
vt 0.423931 0.358247
vt 0.402238 0.276571
vt 0.398600 0.258428
vt 0.394465 0.229456
vt 0.341385 0.259738
vt 0.332225 0.270537
vt 0.546782 0.417708
vt 0.575441 0.370892
vt 0.539648 0.383300
vt 0.529335 0.461538
vt 0.523535 0.423873
vt 0.513933 0.460023
vt 0.502548 0.440476
vt 0.512094 0.406486
vt 0.613539 0.169266
vt 0.602949 0.159538
vt 0.610163 0.180358
vt 0.611072 0.201142
vt 0.631119 0.230153
vt 0.620965 0.193058
vt 0.585234 0.165091
vt 0.602395 0.655502
vt 0.606795 0.613398
vt 0.587925 0.630945
vt 0.602230 0.675719
vt 0.592736 0.659927
vt 0.579712 0.649528
vt 0.590851 0.675027
vt 0.624484 0.629418
vt 0.635197 0.611684
vt 0.646066 0.612419
vt 0.645670 0.583035
vt 0.628897 0.589087
vt 0.634951 0.637665
vt 0.619626 0.425524
vt 0.603226 0.428790
vt 0.607531 0.462505
vt 0.620700 0.464959
vt 0.611986 0.500485
vt 0.592808 0.467062
vt 0.587832 0.436664
vt 0.510906 0.511613
vt 0.519347 0.525705
vt 0.529096 0.511397
vt 0.518786 0.493838
vt 0.542470 0.482802
vt 0.536078 0.530744
vt 0.554414 0.526779
vt 0.526469 0.533739
vt 0.656091 0.418526
vt 0.649627 0.398062
vt 0.638747 0.407096
vt 0.640001 0.425499
vt 0.639628 0.368701
vt 0.626142 0.388145
vt 0.598675 0.557484
vt 0.582119 0.577092
vt 0.569546 0.595319
vt 0.578192 0.519621
vt 0.594973 0.505698
vt 0.617542 0.662356
vt 0.614314 0.650760
vt 0.550296 0.168370
vt 0.568160 0.148375
vt 0.538791 0.158464
vt 0.524106 0.175534
vt 0.552203 0.150501
vt 0.555092 0.155571
vt 0.586255 0.330856
vt 0.598843 0.288220
vt 0.570277 0.297908
vt 0.557717 0.342002
vt 0.532448 0.365453
vt 0.552399 0.321815
vt 0.570009 0.467142
vt 0.560518 0.438673
vt 0.582622 0.404405
vt 0.501354 0.469653
vt 0.504539 0.494031
vt 0.510630 0.484135
vt 0.510203 0.203078
vt 0.531258 0.198772
vt 0.549528 0.205636
vt 0.513992 0.234458
vt 0.526146 0.242923
vt 0.500712 0.233993
vt 0.558422 0.266874
vt 0.561047 0.285380
vt 0.573900 0.252743
vt 0.569625 0.225891
vt 0.593054 0.229491
vt 0.513746 0.292065
vt 0.522134 0.296814
vt 0.523472 0.281705
vt 0.532768 0.265577
vt 0.517117 0.272682
vt 0.532940 0.290085
vt 0.546935 0.273969
vt 0.551808 0.238776
vt 0.498635 0.259509
vt 0.507799 0.264477
vt 0.505809 0.283046
vt 0.499962 0.274298
vt 0.620326 0.244470
vt 0.646182 0.270745
vt 0.633370 0.292251
vt 0.661473 0.309711
vt 0.648089 0.333008
vt 0.671198 0.343624
vt 0.658190 0.365993
vt 0.622566 0.332353
vt 0.619211 0.546471
vt 0.627259 0.501773
vt 0.580145 0.481775
vt 0.602000 0.383231
vt 0.597672 0.401234
vt 0.607978 0.354302
vt 0.660748 0.389893
vt 0.674032 0.373898
vt 0.668717 0.400938
vt 0.450186 0.150389
vt 0.460352 0.152882
vt 0.543365 0.287903
vt 0.551683 0.282500
vt 0.458200 0.527899
vt 0.457695 0.475935
vt 0.459721 0.424858
vt 0.547458 0.553967
vt 0.561484 0.603709
vt 0.574417 0.656353
vt 0.339438 0.191135
vt 0.328791 0.220048
vt 0.682635 0.347349
vt 0.675487 0.316390
vt 0.475974 0.161807
vt 0.488232 0.165018
vt 0.499040 0.160517
vt 0.511187 0.298743
vt 0.520535 0.303712
vt 0.531400 0.300143
vt 0.469056 0.410286
vt 0.479398 0.405438
vt 0.526390 0.538972
vt 0.537085 0.540792
vt 0.323011 0.248428
vt 0.325976 0.277484
vt 0.674015 0.405156
vt 0.682060 0.376868
vt 0.506984 0.148288
vt 0.509122 0.132116
vt 0.496019 0.274961
vt 0.502634 0.288536
vt 0.480578 0.410714
vt 0.493371 0.406123
vt 0.504771 0.391700
vt 0.506948 0.517615
vt 0.516015 0.531662
vt 0.337566 0.299914
vt 0.354193 0.310891
vt 0.368234 0.320380
vt 0.628537 0.441744
vt 0.642452 0.433229
vt 0.659737 0.425179
vt 0.505175 0.114203
vt 0.495979 0.092427
vt 0.491783 0.257067
vt 0.509122 0.368595
vt 0.506342 0.341518
vt 0.493794 0.473125
vt 0.499439 0.497929
vt 0.373087 0.386055
vt 0.373499 0.429904
vt 0.376072 0.469207
vt 0.646541 0.543863
vt 0.637026 0.543658
vt 0.636079 0.503138
vt 0.482283 0.068578
vt 0.468219 0.046719
vt 0.510477 0.177624
vt 0.498034 0.204325
vt 0.491640 0.233193
vt 0.441649 0.016174
vt 0.422040 0.005527
vt 0.588169 0.144972
vt 0.569264 0.144381
vt 0.548336 0.149217
vt 0.498985 0.315253
vt 0.488220 0.288131
vt 0.499184 0.415829
vt 0.491640 0.446297
vt 0.383267 0.497570
vt 0.641351 0.639906
vt 0.653530 0.612611
vt 0.654695 0.582233
vt 0.455459 0.029911
vt 0.527806 0.159525
vt 0.402075 0.002450
vt 0.387347 0.009989
vt 0.377216 0.032499
vt 0.617438 0.166328
vt 0.602897 0.150527
vt 0.475562 0.250157
vt 0.463689 0.204677
vt 0.543085 0.332487
vt 0.520693 0.375877
vt 0.396423 0.523072
vt 0.417558 0.550226
vt 0.621633 0.666954
vt 0.370479 0.067912
vt 0.629544 0.198660
vt 0.454438 0.167757
vt 0.552703 0.298433
vt 0.372915 0.347385
vt 0.628597 0.467552
vt 0.439765 0.566199
vt 0.454086 0.558378
vt 0.588587 0.681296
vt 0.602981 0.682635
vt 0.362099 0.113651
vt 0.351946 0.156354
vt 0.660051 0.281130
vt 0.642664 0.240818
vt 0.282964 0.083403
vt 0.283937 0.086005
vt 0.286685 0.084882
vt 0.305026 0.091569
vt 0.303595 0.088555
vt 0.302796 0.089674
vt 0.280306 0.085522
vt 0.281490 0.087633
vt 0.301573 0.085831
vt 0.300683 0.087582
vt 0.278249 0.088196
vt 0.279455 0.089696
vt 0.298986 0.083620
vt 0.298249 0.085944
vt 0.276906 0.091218
vt 0.277905 0.092103
vt 0.295941 0.082079
vt 0.295510 0.084834
vt 0.276239 0.094373
vt 0.276807 0.094756
vt 0.292637 0.081304
vt 0.292586 0.084282
vt 0.275993 0.097556
vt 0.289301 0.081304
vt 0.289605 0.084283
vt 0.286036 0.081979
vt 0.304537 0.092072
vt 0.305866 0.094730
vt 0.302540 0.091565
vt 0.277206 0.095645
vt 0.304300 0.093035
vt 0.277392 0.096851
vt 0.304311 0.094276
vt 0.302695 0.093915
vt 0.277479 0.098147
vt 0.304496 0.095593
vt 0.303008 0.096385
vt 0.277377 0.099384
vt 0.304824 0.096795
vt 0.303521 0.098700
vt 0.280892 0.102426
vt 0.278948 0.101036
vt 0.278494 0.102886
vt 0.297333 0.103172
vt 0.298042 0.106958
vt 0.300606 0.105232
vt 0.277039 0.100317
vt 0.294619 0.104017
vt 0.295162 0.108133
vt 0.291714 0.104465
vt 0.292109 0.108739
vt 0.288759 0.104534
vt 0.288986 0.108716
vt 0.305317 0.097659
vt 0.285893 0.104211
vt 0.285915 0.108105
vt 0.304302 0.100459
vt 0.283234 0.103502
vt 0.283042 0.106894
vt 0.301837 0.100442
vt 0.302722 0.103027
vt 0.280522 0.105123
vt 0.299769 0.101964
vt 0.299075 0.109691
vt 0.301877 0.107444
vt 0.276500 0.100763
vt 0.295838 0.111181
vt 0.292409 0.111870
vt 0.288901 0.111850
vt 0.305930 0.098010
vt 0.285420 0.111006
vt 0.305379 0.101350
vt 0.282211 0.109330
vt 0.304026 0.104585
vt 0.279526 0.106910
vt 0.277590 0.103952
vt 0.104979 0.020138
vt 0.104351 0.019753
vt 0.103208 0.022641
vt 0.083681 0.033436
vt 0.087221 0.034246
vt 0.087276 0.031055
vt 0.105021 0.016710
vt 0.090782 0.034246
vt 0.090463 0.031054
vt 0.094273 0.033542
vt 0.093588 0.030425
vt 0.074080 0.023228
vt 0.074620 0.022726
vt 0.073358 0.019876
vt 0.097583 0.032048
vt 0.096554 0.029234
vt 0.075429 0.026488
vt 0.076310 0.025330
vt 0.100492 0.029799
vt 0.099229 0.027493
vt 0.077568 0.029434
vt 0.078520 0.027557
vt 0.102787 0.026916
vt 0.101482 0.025263
vt 0.080386 0.031806
vt 0.081168 0.029297
vt 0.104302 0.023603
vt 0.084133 0.030474
vt 0.103861 0.018834
vt 0.090026 0.026673
vt 0.093011 0.026166
vt 0.074918 0.021729
vt 0.095844 0.025290
vt 0.076685 0.023365
vt 0.098419 0.024070
vt 0.078806 0.024733
vt 0.100642 0.022550
vt 0.081284 0.025783
vt 0.102451 0.020788
vt 0.084049 0.026469
vt 0.087000 0.026767
vt 0.089480 0.021220
vt 0.092405 0.020852
vt 0.074967 0.020420
vt 0.095203 0.020366
vt 0.076680 0.020882
vt 0.097777 0.019771
vt 0.078707 0.021227
vt 0.100046 0.019092
vt 0.081062 0.021443
vt 0.101961 0.018349
vt 0.083701 0.021515
vt 0.103556 0.017562
vt 0.086542 0.021442
vt 0.091837 0.015145
vt 0.088898 0.015366
vt 0.074823 0.019024
vt 0.094677 0.015072
vt 0.076417 0.018237
vt 0.097316 0.015143
vt 0.078332 0.017495
vt 0.099671 0.015359
vt 0.080601 0.016815
vt 0.101699 0.015705
vt 0.083175 0.016220
vt 0.103411 0.016166
vt 0.085973 0.015734
vt 0.091379 0.009819
vt 0.074517 0.017752
vt 0.094329 0.010118
vt 0.075927 0.015798
vt 0.097094 0.010804
vt 0.077736 0.014036
vt 0.099572 0.011853
vt 0.079959 0.012516
vt 0.101693 0.013221
vt 0.082534 0.011296
vt 0.103461 0.014857
vt 0.085368 0.010420
vt 0.088353 0.009913
vt 0.094245 0.006113
vt 0.075170 0.013945
vt 0.074027 0.016834
vt 0.097210 0.007289
vt 0.076896 0.011324
vt 0.099859 0.009029
vt 0.079149 0.009093
vt 0.102068 0.011256
vt 0.081824 0.007353
vt 0.103759 0.013860
vt 0.084790 0.006161
vt 0.087915 0.005533
vt 0.091103 0.005531
vt 0.074077 0.012984
vt 0.073399 0.016448
vt 0.097992 0.004780
vt 0.075591 0.009671
vt 0.100811 0.007152
vt 0.077886 0.006787
vt 0.102949 0.010098
vt 0.080795 0.004538
vt 0.104298 0.013358
vt 0.084106 0.003044
vt 0.087597 0.002340
vt 0.091157 0.002340
vt 0.094697 0.003151
vt 0.620902 0.760400
vt 0.621135 0.747622
vt 0.609416 0.753649
vt 0.673144 0.784435
vt 0.662455 0.772181
vt 0.654787 0.781283
vt 0.641024 0.750708
vt 0.631517 0.746207
vt 0.629605 0.758420
vt 0.611778 0.766248
vt 0.594746 0.761943
vt 0.580809 0.770179
vt 0.586652 0.778870
vt 0.568373 0.780187
vt 0.650602 0.760062
vt 0.637279 0.763034
vt 0.682414 0.797990
vt 0.664988 0.791012
vt 0.644379 0.771425
vt 0.619306 0.779634
vt 0.626168 0.779123
vt 0.590124 0.787983
vt 0.577808 0.787603
vt 0.671265 0.802499
vt 0.658747 0.799181
vt 0.598544 0.785205
vt 0.598906 0.772645
vt 0.651141 0.793929
vt 0.632533 0.782024
vt 0.640908 0.788103
vt 0.609841 0.782625
vt 0.565248 0.776471
vt 0.578963 0.766595
vt 0.577031 0.762816
vt 0.591552 0.753721
vt 0.593100 0.757307
vt 0.608545 0.748701
vt 0.665352 0.768314
vt 0.676005 0.781520
vt 0.679031 0.778482
vt 0.686512 0.795301
vt 0.652927 0.755551
vt 0.667893 0.765357
vt 0.632742 0.738240
vt 0.632199 0.741776
vt 0.642354 0.745946
vt 0.621297 0.742703
vt 0.652730 0.750430
vt 0.610146 0.743941
vt 0.003737 0.014846
vt 0.002554 0.036436
vt 0.027008 0.031178
vt 0.012717 0.061440
vt 0.041773 0.006668
vt 0.021361 0.004925
vt 0.049227 0.066182
vt 0.052510 0.052884
vt 0.021137 0.072222
vt 0.624264 0.793148
vt 0.593976 0.794882
vt 0.584422 0.792771
vt 0.656557 0.808012
vt 0.663224 0.805745
vt 0.652884 0.804395
vt 0.632635 0.795292
vt 0.640524 0.798243
vt 0.607579 0.792055
vt 0.615801 0.791953
vt 0.592479 0.852063
vt 0.598167 0.853325
vt 0.599521 0.844632
vt 0.614778 0.857769
vt 0.620277 0.858692
vt 0.621045 0.850383
vt 0.609242 0.856427
vt 0.615629 0.849485
vt 0.625816 0.859001
vt 0.637359 0.849257
vt 0.637196 0.857894
vt 0.643107 0.856975
vt 0.603674 0.854887
vt 0.604888 0.846286
vt 0.626407 0.850536
vt 0.631473 0.858719
vt 0.631844 0.850117
vt 0.610262 0.847995
vt 0.588160 0.842822
vt 0.586571 0.851240
vt 0.594362 0.871599
vt 0.589693 0.891922
vt 0.596934 0.893478
vt 0.600397 0.871910
vt 0.606094 0.838169
vt 0.600716 0.837337
vt 0.607173 0.820780
vt 0.601791 0.819617
vt 0.606100 0.803160
vt 0.625159 0.894180
vt 0.631891 0.894731
vt 0.631412 0.875162
vt 0.625246 0.874005
vt 0.626843 0.841722
vt 0.628583 0.824400
vt 0.632173 0.842025
vt 0.633447 0.806009
vt 0.633953 0.824296
vt 0.638459 0.894855
vt 0.637692 0.875687
vt 0.637751 0.842040
vt 0.639183 0.808213
vt 0.639463 0.824326
vt 0.604551 0.893739
vt 0.606761 0.871844
vt 0.611384 0.839181
vt 0.612477 0.822201
vt 0.612820 0.802546
vt 0.588319 0.870730
vt 0.582555 0.889509
vt 0.595181 0.836760
vt 0.593947 0.843414
vt 0.596285 0.819066
vt 0.599999 0.804202
vt 0.582189 0.869240
vt 0.575661 0.886801
vt 0.589537 0.836406
vt 0.590899 0.819265
vt 0.594445 0.805393
vt 0.611895 0.893578
vt 0.618573 0.893701
vt 0.619243 0.872822
vt 0.613141 0.872058
vt 0.621681 0.841221
vt 0.616536 0.840313
vt 0.623291 0.824290
vt 0.620067 0.802827
vt 0.617838 0.823560
vt 0.627135 0.804158
vt 0.645460 0.894583
vt 0.644105 0.875557
vt 0.643050 0.848404
vt 0.643421 0.841880
vt 0.644429 0.810568
vt 0.644905 0.824817
vt 0.575377 0.905752
vt 0.645081 0.910303
vt 0.637648 0.908573
vt 0.625424 0.907785
vt 0.619530 0.908547
vt 0.612815 0.910105
vt 0.594944 0.913233
vt 0.584288 0.910913
vt 0.600209 0.793042
vt 0.589234 0.797519
vt 0.589253 0.806598
vt 0.647525 0.801088
vt 0.649167 0.812994
vt 0.568099 0.900390
vt 0.563457 0.912494
vt 0.636852 0.922946
vt 0.631282 0.907842
vt 0.630832 0.922206
vt 0.625055 0.921248
vt 0.618837 0.920274
vt 0.611752 0.918819
vt 0.605034 0.912045
vt 0.602861 0.917083
vt 0.592375 0.915769
vt 0.571989 0.913780
vt 0.581897 0.914903
vt 0.565396 0.935490
vt 0.643838 0.923386
vt 0.637464 0.942955
vt 0.629557 0.941156
vt 0.621463 0.939877
vt 0.613319 0.938970
vt 0.605249 0.938922
vt 0.597358 0.939485
vt 0.589306 0.939910
vt 0.573313 0.937659
vt 0.581219 0.939253
vt 0.396955 0.733101
vt 0.385235 0.727075
vt 0.385469 0.739853
vt 0.333227 0.763888
vt 0.341383 0.770464
vt 0.351584 0.760736
vt 0.365347 0.730160
vt 0.369092 0.742486
vt 0.376766 0.737873
vt 0.411625 0.741395
vt 0.394593 0.745700
vt 0.374853 0.725660
vt 0.407465 0.752097
vt 0.419719 0.758322
vt 0.437998 0.759640
vt 0.425562 0.749631
vt 0.355769 0.739514
vt 0.361992 0.750877
vt 0.323957 0.777443
vt 0.335105 0.781951
vt 0.343916 0.751634
vt 0.387065 0.759087
vt 0.373838 0.761476
vt 0.380203 0.758575
vt 0.428563 0.767056
vt 0.416247 0.767436
vt 0.343147 0.785198
vt 0.347624 0.778633
vt 0.407827 0.764657
vt 0.355230 0.773381
vt 0.365463 0.767555
vt 0.396529 0.762077
vt 0.441123 0.755924
vt 0.442913 0.751717
vt 0.429339 0.742269
vt 0.397826 0.728153
vt 0.413271 0.736760
vt 0.414818 0.733173
vt 0.341019 0.747766
vt 0.338478 0.744809
vt 0.327340 0.757935
vt 0.319858 0.774753
vt 0.330366 0.760972
vt 0.427408 0.746048
vt 0.353443 0.735004
vt 0.353641 0.729882
vt 0.364017 0.725398
vt 0.374172 0.721228
vt 0.373629 0.717693
vt 0.385073 0.722155
vt 0.386390 0.719297
vt 0.361907 0.723044
vt 0.396225 0.723393
vt 0.252590 0.065419
vt 0.270215 0.075341
vt 0.275861 0.049088
vt 0.261570 0.018825
vt 0.251407 0.043830
vt 0.290626 0.073597
vt 0.301364 0.054571
vt 0.301364 0.027382
vt 0.298080 0.014083
vt 0.285847 0.002642
vt 0.269991 0.008044
vt 0.373736 0.774744
vt 0.382107 0.772600
vt 0.421949 0.772223
vt 0.412395 0.774335
vt 0.349813 0.787464
vt 0.406161 0.772494
vt 0.353487 0.783848
vt 0.365847 0.777695
vt 0.358846 0.780540
vt 0.398792 0.771507
vt 0.390570 0.771406
vt 0.413892 0.831515
vt 0.412424 0.822867
vt 0.406850 0.824085
vt 0.391593 0.837222
vt 0.390742 0.828937
vt 0.385325 0.829835
vt 0.397129 0.835879
vt 0.396108 0.827447
vt 0.380555 0.838453
vt 0.386094 0.838144
vt 0.363264 0.836427
vt 0.369174 0.837346
vt 0.369012 0.828709
vt 0.408203 0.832777
vt 0.401483 0.825738
vt 0.374898 0.838171
vt 0.379964 0.829989
vt 0.374527 0.829569
vt 0.402696 0.834340
vt 0.419800 0.830692
vt 0.418211 0.822275
vt 0.409437 0.872930
vt 0.416678 0.871374
vt 0.412008 0.851051
vt 0.405974 0.851363
vt 0.405655 0.816789
vt 0.400277 0.817622
vt 0.404580 0.799069
vt 0.399198 0.800232
vt 0.406372 0.783654
vt 0.400271 0.782612
vt 0.381211 0.873633
vt 0.381125 0.853457
vt 0.374959 0.854614
vt 0.379528 0.821174
vt 0.374198 0.821478
vt 0.377788 0.803853
vt 0.372417 0.803748
vt 0.372924 0.785461
vt 0.374480 0.874183
vt 0.368679 0.855139
vt 0.368620 0.821493
vt 0.366908 0.803778
vt 0.367188 0.787665
vt 0.401820 0.873191
vt 0.399610 0.851297
vt 0.394987 0.818633
vt 0.393894 0.801654
vt 0.393551 0.781998
vt 0.423816 0.868962
vt 0.418052 0.850182
vt 0.411190 0.816212
vt 0.410086 0.798518
vt 0.411925 0.784846
vt 0.430709 0.866253
vt 0.424182 0.848692
vt 0.416834 0.815858
vt 0.415472 0.798717
vt 0.417118 0.786050
vt 0.394476 0.873031
vt 0.393230 0.851511
vt 0.387127 0.852274
vt 0.389835 0.819765
vt 0.384690 0.820673
vt 0.388532 0.803012
vt 0.383080 0.803742
vt 0.386304 0.782280
vt 0.387797 0.873153
vt 0.379236 0.783610
vt 0.360911 0.874036
vt 0.367912 0.874307
vt 0.362266 0.855009
vt 0.363321 0.827856
vt 0.362950 0.821332
vt 0.361466 0.804269
vt 0.361942 0.790020
vt 0.430994 0.885205
vt 0.361290 0.889755
vt 0.368723 0.888025
vt 0.375088 0.887294
vt 0.380947 0.887237
vt 0.386841 0.887999
vt 0.393556 0.889558
vt 0.401337 0.891497
vt 0.411427 0.892685
vt 0.422082 0.890365
vt 0.417137 0.776971
vt 0.357204 0.792447
vt 0.442913 0.891946
vt 0.438271 0.879842
vt 0.369519 0.902399
vt 0.375539 0.901659
vt 0.381316 0.900701
vt 0.387534 0.899726
vt 0.394619 0.898272
vt 0.403510 0.896536
vt 0.424474 0.894355
vt 0.413996 0.895222
vt 0.440975 0.914943
vt 0.434382 0.893232
vt 0.368907 0.922407
vt 0.362533 0.902838
vt 0.376814 0.920608
vt 0.384908 0.919329
vt 0.393052 0.918423
vt 0.401122 0.918374
vt 0.409013 0.918938
vt 0.433057 0.917112
vt 0.425152 0.918705
vt 0.052243 0.463096
vt 0.167405 0.581987
vt 0.282599 0.463140
vt 0.020548 0.205622
vt 0.563457 0.772265
vt 0.689484 0.791771
vt 0.644464 0.743592
vt 0.619981 0.739845
vt 0.052510 0.025695
vt 0.036993 0.077624
vt 0.645001 0.945186
vt 0.316887 0.771223
vt 0.361370 0.924639
vt 0.417065 0.919362
s 1
usemtl openPBR_shader2.001
f 7/1/1 19/2/2 18/3/3
f 1/4/4 2/5/5 12/6/6
f 136/7/7 20/8/8 19/2/2
f 2/5/5 3/9/9 13/10/10
f 8/11/11 21/12/12 20/8/8
f 3/9/9 134/13/13 14/14/14
f 9/15/15 22/16/16 21/12/12
f 134/13/13 4/17/17 15/18/18
f 10/19/19 23/20/20 22/16/16
f 4/17/17 5/21/21 16/22/22
f 67/23/23 23/20/20 10/19/19
f 5/21/21 135/24/24 17/25/25
f 6/26/26 18/3/3 17/25/25
f 1/4/4 11/27/27 81/28/28
f 67/23/23 24/29/29 23/20/20
f 67/23/23 25/30/30 24/29/29
f 67/23/23 26/31/31 25/30/30
f 67/23/23 27/32/32 26/31/31
f 67/23/23 40/33/33 27/32/32
f 32/34/34 45/35/35 44/36/36
f 39/37/37 40/33/33 53/38/38
f 33/39/39 46/40/40 45/35/35
f 67/23/23 53/38/38 40/33/33
f 34/41/41 47/42/42 46/40/40
f 34/41/41 35/43/43 48/44/44
f 28/45/45 41/46/46 81/47/28
f 35/43/43 36/48/47 49/49/48
f 29/50/49 42/51/50 41/46/46
f 36/48/47 37/52/51 50/53/52
f 30/54/53 43/55/54 42/51/50
f 37/52/51 38/56/55 51/57/56
f 31/58/57 44/36/36 43/55/54
f 38/56/55 39/37/37 52/59/58
f 53/60/38 66/61/59 65/62/60
f 45/63/35 46/64/40 59/65/61
f 67/66/23 66/61/59 53/60/38
f 46/64/40 47/67/42 60/68/62
f 48/69/44 61/70/63 60/68/62
f 41/71/46 54/72/64 81/73/28
f 49/74/48 62/75/65 61/70/63
f 41/71/46 42/76/50 55/77/66
f 50/78/52 63/79/67 62/75/65
f 42/76/50 43/80/54 56/81/68
f 51/82/56 64/83/69 63/79/67
f 43/80/54 44/84/36 57/85/70
f 52/86/58 65/62/60 64/83/69
f 44/84/36 45/63/35 58/87/71
f 67/66/23 80/88/72 66/61/59
f 59/65/61 60/68/62 74/89/73
f 61/70/63 75/90/74 74/89/73
f 54/72/64 68/91/75 81/73/28
f 62/75/65 76/92/76 75/90/74
f 54/72/64 55/77/66 69/93/77
f 63/79/67 77/94/78 76/92/76
f 55/77/66 56/81/68 70/95/79
f 64/83/69 78/96/80 77/94/78
f 56/81/68 57/85/70 71/97/81
f 65/62/60 79/98/82 78/96/80
f 57/85/70 58/87/71 72/99/83
f 66/61/59 80/88/72 79/98/82
f 58/87/71 59/65/61 73/100/84
f 73/100/84 74/89/73 88/101/85
f 75/90/74 89/102/86 88/101/85
f 68/91/75 82/103/87 81/73/28
f 76/92/76 90/104/88 89/102/86
f 68/91/75 69/93/77 83/105/89
f 77/94/78 91/106/90 90/104/88
f 69/93/77 70/95/79 84/107/91
f 78/96/80 92/108/92 91/106/90
f 70/95/79 71/97/81 85/109/93
f 79/98/82 93/110/94 92/108/92
f 71/97/81 72/99/83 86/111/95
f 80/88/72 94/112/96 93/110/94
f 72/99/83 73/100/84 87/113/97
f 67/66/23 94/112/96 80/88/72
f 88/101/85 89/102/86 102/114/98
f 82/103/87 95/115/99 81/73/28
f 89/102/86 90/104/88 103/116/100
f 83/105/89 96/117/101 95/115/99
f 91/106/90 104/118/102 103/116/100
f 84/107/91 97/119/103 96/117/101
f 91/106/90 92/108/92 105/120/104
f 85/109/93 98/121/105 97/119/103
f 92/108/92 93/110/94 106/122/106
f 86/111/95 99/123/107 98/121/105
f 93/110/94 94/112/96 107/124/108
f 87/113/97 100/125/109 99/123/107
f 67/66/23 107/124/108 94/112/96
f 87/113/97 88/101/85 101/126/110
f 101/126/110 102/114/98 115/127/111
f 95/115/99 108/128/112 81/73/28
f 102/114/98 103/116/100 116/129/113
f 96/117/101 109/130/114 108/128/112
f 103/116/100 104/118/102 117/131/115
f 97/119/103 110/132/116 109/130/114
f 104/118/102 105/120/104 118/133/117
f 98/121/105 111/134/118 110/132/116
f 105/120/104 106/122/106 119/135/119
f 99/123/107 112/136/120 111/134/118
f 106/122/106 107/124/108 120/137/121
f 100/125/109 113/138/122 112/136/120
f 67/66/23 120/137/121 107/124/108
f 101/126/110 114/139/123 113/138/122
f 115/127/111 116/129/113 129/140/124
f 109/130/114 122/141/125 121/142/126
f 116/129/113 117/131/115 130/143/127
f 110/132/116 123/144/128 122/141/125
f 117/131/115 118/133/117 131/145/129
f 111/134/118 124/146/130 123/144/128
f 118/133/117 119/135/119 132/147/131
f 112/136/120 125/148/132 124/146/130
f 119/135/119 120/137/121 133/149/133
f 113/138/122 126/150/134 125/148/132
f 67/66/23 133/149/133 120/137/121
f 114/139/123 127/151/135 126/150/134
f 114/139/123 115/127/111 128/152/136
f 108/128/112 121/142/126 81/73/28
f 122/141/125 2/153/5 1/154/4
f 129/140/124 130/143/127 136/155/7
f 123/144/128 3/156/9 2/153/5
f 130/143/127 131/145/129 8/157/11
f 124/146/130 134/158/13 3/156/9
f 131/145/129 132/147/131 9/159/15
f 125/148/132 4/160/17 134/158/13
f 132/147/131 133/149/133 10/161/19
f 126/150/134 5/162/21 4/160/17
f 67/66/23 10/161/19 133/149/133
f 127/151/135 135/163/24 5/162/21
f 127/151/135 128/152/136 6/164/26
f 121/142/126 1/154/4 81/73/28
f 128/152/136 129/140/124 7/165/1
f 197/166/137 255/167/138 151/168/139
f 194/169/140 257/170/141 154/171/142
f 159/172/143 275/173/144 191/174/145
f 200/175/146 253/176/147 148/177/148
f 218/178/149 141/179/150 172/180/151
f 217/181/152 138/182/153 173/183/154
f 183/184/155 182/185/156 216/186/157
f 215/187/158 184/188/159 185/189/160
f 164/190/161 186/191/162 214/192/163
f 187/193/164 181/194/165 213/195/166
f 212/196/167 158/197/168 189/198/169
f 169/199/170 190/200/171 211/201/172
f 234/202/173 146/203/174 219/204/175
f 192/205/176 223/206/177 233/207/178
f 160/208/179 277/209/180 194/169/140
f 194/169/140 222/210/181 232/211/182
f 231/212/183 160/208/179 224/213/184
f 161/214/185 279/215/186 197/166/137
f 230/216/187 151/168/139 221/217/188
f 198/218/189 225/219/190 229/220/191
f 162/221/192 281/222/193 200/175/146
f 200/175/146 220/223/194 228/224/195
f 227/225/196 162/221/192 226/226/197
f 265/227/198 164/190/161 282/228/199
f 276/229/200 138/182/153 252/230/201
f 191/174/145 251/231/202 146/203/174
f 163/232/203 202/233/204 145/234/205
f 137/235/206 203/236/207 163/232/203
f 219/204/175 201/237/208 227/225/196
f 204/238/209 139/239/210 174/240/211
f 202/233/204 174/240/211 145/234/205
f 162/221/192 228/224/195 226/226/197
f 263/241/212 167/242/213 280/243/214
f 282/228/199 140/244/215 254/245/216
f 253/176/147 198/218/189 148/177/148
f 166/246/217 199/247/218 149/248/219
f 139/239/210 205/249/220 166/246/217
f 148/177/148 229/220/191 220/223/194
f 206/250/221 143/251/222 177/252/223
f 199/253/218 177/252/223 149/254/219
f 225/255/190 197/166/137 230/216/187
f 261/256/224 170/257/225 278/258/226
f 280/243/214 144/259/227 256/260/228
f 255/167/138 195/261/229 151/168/139
f 169/199/170 196/262/230 152/263/231
f 143/251/222 207/264/232 169/199/170
f 221/217/188 195/261/229 231/212/183
f 208/265/233 141/179/150 179/266/234
f 196/262/230 179/266/234 152/263/231
f 160/208/179 232/211/182 224/213/184
f 259/267/235 173/183/154 276/229/200
f 278/258/226 142/268/236 258/269/237
f 257/170/141 192/205/176 154/171/142
f 172/180/151 193/270/238 155/271/239
f 141/179/150 209/272/240 172/180/151
f 154/171/142 233/207/178 222/210/181
f 210/273/241 137/235/206 181/194/165
f 193/274/238 181/194/165 155/275/239
f 223/276/177 191/174/145 234/202/173
f 211/201/172 158/277/168 188/278/242
f 177/252/223 188/278/242 149/254/219
f 143/251/222 211/201/172 177/252/223
f 174/240/211 189/198/169 145/234/205
f 139/239/210 212/196/167 174/240/211
f 166/246/217 188/279/242 212/196/167
f 213/195/166 137/235/206 163/232/203
f 189/198/169 163/232/203 145/234/205
f 158/197/168 213/195/166 189/198/169
f 184/188/159 214/192/163 186/191/162
f 178/280/243 184/188/159 150/281/244
f 140/244/215 214/192/163 178/280/243
f 180/282/245 185/189/160 153/283/246
f 144/259/227 215/187/158 180/282/245
f 167/242/213 184/188/159 215/187/158
f 216/186/157 142/268/236 170/257/225
f 185/189/160 170/257/225 153/283/246
f 185/189/160 183/184/155 216/186/157
f 183/184/155 173/183/154 156/284/247
f 157/285/248 186/191/162 183/184/155
f 186/191/162 176/286/249 217/181/152
f 187/287/164 172/180/151 155/271/239
f 158/277/168 218/178/149 187/287/164
f 190/200/171 179/266/234 218/178/149
f 251/231/202 201/237/208 146/203/174
f 273/288/250 159/289/143 192/205/176
f 182/185/156 259/290/235 274/291/251
f 142/268/236 274/291/251 258/269/237
f 271/292/252 160/208/179 195/261/229
f 180/282/245 261/256/224 272/293/253
f 144/259/227 272/293/253 256/260/228
f 269/294/254 161/295/185 198/218/189
f 178/280/243 263/296/212 270/297/255
f 140/244/215 270/297/255 254/245/216
f 267/298/256 162/221/192 201/237/208
f 176/286/249 265/227/198 268/299/257
f 238/300/258 234/202/173 249/301/259
f 237/302/260 233/207/178 248/303/261
f 224/213/184 247/304/262 239/305/263
f 236/306/264 231/212/183 246/307/265
f 240/308/266 230/216/187 245/309/267
f 235/310/268 229/220/191 244/311/269
f 226/226/197 243/312/270 241/313/271
f 250/314/272 227/225/196 242/315/273
f 242/315/273 226/226/197 241/313/271
f 228/224/195 235/310/268 243/312/270
f 229/220/191 240/316/266 244/311/269
f 230/216/187 236/306/264 245/309/267
f 246/307/265 224/213/184 239/305/263
f 232/211/182 237/302/260 247/304/262
f 233/207/178 238/317/258 248/303/261
f 234/202/173 250/314/272 249/301/259
f 249/301/259 175/318/274 210/273/241
f 209/272/240 238/317/258 193/270/238
f 247/304/262 171/319/275 208/265/233
f 207/264/232 239/305/263 196/262/230
f 245/309/267 168/320/276 206/250/221
f 205/249/220 240/316/266 199/247/218
f 243/312/270 165/321/277 204/238/209
f 203/236/207 241/313/271 202/233/204
f 175/318/274 242/315/273 203/236/207
f 241/313/271 204/238/209 202/233/204
f 165/321/277 244/311/269 205/249/220
f 240/308/266 206/250/221 199/253/218
f 168/320/276 246/307/265 207/264/232
f 239/305/263 208/265/233 196/262/230
f 171/319/275 248/303/261 209/272/240
f 238/300/258 210/273/241 193/274/238
f 183/184/155 186/191/162 217/181/152
f 183/184/155 185/189/160 157/285/248
f 185/189/160 184/188/159 157/285/248
f 186/191/162 157/285/248 184/188/159
f 268/299/257 266/322/278 267/298/256
f 252/230/201 267/298/256 251/231/202
f 270/297/255 264/323/279 269/294/254
f 254/245/216 269/294/254 253/176/147
f 272/293/253 262/324/280 271/292/252
f 256/260/228 271/292/252 255/167/138
f 274/291/251 260/325/281 273/288/250
f 258/269/237 273/288/250 257/170/141
f 252/230/201 275/173/144 276/229/200
f 276/229/200 260/326/281 259/267/235
f 258/269/237 277/209/180 278/258/226
f 278/258/226 262/324/280 261/256/224
f 256/260/228 279/215/186 280/243/214
f 280/243/214 264/327/279 263/241/212
f 254/245/216 281/222/193 282/228/199
f 282/228/199 266/322/278 265/227/198
f 138/182/153 268/299/257 252/230/201
f 338/328/282 333/329/283 301/330/284
f 299/331/285 339/332/286 338/328/282
f 305/333/287 306/334/288 339/332/286
f 339/332/286 285/335/289 333/329/283
f 306/334/288 307/336/290 285/335/289
f 286/337/291 340/338/292 306/334/288
f 308/339/293 309/340/294 340/341/292
f 307/342/290 309/340/294 289/343/295
f 330/344/296 326/345/297 298/346/298
f 296/347/299 341/348/300 330/344/296
f 311/349/301 312/350/302 341/348/300
f 341/348/300 287/351/303 326/345/297
f 312/350/302 313/352/304 287/351/303
f 312/350/302 314/353/305 342/354/306
f 342/355/306 284/356/307 304/357/308
f 313/358/304 304/357/308 283/359/309
f 295/360/310 343/361/311 303/362/312
f 329/363/313 326/345/297 343/364/311
f 343/364/311 287/351/303 313/352/304
f 303/362/312 313/358/304 283/359/309
f 328/365/314 311/349/301 296/347/299
f 297/366/315 344/367/316 328/368/314
f 344/367/316 284/356/307 314/369/305
f 344/370/316 288/371/317 311/349/301
f 302/372/318 345/373/319 318/374/320
f 337/375/321 331/376/322 345/377/319
f 345/377/319 292/378/323 319/379/324
f 318/374/320 319/380/324 294/381/325
f 336/382/326 315/383/327 301/330/284
f 300/384/328 346/385/329 336/386/326
f 332/387/330 320/388/331 346/385/329
f 346/389/329 291/390/332 315/383/327
f 300/384/328 347/391/333 332/387/330
f 335/392/334 318/374/320 347/391/333
f 347/391/333 294/381/325 321/393/335
f 332/387/330 321/393/335 293/394/336
f 295/360/310 348/395/337 323/396/338
f 327/397/339 316/398/340 348/395/337
f 348/395/337 292/378/323 322/399/341
f 323/396/338 322/399/341 291/390/332
f 283/359/309 349/400/342 303/362/312
f 304/357/308 325/401/343 349/400/342
f 349/400/342 297/366/315 327/397/339
f 303/362/312 327/397/339 295/360/310
f 319/380/324 324/402/344 294/381/325
f 292/378/323 350/403/345 319/379/324
f 316/398/340 328/368/314 350/403/345
f 350/404/345 296/347/299 324/402/344
f 291/390/332 351/405/346 323/396/338
f 320/388/331 317/406/347 351/407/346
f 351/407/346 298/346/298 329/363/313
f 323/396/338 329/408/313 295/360/310
f 321/393/335 317/406/347 293/394/336
f 294/381/325 352/409/348 321/393/335
f 324/402/344 330/344/296 352/409/348
f 352/409/348 298/346/298 317/406/347
f 289/343/295 353/410/349 310/411/350
f 309/340/294 334/412/351 353/410/349
f 353/410/349 302/372/318 335/392/334
f 310/411/350 335/392/334 300/384/328
f 307/336/290 333/329/283 285/335/289
f 289/343/295 354/413/352 307/342/290
f 310/411/350 336/386/326 354/413/352
f 354/414/352 301/330/284 333/329/283
f 290/415/353 355/416/354 334/412/351
f 286/337/291 355/417/354 308/418/293
f 355/417/354 299/331/285 337/375/321
f 334/412/351 337/419/321 302/372/318
f 322/399/341 315/383/327 291/390/332
f 292/378/323 356/420/355 322/399/341
f 331/376/322 338/328/282 356/420/355
f 356/420/355 301/330/284 315/383/327
f 592/421/356 384/422/357 586/423/358
f 376/424/359 592/421/356 972/425/360
f 573/426/361 972/425/360 595/427/362
f 972/425/360 586/423/358 385/428/363
f 363/429/364 560/430/365 973/431/366
f 360/432/367 559/433/368 973/431/366
f 560/430/365 364/434/369 603/435/370
f 590/436/371 357/437/372 555/438/373
f 371/439/374 590/436/371 974/440/375
f 358/441/376 568/442/377 974/440/375
f 357/437/372 582/443/378 975/444/379
f 566/445/380 370/446/381 589/447/382
f 582/443/378 369/448/383 566/445/380
f 368/449/384 605/450/385 976/451/386
f 359/452/387 608/453/388 976/451/386
f 604/454/389 976/451/386 606/455/390
f 605/450/385 388/456/391 606/455/390
f 374/457/392 593/458/393 977/459/394
f 571/460/395 977/459/394 570/461/396
f 977/459/394 594/462/397 372/463/398
f 593/458/393 385/428/363 594/462/397
f 367/464/399 564/465/400 978/466/401
f 610/467/402 389/468/403 609/469/404
f 368/449/384 610/467/402 978/466/401
f 357/437/372 590/436/371 979/470/405
f 556/471/406 979/470/405 607/472/407
f 979/470/405 569/473/408 372/463/398
f 590/436/371 371/439/374 569/473/408
f 567/474/409 358/441/376 555/438/373
f 370/446/381 567/474/409 980/475/410
f 357/437/372 589/447/382 980/475/410
f 558/476/411 360/432/367 597/477/412
f 362/478/413 558/476/411 981/479/414
f 597/477/412 383/480/415 581/481/416
f 591/482/417 361/483/418 585/484/419
f 377/485/420 591/482/417 982/486/421
f 574/487/422 982/486/421 592/421/356
f 982/486/421 585/484/419 384/422/357
f 584/488/423 372/463/398 594/462/397
f 359/452/387 584/488/423 983/489/424
f 583/490/425 983/489/424 586/423/358
f 983/489/424 594/462/397 385/428/363
f 375/491/426 595/427/362 984/492/427
f 593/458/393 374/457/392 572/493/428
f 385/428/363 593/458/393 984/492/427
f 383/480/415 597/477/412 985/494/429
f 580/495/430 985/494/429 602/496/431
f 985/494/429 600/497/432 386/498/433
f 597/477/412 360/432/367 600/497/432
f 378/499/434 598/500/435 986/501/436
f 575/502/437 986/501/436 591/482/417
f 986/501/436 557/503/438 361/483/418
f 598/500/435 360/432/367 557/503/438
f 380/504/439 599/505/440 987/506/441
f 379/507/442 577/508/443 987/506/441
f 599/505/440 386/498/433 601/509/444
f 576/510/445 379/507/442 601/509/444
f 378/499/434 576/510/445 988/511/446
f 598/500/435 988/511/446 600/497/432
f 988/511/446 601/509/444 386/498/433
f 579/512/447 382/513/448 602/496/431
f 381/514/449 579/512/447 989/515/450
f 578/516/451 989/515/450 599/505/440
f 989/515/450 602/496/431 386/498/433
f 557/503/438 360/432/367 603/435/370
f 361/483/418 557/503/438 990/517/452
f 588/518/453 990/517/452 561/519/454
f 990/517/452 603/435/370 364/434/369
f 365/520/455 562/521/456 991/522/457
f 588/518/453 991/522/457 596/523/458
f 991/522/457 611/524/459 389/468/403
f 562/521/456 366/525/460 611/524/459
f 387/526/461 606/455/390 992/527/462
f 556/471/406 992/527/462 582/443/378
f 992/527/462 565/528/463 369/448/383
f 992/527/462 606/455/390 388/456/391
f 387/526/461 607/472/407 993/529/464
f 584/488/423 359/452/387 604/454/389
f 372/463/398 584/488/423 993/529/464
f 368/449/384 608/453/388 994/530/465
f 583/490/425 384/422/357 587/531/466
f 608/453/388 359/452/387 583/490/425
f 389/468/403 610/467/402 995/532/467
f 596/523/458 995/532/467 585/484/419
f 995/532/467 587/531/466 384/422/357
f 610/467/402 368/449/384 587/531/466
f 389/468/403 611/524/459 996/533/468
f 563/534/469 367/464/399 609/469/404
f 366/525/460 563/534/469 996/533/468
f 643/535/470 418/536/471 649/537/472
f 420/538/473 643/535/470 997/539/474
f 652/540/475 997/539/474 630/541/476
f 997/539/474 649/537/472 410/542/477
f 396/543/478 616/544/479 998/545/480
f 660/546/481 397/547/482 617/548/483
f 393/549/484 660/546/481 998/545/480
f 612/550/485 390/551/486 647/552/487
f 391/553/488 612/550/485 999/554/489
f 405/555/490 625/556/491 999/554/489
f 390/551/486 646/557/492 1000/558/493
f 623/559/494 403/560/495 639/561/496
f 404/562/497 623/559/494 1000/558/493
f 401/563/498 665/564/499 1001/565/500
f 662/566/501 1001/565/500 663/567/502
f 663/567/502 1001/565/500 661/568/503
f 1001/565/500 665/564/499 419/569/504
f 408/570/505 628/571/506 1002/572/507
f 650/573/508 1002/572/507 651/574/509
f 1002/572/507 627/575/510 406/576/511
f 628/571/506 407/577/512 627/575/510
f 400/578/513 666/579/514 1003/580/515
f 401/563/498 621/581/516 1003/580/515
f 666/579/514 421/582/517 667/583/518
f 390/551/486 613/584/519 1004/585/520
f 647/552/487 1004/585/520 626/586/521
f 1004/585/520 664/587/522 406/576/511
f 613/584/519 392/588/523 664/587/522
f 612/550/485 391/553/488 624/589/524
f 390/551/486 612/550/485 1005/590/525
f 404/562/497 646/557/492 1005/590/525
f 654/591/526 393/549/484 615/592/527
f 638/593/528 417/594/529 654/591/526
f 395/595/530 638/593/528 1006/596/531
f 642/597/532 394/598/533 648/599/534
f 418/536/471 642/597/532 1007/600/535
f 649/537/472 1007/600/535 631/601/536
f 1007/600/535 648/599/534 411/602/537
f 651/574/509 406/576/511 641/603/538
f 420/538/473 651/574/509 1008/604/539
f 643/535/470 1008/604/539 640/605/540
f 1008/604/539 641/603/538 419/569/504
f 409/606/541 629/607/542 1009/608/543
f 420/538/473 652/540/475 1009/608/543
f 629/607/542 408/570/505 650/573/508
f 417/594/529 637/609/544 1010/610/545
f 654/591/526 1010/610/545 657/611/546
f 1010/610/545 659/612/547 422/613/548
f 637/609/544 416/614/549 659/612/547
f 412/615/550 632/616/551 1011/617/552
f 655/618/553 1011/617/552 614/619/554
f 1011/617/552 648/599/534 394/598/533
f 632/616/551 411/602/537 648/599/534
f 414/620/555 634/621/556 1012/622/557
f 658/623/558 422/613/548 656/624/559
f 413/625/560 658/623/558 1012/622/557
f 658/623/558 413/625/560 633/626/561
f 422/613/548 658/623/558 1013/627/562
f 657/611/546 1013/627/562 655/618/553
f 1013/627/562 633/626/561 412/615/550
f 659/612/547 416/614/549 636/628/563
f 422/613/548 659/612/547 1014/629/564
f 656/624/559 1014/629/564 635/630/565
f 1014/629/564 636/628/563 415/631/566
f 660/546/481 393/549/484 614/619/554
f 397/547/482 660/546/481 1015/632/567
f 618/633/568 1015/632/567 645/634/569
f 1015/632/567 614/619/554 394/598/533
f 398/635/570 645/634/569 1016/636/571
f 619/637/572 1016/636/571 668/638/573
f 1016/636/571 653/639/574 421/582/517
f 645/634/569 394/598/533 653/639/574
f 392/588/523 613/584/519 1017/640/575
f 402/641/576 663/567/502 1017/640/575
f 622/642/577 1017/640/575 639/561/496
f 613/584/519 390/551/486 639/561/496
f 392/588/523 661/568/503 1018/643/578
f 641/603/538 406/576/511 664/587/522
f 661/568/503 419/569/504 641/603/538
f 401/563/498 644/644/579 1019/645/580
f 640/605/540 419/569/504 665/564/499
f 644/644/579 418/536/471 640/605/540
f 421/582/517 653/639/574 1020/646/581
f 667/583/518 1020/646/581 644/644/579
f 1020/646/581 642/597/532 418/536/471
f 653/639/574 394/598/533 642/597/532
f 421/582/517 666/579/514 1021/647/582
f 399/648/583 668/638/573 1021/647/582
f 666/579/514 400/578/513 620/649/584
f 576/510/445 378/499/434 670/650/585
f 379/507/442 576/510/445 1022/651/586
f 1022/652/586 633/626/561 413/625/560
f 670/653/585 412/615/550 633/626/561
f 371/439/374 672/654/587 1023/655/588
f 569/473/408 1023/655/588 671/656/589
f 671/657/589 1023/658/588 626/586/521
f 1023/658/588 672/659/587 405/555/490
f 562/521/456 365/520/455 674/660/590
f 366/525/460 562/521/456 1024/661/591
f 1024/662/591 619/637/572 399/648/583
f 674/663/590 398/635/570 619/637/572
f 577/508/443 379/507/442 669/664/592
f 577/508/443 1025/665/593 675/666/594
f 675/667/594 1025/668/593 634/621/556
f 669/669/592 413/625/560 634/621/556
f 372/463/398 671/656/589 1026/670/595
f 373/671/596 570/461/396 1026/670/595
f 676/672/597 1026/673/595 627/575/510
f 1026/673/595 671/657/589 406/576/511
f 563/534/469 366/525/460 673/674/598
f 367/464/399 563/534/469 1027/675/599
f 1027/676/599 620/649/584 400/578/513
f 673/677/598 399/648/583 620/649/584
f 380/504/439 675/666/594 1028/678/600
f 578/516/451 1028/678/600 678/679/601
f 1028/680/600 635/630/565 415/631/566
f 1028/680/600 675/667/594 414/620/555
f 571/460/395 373/671/596 676/681/597
f 571/460/395 1029/682/602 679/683/603
f 679/684/603 1029/685/602 628/571/506
f 1029/685/602 676/672/597 407/577/512
f 564/465/400 367/464/399 677/686/604
f 368/449/384 564/465/400 1030/687/605
f 680/688/606 1030/689/605 621/581/516
f 1030/689/605 677/690/604 400/578/513
f 381/514/449 678/679/601 1031/691/607
f 579/512/447 1031/691/607 681/692/608
f 1031/693/607 636/628/563 416/614/549
f 678/694/601 415/631/566 636/628/563
f 374/457/392 679/683/603 1032/695/609
f 572/493/428 1032/695/609 682/696/610
f 682/697/610 1032/698/609 629/607/542
f 1032/698/609 679/684/603 408/570/505
f 388/456/391 684/699/611 1033/700/612
f 565/528/463 1033/700/612 683/701/613
f 1033/702/612 622/642/577 403/560/495
f 684/703/611 402/641/576 622/642/577
f 382/513/448 681/692/608 1034/704/614
f 580/495/430 1034/704/614 685/705/615
f 685/706/615 1034/707/614 637/609/544
f 1034/707/614 681/708/608 416/614/549
f 558/476/411 362/478/413 687/709/616
f 360/432/367 558/476/411 1035/710/617
f 686/711/618 1035/712/617 615/592/527
f 1035/712/617 687/713/616 395/595/530
f 375/491/426 682/696/610 1036/714/619
f 573/426/361 1036/714/619 688/715/620
f 688/716/620 1036/717/619 630/541/476
f 1036/717/619 682/697/610 409/606/541
f 369/448/383 683/701/613 1037/718/621
f 370/446/381 566/445/380 1037/718/621
f 689/719/622 1037/720/621 623/559/494
f 1037/720/621 683/721/613 403/560/495
f 383/480/415 685/705/615 1038/722/623
f 362/478/413 581/481/416 1038/722/623
f 687/713/616 1038/723/623 638/593/528
f 1038/723/623 685/706/615 417/594/529
f 559/433/368 360/432/367 686/724/618
f 559/433/368 1039/725/624 690/726/625
f 690/727/625 1039/728/624 616/544/479
f 686/711/618 393/549/484 616/544/479
f 376/424/359 688/715/620 1040/729/626
f 574/487/422 1040/729/626 691/730/627
f 691/731/627 1040/732/626 631/601/536
f 1040/732/626 688/716/620 410/542/477
f 567/474/409 370/446/381 689/733/622
f 358/441/376 567/474/409 1041/734/628
f 1041/735/628 624/589/524 391/553/488
f 1041/735/628 689/719/622 404/562/497
f 363/429/364 690/726/625 1042/736/629
f 364/434/369 560/430/365 1042/736/629
f 1042/737/629 617/548/483 397/547/482
f 690/727/625 396/543/478 617/548/483
f 377/485/420 691/730/627 1043/738/630
f 575/502/437 1043/738/630 670/650/585
f 670/653/585 1043/739/630 632/616/551
f 1043/739/630 691/731/627 411/602/537
f 605/450/385 368/449/384 680/740/606
f 388/456/391 605/450/385 1044/741/631
f 1044/742/631 662/566/501 402/641/576
f 680/688/606 401/563/498 662/566/501
f 358/441/376 692/743/632 1045/744/633
f 568/442/377 1045/744/633 672/654/587
f 672/659/587 1045/745/633 625/556/491
f 692/746/632 391/553/488 625/556/491
f 561/519/454 364/434/369 693/747/634
f 365/520/455 561/519/454 1046/748/635
f 1046/749/635 618/633/568 398/635/570
f 693/750/634 397/547/482 618/633/568
f 731/751/636 450/752/637 725/753/638
f 442/754/639 731/751/636 1047/755/640
f 712/756/641 1047/755/640 734/757/642
f 1047/755/640 725/753/638 451/758/643
f 429/759/644 699/760/645 1048/761/646
f 426/762/647 698/763/648 1048/761/646
f 699/760/645 430/764/649 742/765/650
f 729/766/651 423/767/652 694/768/653
f 437/769/654 729/766/651 1049/770/655
f 424/771/656 707/772/657 1049/770/655
f 423/767/652 721/773/658 1050/774/659
f 705/775/660 436/776/661 728/777/662
f 721/773/658 435/778/663 705/775/660
f 434/779/664 744/780/665 1051/781/666
f 425/782/667 747/783/668 1051/781/666
f 743/784/669 1051/781/666 745/785/670
f 744/780/665 454/786/671 745/785/670
f 440/787/672 732/788/673 1052/789/674
f 710/790/675 1052/789/674 709/791/676
f 1052/789/674 733/792/677 438/793/678
f 732/788/673 451/758/643 733/792/677
f 433/794/679 703/795/680 1053/796/681
f 749/797/682 455/798/683 748/799/684
f 434/779/664 749/797/682 1053/796/681
f 423/767/652 729/766/651 1054/800/685
f 695/801/686 1054/800/685 746/802/687
f 1054/800/685 708/803/688 438/793/678
f 729/766/651 437/769/654 708/803/688
f 706/804/689 424/771/656 694/768/653
f 436/776/661 706/804/689 1055/805/690
f 423/767/652 728/777/662 1055/805/690
f 697/806/691 426/762/647 736/807/692
f 428/808/693 697/806/691 1056/809/694
f 736/807/692 449/810/695 720/811/696
f 730/812/697 427/813/698 724/814/699
f 443/815/700 730/812/697 1057/816/701
f 713/817/702 1057/816/701 731/751/636
f 1057/816/701 724/814/699 450/752/637
f 723/818/703 438/793/678 733/792/677
f 425/782/667 723/818/703 1058/819/704
f 722/820/705 1058/819/704 725/753/638
f 1058/819/704 733/792/677 451/758/643
f 441/821/706 734/757/642 1059/822/707
f 732/788/673 440/787/672 711/823/708
f 451/758/643 732/788/673 1059/822/707
f 449/810/695 736/807/692 1060/824/709
f 719/825/710 1060/824/709 741/826/711
f 1060/824/709 739/827/712 452/828/713
f 736/807/692 426/762/647 739/827/712
f 444/829/714 737/830/715 1061/831/716
f 714/832/717 1061/831/716 730/812/697
f 1061/831/716 696/833/718 427/813/698
f 737/830/715 426/762/647 696/833/718
f 446/834/719 738/835/720 1062/836/721
f 445/837/722 716/838/723 1062/836/721
f 738/835/720 452/828/713 740/839/724
f 715/840/725 445/837/722 740/839/724
f 444/829/714 715/840/725 1063/841/726
f 737/830/715 1063/841/726 739/827/712
f 1063/841/726 740/839/724 452/828/713
f 718/842/727 448/843/728 741/826/711
f 447/844/729 718/842/727 1064/845/730
f 717/846/731 1064/845/730 738/835/720
f 1064/845/730 741/826/711 452/828/713
f 696/833/718 426/762/647 742/765/650
f 427/813/698 696/833/718 1065/847/732
f 727/848/733 1065/847/732 700/849/734
f 1065/847/732 742/765/650 430/764/649
f 431/850/735 701/851/736 1066/852/737
f 727/848/733 1066/852/737 735/853/738
f 1066/852/737 750/854/739 455/798/683
f 701/851/736 432/855/740 750/854/739
f 453/856/741 745/785/670 1067/857/742
f 695/801/686 1067/857/742 721/773/658
f 1067/857/742 704/858/743 435/778/663
f 1067/857/742 745/785/670 454/786/671
f 453/856/741 746/802/687 1068/859/744
f 723/818/703 425/782/667 743/784/669
f 438/793/678 723/818/703 1068/859/744
f 434/779/664 747/783/668 1069/860/745
f 722/820/705 450/752/637 726/861/746
f 747/783/668 425/782/667 722/820/705
f 455/798/683 749/797/682 1070/862/747
f 735/853/738 1070/862/747 724/814/699
f 1070/862/747 726/861/746 450/752/637
f 749/797/682 434/779/664 726/861/746
f 455/798/683 750/854/739 1071/863/748
f 702/864/749 433/794/679 748/799/684
f 432/855/740 702/864/749 1071/863/748
f 782/865/750 484/866/751 788/867/752
f 486/868/753 782/865/750 1072/869/754
f 791/870/755 1072/869/754 769/871/756
f 1072/869/754 788/867/752 476/872/757
f 462/873/758 755/874/759 1073/875/760
f 799/876/761 463/877/762 756/878/763
f 459/879/764 799/876/761 1073/875/760
f 751/880/765 456/881/766 786/882/767
f 457/883/768 751/880/765 1074/884/769
f 471/885/770 764/886/771 1074/884/769
f 456/881/766 785/887/772 1075/888/773
f 762/889/774 469/890/775 778/891/776
f 470/892/777 762/889/774 1075/888/773
f 467/893/778 804/894/779 1076/895/780
f 801/896/781 1076/895/780 802/897/782
f 802/897/782 1076/895/780 800/898/783
f 1076/895/780 804/894/779 485/899/784
f 474/900/785 767/901/786 1077/902/787
f 789/903/788 1077/902/787 790/904/789
f 1077/902/787 766/905/790 472/906/791
f 767/901/786 473/907/792 766/905/790
f 466/908/793 805/909/794 1078/910/795
f 467/893/778 760/911/796 1078/910/795
f 805/909/794 487/912/797 806/913/798
f 456/881/766 752/914/799 1079/915/800
f 786/882/767 1079/915/800 765/916/801
f 1079/915/800 803/917/802 472/906/791
f 752/914/799 458/918/803 803/917/802
f 751/880/765 457/883/768 763/919/804
f 456/881/766 751/880/765 1080/920/805
f 470/892/777 785/887/772 1080/920/805
f 793/921/806 459/879/764 754/922/807
f 777/923/808 483/924/809 793/921/806
f 461/925/810 777/923/808 1081/926/811
f 781/927/812 460/928/813 787/929/814
f 484/866/751 781/927/812 1082/930/815
f 788/867/752 1082/930/815 770/931/816
f 1082/930/815 787/929/814 477/932/817
f 790/904/789 472/906/791 780/933/818
f 486/868/753 790/904/789 1083/934/819
f 782/865/750 1083/934/819 779/935/820
f 1083/934/819 780/933/818 485/899/784
f 475/936/821 768/937/822 1084/938/823
f 486/868/753 791/870/755 1084/938/823
f 768/937/822 474/900/785 789/903/788
f 483/924/809 776/939/824 1085/940/825
f 793/921/806 1085/940/825 796/941/826
f 1085/940/825 798/942/827 488/943/828
f 776/939/824 482/944/829 798/942/827
f 478/945/830 771/946/831 1086/947/832
f 794/948/833 1086/947/832 753/949/834
f 1086/947/832 787/929/814 460/928/813
f 771/946/831 477/932/817 787/929/814
f 480/950/835 773/951/836 1087/952/837
f 797/953/838 488/943/828 795/954/839
f 479/955/840 797/953/838 1087/952/837
f 797/953/838 479/955/840 772/956/841
f 488/943/828 797/953/838 1088/957/842
f 796/941/826 1088/957/842 794/948/833
f 1088/957/842 772/956/841 478/945/830
f 798/942/827 482/944/829 775/958/843
f 488/943/828 798/942/827 1089/959/844
f 795/954/839 1089/959/844 774/960/845
f 1089/959/844 775/958/843 481/961/846
f 799/876/761 459/879/764 753/949/834
f 463/877/762 799/876/761 1090/962/847
f 757/963/848 1090/962/847 784/964/849
f 1090/962/847 753/949/834 460/928/813
f 464/965/850 784/964/849 1091/966/851
f 758/967/852 1091/966/851 807/968/853
f 1091/966/851 792/969/854 487/912/797
f 784/964/849 460/928/813 792/969/854
f 458/918/803 752/914/799 1092/970/855
f 468/971/856 802/897/782 1092/970/855
f 761/972/857 1092/970/855 778/891/776
f 752/914/799 456/881/766 778/891/776
f 458/918/803 800/898/783 1093/973/858
f 780/933/818 472/906/791 803/917/802
f 800/898/783 485/899/784 780/933/818
f 467/893/778 783/974/859 1094/975/860
f 779/935/820 485/899/784 804/894/779
f 783/974/859 484/866/751 779/935/820
f 487/912/797 792/969/854 1095/976/861
f 806/913/798 1095/976/861 783/974/859
f 1095/976/861 781/927/812 484/866/751
f 792/969/854 460/928/813 781/927/812
f 487/912/797 805/909/794 1096/977/862
f 465/978/863 807/968/853 1096/977/862
f 805/909/794 466/908/793 759/979/864
f 715/840/725 444/829/714 809/980/865
f 445/837/722 715/840/725 1097/981/866
f 1097/982/866 772/956/841 479/955/840
f 809/983/865 478/945/830 772/956/841
f 437/769/654 811/984/867 1098/985/868
f 708/803/688 1098/985/868 810/986/869
f 810/987/869 1098/988/868 765/916/801
f 1098/988/868 811/989/867 471/885/770
f 701/851/736 431/850/735 813/990/870
f 432/855/740 701/851/736 1099/991/871
f 1099/992/871 758/967/852 465/978/863
f 813/993/870 464/965/850 758/967/852
f 716/838/723 445/837/722 808/994/872
f 716/838/723 1100/995/873 814/996/874
f 814/997/874 1100/998/873 773/951/836
f 808/999/872 479/955/840 773/951/836
f 438/793/678 810/986/869 1101/1000/875
f 439/1001/876 709/791/676 1101/1000/875
f 815/1002/877 1101/1003/875 766/905/790
f 1101/1003/875 810/987/869 472/906/791
f 702/864/749 432/855/740 812/1004/878
f 433/794/679 702/864/749 1102/1005/879
f 1102/1006/879 759/979/864 466/908/793
f 812/1007/878 465/978/863 759/979/864
f 446/834/719 814/996/874 1103/1008/880
f 717/846/731 1103/1008/880 817/1009/881
f 1103/1010/880 774/960/845 481/961/846
f 1103/1010/880 814/997/874 480/950/835
f 710/790/675 439/1001/876 815/1011/877
f 710/790/675 1104/1012/882 818/1013/883
f 818/1014/883 1104/1015/882 767/901/786
f 1104/1015/882 815/1002/877 473/907/792
f 703/795/680 433/794/679 816/1016/884
f 703/795/680 1105/1017/885 819/1018/886
f 819/1019/886 1105/1020/885 760/911/796
f 1105/1020/885 816/1021/884 466/908/793
f 447/844/729 817/1009/881 1106/1022/887
f 718/842/727 1106/1022/887 820/1023/888
f 1106/1024/887 775/958/843 482/944/829
f 817/1025/881 481/961/846 775/958/843
f 440/787/672 818/1013/883 1107/1026/889
f 711/823/708 1107/1026/889 821/1027/890
f 821/1028/890 1107/1029/889 768/937/822
f 1107/1029/889 818/1014/883 474/900/785
f 454/786/671 823/1030/891 1108/1031/892
f 704/858/743 1108/1031/892 822/1032/893
f 1108/1033/892 761/972/857 469/890/775
f 823/1034/891 468/971/856 761/972/857
f 448/843/728 820/1023/888 1109/1035/894
f 719/825/710 1109/1035/894 824/1036/895
f 824/1037/895 1109/1038/894 776/939/824
f 1109/1038/894 820/1039/888 482/944/829
f 697/806/691 428/808/693 826/1040/896
f 426/762/647 697/806/691 1110/1041/897
f 825/1042/898 1110/1043/897 754/922/807
f 1110/1043/897 826/1044/896 461/925/810
f 441/821/706 821/1027/890 1111/1045/899
f 712/756/641 1111/1045/899 827/1046/900
f 827/1047/900 1111/1048/899 769/871/756
f 1111/1048/899 821/1028/890 475/936/821
f 435/778/663 822/1032/893 1112/1049/901
f 436/776/661 705/775/660 1112/1049/901
f 828/1050/902 1112/1051/901 762/889/774
f 1112/1051/901 822/1052/893 469/890/775
f 449/810/695 824/1036/895 1113/1053/903
f 428/808/693 720/811/696 1113/1053/903
f 826/1044/896 1113/1054/903 777/923/808
f 1113/1054/903 824/1037/895 483/924/809
f 698/763/648 426/762/647 825/1055/898
f 698/763/648 1114/1056/904 829/1057/905
f 829/1058/905 1114/1059/904 755/874/759
f 825/1042/898 459/879/764 755/874/759
f 442/754/639 827/1046/900 1115/1060/906
f 713/817/702 1115/1060/906 830/1061/907
f 830/1062/907 1115/1063/906 770/931/816
f 1115/1063/906 827/1047/900 476/872/757
f 706/804/689 436/776/661 828/1064/902
f 424/771/656 706/804/689 1116/1065/908
f 1116/1066/908 763/919/804 457/883/768
f 1116/1066/908 828/1050/902 470/892/777
f 429/759/644 829/1057/905 1117/1067/909
f 430/764/649 699/760/645 1117/1067/909
f 1117/1068/909 756/878/763 463/877/762
f 829/1058/905 462/873/758 756/878/763
f 443/815/700 830/1061/907 1118/1069/910
f 714/832/717 1118/1069/910 809/980/865
f 809/983/865 1118/1070/910 771/946/831
f 1118/1070/910 830/1062/907 477/932/817
f 744/780/665 434/779/664 819/1018/886
f 454/786/671 744/780/665 1119/1071/911
f 1119/1072/911 801/896/781 468/971/856
f 819/1019/886 467/893/778 801/896/781
f 424/771/656 831/1073/912 1120/1074/913
f 707/772/657 1120/1074/913 811/984/867
f 811/989/867 1120/1075/913 764/886/771
f 831/1076/912 457/883/768 764/886/771
f 700/849/734 430/764/649 832/1077/914
f 431/850/735 700/849/734 1121/1078/915
f 1121/1079/915 757/963/848 464/965/850
f 832/1080/914 463/877/762 757/963/848
f 870/1081/916 516/1082/917 864/1083/918
f 508/1084/919 870/1081/916 1122/1085/920
f 851/1086/921 1122/1085/920 873/1087/922
f 1122/1085/920 864/1083/918 517/1088/923
f 495/1089/924 838/1090/925 1123/1091/926
f 492/1092/927 837/1093/928 1123/1091/926
f 838/1090/925 496/1094/929 881/1095/930
f 868/1096/931 489/1097/932 833/1098/933
f 503/1099/934 868/1096/931 1124/1100/935
f 490/1101/936 846/1102/937 1124/1100/935
f 489/1097/932 860/1103/938 1125/1104/939
f 502/1105/940 867/1106/941 1125/1104/939
f 860/1103/938 501/1107/942 844/1108/943
f 500/1109/944 883/1110/945 1126/1111/946
f 491/1112/947 886/1113/948 1126/1111/946
f 882/1114/949 1126/1111/946 884/1115/950
f 883/1110/945 520/1116/951 884/1115/950
f 506/1117/952 871/1118/953 1127/1119/954
f 849/1120/955 1127/1119/954 848/1121/956
f 1127/1119/954 872/1122/957 504/1123/958
f 871/1118/953 517/1088/923 872/1122/957
f 499/1124/959 842/1125/960 1128/1126/961
f 888/1127/962 521/1128/963 887/1129/964
f 500/1109/944 888/1127/962 1128/1126/961
f 489/1097/932 868/1096/931 1129/1130/965
f 834/1131/966 1129/1130/965 885/1132/967
f 1129/1130/965 847/1133/968 504/1123/958
f 868/1096/931 503/1099/934 847/1133/968
f 845/1134/969 490/1101/936 833/1098/933
f 502/1105/940 845/1134/969 1130/1135/970
f 489/1097/932 867/1106/941 1130/1135/970
f 836/1136/971 492/1092/927 875/1137/972
f 494/1138/973 836/1136/971 1131/1139/974
f 875/1137/972 515/1140/975 859/1141/976
f 869/1142/977 493/1143/978 863/1144/979
f 509/1145/980 869/1142/977 1132/1146/981
f 852/1147/982 1132/1146/981 870/1081/916
f 1132/1146/981 863/1144/979 516/1082/917
f 862/1148/983 504/1123/958 872/1122/957
f 491/1112/947 862/1148/983 1133/1149/984
f 861/1150/985 1133/1149/984 864/1083/918
f 1133/1149/984 872/1122/957 517/1088/923
f 507/1151/986 873/1087/922 1134/1152/987
f 871/1118/953 506/1117/952 850/1153/988
f 517/1088/923 871/1118/953 1134/1152/987
f 515/1140/975 875/1137/972 1135/1154/989
f 858/1155/990 1135/1154/989 880/1156/991
f 1135/1154/989 878/1157/992 518/1158/993
f 875/1137/972 492/1092/927 878/1157/992
f 510/1159/994 876/1160/995 1136/1161/996
f 853/1162/997 1136/1161/996 869/1142/977
f 1136/1161/996 835/1163/998 493/1143/978
f 876/1160/995 492/1092/927 835/1163/998
f 512/1164/999 877/1165/1000 1137/1166/1001
f 511/1167/1002 855/1168/1003 1137/1166/1001
f 877/1165/1000 518/1158/993 879/1169/1004
f 854/1170/1005 511/1167/1002 879/1169/1004
f 510/1159/994 854/1170/1005 1138/1171/1006
f 876/1160/995 1138/1171/1006 878/1157/992
f 1138/1171/1006 879/1169/1004 518/1158/993
f 514/1172/1007 880/1156/991 1139/1173/1008
f 513/1174/1009 857/1175/1010 1139/1173/1008
f 856/1176/1011 1139/1173/1008 877/1165/1000
f 1139/1173/1008 880/1156/991 518/1158/993
f 835/1163/998 492/1092/927 881/1095/930
f 493/1143/978 835/1163/998 1140/1177/1012
f 866/1178/1013 1140/1177/1012 839/1179/1014
f 1140/1177/1012 881/1095/930 496/1094/929
f 497/1180/1015 840/1181/1016 1141/1182/1017
f 866/1178/1013 1141/1182/1017 874/1183/1018
f 1141/1182/1017 889/1184/1019 521/1128/963
f 840/1181/1016 498/1185/1020 889/1184/1019
f 519/1186/1021 884/1115/950 1142/1187/1022
f 834/1131/966 1142/1187/1022 860/1103/938
f 1142/1187/1022 843/1188/1023 501/1107/942
f 1142/1187/1022 884/1115/950 520/1116/951
f 519/1186/1021 885/1132/967 1143/1189/1024
f 862/1148/983 491/1112/947 882/1114/949
f 885/1132/967 504/1123/958 862/1148/983
f 500/1109/944 886/1113/948 1144/1190/1025
f 861/1150/985 516/1082/917 865/1191/1026
f 886/1113/948 491/1112/947 861/1150/985
f 521/1128/963 888/1127/962 1145/1192/1027
f 874/1183/1018 1145/1192/1027 863/1144/979
f 1145/1192/1027 865/1191/1026 516/1082/917
f 888/1127/962 500/1109/944 865/1191/1026
f 887/1129/964 521/1128/963 889/1184/1019
f 841/1193/1028 499/1124/959 887/1129/964
f 498/1185/1020 841/1193/1028 1146/1194/1029
f 921/1195/1030 550/1196/1031 927/1197/1032
f 552/1198/1033 921/1195/1030 1147/1199/1034
f 930/1200/1035 1147/1199/1034 908/1201/1036
f 1147/1199/1034 927/1197/1032 542/1202/1037
f 528/1203/1038 894/1204/1039 1148/1205/1040
f 938/1206/1041 529/1207/1042 895/1208/1043
f 525/1209/1044 938/1206/1041 1148/1205/1040
f 890/1210/1045 522/1211/1046 925/1212/1047
f 523/1213/1048 890/1210/1045 1149/1214/1049
f 537/1215/1050 903/1216/1051 1149/1214/1049
f 522/1211/1046 924/1217/1052 1150/1218/1053
f 901/1219/1054 535/1220/1055 917/1221/1056
f 536/1222/1057 901/1219/1054 1150/1218/1053
f 533/1223/1058 943/1224/1059 1151/1225/1060
f 940/1226/1061 1151/1225/1060 941/1227/1062
f 941/1227/1062 1151/1225/1060 939/1228/1063
f 1151/1225/1060 943/1224/1059 551/1229/1064
f 540/1230/1065 906/1231/1066 1152/1232/1067
f 928/1233/1068 1152/1232/1067 929/1234/1069
f 1152/1232/1067 905/1235/1070 538/1236/1071
f 906/1231/1066 539/1237/1072 905/1235/1070
f 532/1238/1073 944/1239/1074 1153/1240/1075
f 533/1223/1058 899/1241/1076 1153/1240/1075
f 944/1239/1074 553/1242/1077 945/1243/1078
f 522/1211/1046 891/1244/1079 1154/1245/1080
f 925/1212/1047 1154/1245/1080 904/1246/1081
f 1154/1245/1080 942/1247/1082 538/1236/1071
f 891/1244/1079 524/1248/1083 942/1247/1082
f 890/1210/1045 523/1213/1048 902/1249/1084
f 522/1211/1046 890/1210/1045 1155/1250/1085
f 536/1222/1057 924/1217/1052 1155/1250/1085
f 932/1251/1086 525/1209/1044 893/1252/1087
f 916/1253/1088 549/1254/1089 932/1251/1086
f 527/1255/1090 916/1253/1088 1156/1256/1091
f 920/1257/1092 526/1258/1093 926/1259/1094
f 550/1196/1031 920/1257/1092 1157/1260/1095
f 927/1197/1032 1157/1260/1095 909/1261/1096
f 1157/1260/1095 926/1259/1094 543/1262/1097
f 929/1234/1069 538/1236/1071 919/1263/1098
f 552/1198/1033 929/1234/1069 1158/1264/1099
f 921/1195/1030 1158/1264/1099 918/1265/1100
f 1158/1264/1099 919/1263/1098 551/1229/1064
f 541/1266/1101 907/1267/1102 1159/1268/1103
f 552/1198/1033 930/1200/1035 1159/1268/1103
f 907/1267/1102 540/1230/1065 928/1233/1068
f 549/1254/1089 915/1269/1104 1160/1270/1105
f 932/1251/1086 1160/1270/1105 935/1271/1106
f 1160/1270/1105 937/1272/1107 554/1273/1108
f 915/1269/1104 548/1274/1109 937/1272/1107
f 544/1275/1110 910/1276/1111 1161/1277/1112
f 933/1278/1113 1161/1277/1112 892/1279/1114
f 1161/1277/1112 926/1259/1094 526/1258/1093
f 910/1276/1111 543/1262/1097 926/1259/1094
f 546/1280/1115 912/1281/1116 1162/1282/1117
f 936/1283/1118 554/1273/1108 934/1284/1119
f 545/1285/1120 936/1283/1118 1162/1282/1117
f 936/1283/1118 545/1285/1120 911/1286/1121
f 554/1273/1108 936/1283/1118 1163/1287/1122
f 935/1271/1106 1163/1287/1122 933/1278/1113
f 1163/1287/1122 911/1286/1121 544/1275/1110
f 937/1272/1107 548/1274/1109 914/1288/1123
f 554/1273/1108 937/1272/1107 1164/1289/1124
f 934/1284/1119 1164/1289/1124 913/1290/1125
f 1164/1289/1124 914/1288/1123 547/1291/1126
f 938/1206/1041 525/1209/1044 892/1279/1114
f 529/1207/1042 938/1206/1041 1165/1292/1127
f 896/1293/1128 1165/1292/1127 923/1294/1129
f 1165/1292/1127 892/1279/1114 526/1258/1093
f 530/1295/1130 923/1294/1129 1166/1296/1131
f 897/1297/1132 1166/1296/1131 946/1298/1133
f 1166/1296/1131 931/1299/1134 553/1242/1077
f 923/1294/1129 526/1258/1093 931/1299/1134
f 524/1248/1083 891/1244/1079 1167/1300/1135
f 534/1301/1136 941/1227/1062 1167/1300/1135
f 900/1302/1137 1167/1300/1135 917/1221/1056
f 891/1244/1079 522/1211/1046 917/1221/1056
f 524/1248/1083 939/1228/1063 1168/1303/1138
f 919/1263/1098 538/1236/1071 942/1247/1082
f 939/1228/1063 551/1229/1064 919/1263/1098
f 533/1223/1058 922/1304/1139 1169/1305/1140
f 918/1265/1100 551/1229/1064 943/1224/1059
f 922/1304/1139 550/1196/1031 918/1265/1100
f 553/1242/1077 931/1299/1134 1170/1306/1141
f 945/1243/1078 1170/1306/1141 922/1304/1139
f 1170/1306/1141 920/1257/1092 550/1196/1031
f 931/1299/1134 526/1258/1093 920/1257/1092
f 946/1298/1133 553/1242/1077 944/1239/1074
f 531/1307/1142 946/1298/1133 1171/1308/1143
f 944/1239/1074 532/1238/1073 898/1309/1144
f 854/1170/1005 510/1159/994 948/1310/1145
f 511/1167/1002 854/1170/1005 1172/1311/1146
f 1172/1312/1146 911/1286/1121 545/1285/1120
f 948/1313/1145 544/1275/1110 911/1286/1121
f 503/1099/934 950/1314/1147 1173/1315/1148
f 847/1133/968 1173/1315/1148 949/1316/1149
f 949/1317/1149 1173/1318/1148 904/1246/1081
f 1173/1318/1148 950/1319/1147 537/1215/1050
f 840/1181/1016 497/1180/1015 952/1320/1150
f 498/1185/1020 840/1181/1016 1174/1321/1151
f 1174/1322/1151 897/1297/1132 531/1307/1142
f 952/1323/1150 530/1295/1130 897/1297/1132
f 855/1168/1003 511/1167/1002 947/1324/1152
f 855/1168/1003 1175/1325/1153 953/1326/1154
f 953/1327/1154 1175/1328/1153 912/1281/1116
f 947/1329/1152 545/1285/1120 912/1281/1116
f 504/1123/958 949/1316/1149 1176/1330/1155
f 505/1331/1156 848/1121/956 1176/1330/1155
f 954/1332/1157 1176/1333/1155 905/1235/1070
f 1176/1333/1155 949/1317/1149 538/1236/1071
f 841/1193/1028 498/1185/1020 951/1334/1158
f 499/1124/959 841/1193/1028 1177/1335/1159
f 1177/1336/1159 898/1309/1144 532/1238/1073
f 951/1337/1158 531/1307/1142 898/1309/1144
f 512/1164/999 953/1326/1154 1178/1338/1160
f 856/1176/1011 1178/1338/1160 956/1339/1161
f 956/1340/1161 1178/1341/1160 913/1290/1125
f 1178/1341/1160 953/1327/1154 546/1280/1115
f 849/1120/955 505/1331/1156 954/1342/1157
f 849/1120/955 1179/1343/1162 957/1344/1163
f 957/1345/1163 1179/1346/1162 906/1231/1066
f 1179/1346/1162 954/1332/1157 539/1237/1072
f 842/1125/960 499/1124/959 955/1347/1164
f 842/1125/960 1180/1348/1165 958/1349/1166
f 958/1350/1166 1180/1351/1165 899/1241/1076
f 1180/1351/1165 955/1352/1164 532/1238/1073
f 513/1174/1009 956/1339/1161 1181/1353/1167
f 857/1175/1010 1181/1353/1167 959/1354/1168
f 1181/1355/1167 914/1288/1123 548/1274/1109
f 956/1340/1161 547/1291/1126 914/1288/1123
f 506/1117/952 957/1344/1163 1182/1356/1169
f 850/1153/988 1182/1356/1169 960/1357/1170
f 960/1358/1170 1182/1359/1169 907/1267/1102
f 1182/1359/1169 957/1345/1163 540/1230/1065
f 520/1116/951 962/1360/1171 1183/1361/1172
f 843/1188/1023 1183/1361/1172 961/1362/1173
f 1183/1363/1172 900/1302/1137 535/1220/1055
f 962/1364/1171 534/1301/1136 900/1302/1137
f 514/1172/1007 959/1354/1168 1184/1365/1174
f 858/1155/990 1184/1365/1174 963/1366/1175
f 963/1367/1175 1184/1368/1174 915/1269/1104
f 1184/1368/1174 959/1369/1168 548/1274/1109
f 836/1136/971 494/1138/973 965/1370/1176
f 492/1092/927 836/1136/971 1185/1371/1177
f 964/1372/1178 1185/1373/1177 893/1252/1087
f 1185/1373/1177 965/1374/1176 527/1255/1090
f 507/1151/986 960/1357/1170 1186/1375/1179
f 851/1086/921 1186/1375/1179 966/1376/1180
f 966/1377/1180 1186/1378/1179 908/1201/1036
f 1186/1378/1179 960/1358/1170 541/1266/1101
f 501/1107/942 961/1362/1173 1187/1379/1181
f 502/1105/940 844/1108/943 1187/1379/1181
f 967/1380/1182 1187/1381/1181 901/1219/1054
f 1187/1381/1181 961/1382/1173 535/1220/1055
f 515/1140/975 963/1366/1175 1188/1383/1183
f 494/1138/973 859/1141/976 1188/1383/1183
f 965/1374/1176 1188/1384/1183 916/1253/1088
f 1188/1384/1183 963/1367/1175 549/1254/1089
f 837/1093/928 492/1092/927 964/1385/1178
f 837/1093/928 1189/1386/1184 968/1387/1185
f 968/1388/1185 1189/1389/1184 894/1204/1039
f 964/1372/1178 525/1209/1044 894/1204/1039
f 508/1084/919 966/1376/1180 1190/1390/1186
f 852/1147/982 1190/1390/1186 969/1391/1187
f 969/1392/1187 1190/1393/1186 909/1261/1096
f 1190/1393/1186 966/1377/1180 542/1202/1037
f 845/1134/969 502/1105/940 967/1394/1182
f 490/1101/936 845/1134/969 1191/1395/1188
f 1191/1396/1188 902/1249/1084 523/1213/1048
f 1191/1396/1188 967/1380/1182 536/1222/1057
f 838/1090/925 495/1089/924 968/1387/1185
f 496/1094/929 838/1090/925 1192/1397/1189
f 1192/1398/1189 895/1208/1043 529/1207/1042
f 968/1388/1185 528/1203/1038 895/1208/1043
f 509/1145/980 969/1391/1187 1193/1399/1190
f 853/1162/997 1193/1399/1190 948/1310/1145
f 948/1313/1145 1193/1400/1190 910/1276/1111
f 1193/1400/1190 969/1392/1187 543/1262/1097
f 883/1110/945 500/1109/944 958/1349/1166
f 520/1116/951 883/1110/945 1194/1401/1191
f 1194/1402/1191 940/1226/1061 534/1301/1136
f 958/1350/1166 533/1223/1058 940/1226/1061
f 490/1101/936 970/1403/1192 1195/1404/1193
f 846/1102/937 1195/1404/1193 950/1314/1147
f 950/1319/1147 1195/1405/1193 903/1216/1051
f 970/1406/1192 523/1213/1048 903/1216/1051
f 839/1179/1014 496/1094/929 971/1407/1194
f 497/1180/1015 839/1179/1014 1196/1408/1195
f 1196/1409/1195 896/1293/1128 530/1295/1130
f 971/1410/1194 529/1207/1042 896/1293/1128
f 1300/1411/1196 1224/1412/1197 1294/1413/1198
f 1216/1414/1199 1300/1411/1196 1402/1415/1200
f 1281/1416/1201 1402/1415/1200 1303/1417/1202
f 1402/1415/1200 1294/1413/1198 1225/1418/1203
f 1203/1419/1204 1268/1420/1205 1403/1421/1206
f 1200/1422/1207 1267/1423/1208 1403/1421/1206
f 1268/1420/1205 1204/1424/1209 1311/1425/1210
f 1298/1426/1211 1197/1427/1212 1263/1428/1213
f 1211/1429/1214 1298/1426/1211 1404/1430/1215
f 1198/1431/1216 1276/1432/1217 1404/1430/1215
f 1197/1427/1212 1290/1433/1218 1405/1434/1219
f 1274/1435/1220 1210/1436/1221 1297/1437/1222
f 1290/1433/1218 1209/1438/1223 1274/1435/1220
f 1208/1439/1224 1313/1440/1225 1406/1441/1226
f 1199/1442/1227 1316/1443/1228 1406/1441/1226
f 1312/1444/1229 1406/1441/1226 1314/1445/1230
f 1313/1440/1225 1228/1446/1231 1314/1445/1230
f 1214/1447/1232 1301/1448/1233 1407/1449/1234
f 1279/1450/1235 1407/1449/1234 1278/1451/1236
f 1407/1449/1234 1302/1452/1237 1212/1453/1238
f 1301/1448/1233 1225/1418/1203 1302/1452/1237
f 1207/1454/1239 1272/1455/1240 1408/1456/1241
f 1318/1457/1242 1229/1458/1243 1317/1459/1244
f 1208/1439/1224 1318/1457/1242 1408/1456/1241
f 1197/1427/1212 1298/1426/1211 1409/1460/1245
f 1264/1461/1246 1409/1460/1245 1315/1462/1247
f 1409/1460/1245 1277/1463/1248 1212/1453/1238
f 1298/1426/1211 1211/1429/1214 1277/1463/1248
f 1275/1464/1249 1198/1431/1216 1263/1428/1213
f 1210/1436/1221 1275/1464/1249 1410/1465/1250
f 1263/1428/1213 1197/1427/1212 1297/1437/1222
f 1266/1466/1251 1200/1422/1207 1305/1467/1252
f 1202/1468/1253 1266/1466/1251 1411/1469/1254
f 1305/1467/1252 1223/1470/1255 1289/1471/1256
f 1299/1472/1257 1201/1473/1258 1293/1474/1259
f 1217/1475/1260 1299/1472/1257 1412/1476/1261
f 1282/1477/1262 1412/1476/1261 1300/1411/1196
f 1412/1476/1261 1293/1474/1259 1224/1412/1197
f 1292/1478/1263 1212/1453/1238 1302/1452/1237
f 1199/1442/1227 1292/1478/1263 1413/1479/1264
f 1291/1480/1265 1413/1479/1264 1294/1413/1198
f 1413/1479/1264 1302/1452/1237 1225/1418/1203
f 1215/1481/1266 1303/1417/1202 1414/1482/1267
f 1301/1448/1233 1214/1447/1232 1280/1483/1268
f 1225/1418/1203 1301/1448/1233 1414/1482/1267
f 1223/1470/1255 1305/1467/1252 1415/1484/1269
f 1288/1485/1270 1415/1484/1269 1310/1486/1271
f 1415/1484/1269 1308/1487/1272 1226/1488/1273
f 1305/1467/1252 1200/1422/1207 1308/1487/1272
f 1218/1489/1274 1306/1490/1275 1416/1491/1276
f 1283/1492/1277 1416/1491/1276 1299/1472/1257
f 1416/1491/1276 1265/1493/1278 1201/1473/1258
f 1306/1490/1275 1200/1422/1207 1265/1493/1278
f 1220/1494/1279 1307/1495/1280 1417/1496/1281
f 1219/1497/1282 1285/1498/1283 1417/1496/1281
f 1307/1495/1280 1226/1488/1273 1309/1499/1284
f 1284/1500/1285 1219/1497/1282 1309/1499/1284
f 1218/1489/1274 1284/1500/1285 1418/1501/1286
f 1306/1490/1275 1418/1501/1286 1308/1487/1272
f 1418/1501/1286 1309/1499/1284 1226/1488/1273
f 1287/1502/1287 1222/1503/1288 1310/1486/1271
f 1221/1504/1289 1287/1502/1287 1419/1505/1290
f 1286/1506/1291 1419/1505/1290 1307/1495/1280
f 1419/1505/1290 1310/1486/1271 1226/1488/1273
f 1265/1493/1278 1200/1422/1207 1311/1425/1210
f 1201/1473/1258 1265/1493/1278 1420/1507/1292
f 1296/1508/1293 1420/1507/1292 1269/1509/1294
f 1420/1507/1292 1311/1425/1210 1204/1424/1209
f 1205/1510/1295 1270/1511/1296 1421/1512/1297
f 1296/1508/1293 1421/1512/1297 1304/1513/1298
f 1421/1512/1297 1319/1514/1299 1229/1458/1243
f 1270/1511/1296 1206/1515/1300 1319/1514/1299
f 1227/1516/1301 1314/1445/1230 1422/1517/1302
f 1264/1461/1246 1422/1517/1302 1290/1433/1218
f 1422/1517/1302 1273/1518/1303 1209/1438/1223
f 1422/1517/1302 1314/1445/1230 1228/1446/1231
f 1227/1516/1301 1315/1462/1247 1423/1519/1304
f 1292/1478/1263 1199/1442/1227 1312/1444/1229
f 1212/1453/1238 1292/1478/1263 1423/1519/1304
f 1208/1439/1224 1316/1443/1228 1424/1520/1305
f 1291/1480/1265 1224/1412/1197 1295/1521/1306
f 1316/1443/1228 1199/1442/1227 1291/1480/1265
f 1229/1458/1243 1318/1457/1242 1425/1522/1307
f 1304/1513/1298 1425/1522/1307 1293/1474/1259
f 1425/1522/1307 1295/1521/1306 1224/1412/1197
f 1318/1457/1242 1208/1439/1224 1295/1521/1306
f 1229/1458/1243 1319/1514/1299 1426/1523/1308
f 1271/1524/1309 1207/1454/1239 1317/1459/1244
f 1206/1515/1300 1271/1524/1309 1426/1523/1308
f 1351/1525/1310 1258/1526/1311 1357/1527/1312
f 1260/1528/1313 1351/1525/1310 1427/1529/1314
f 1360/1530/1315 1427/1529/1314 1338/1531/1316
f 1427/1529/1314 1357/1527/1312 1250/1532/1317
f 1236/1533/1318 1324/1534/1319 1428/1535/1320
f 1368/1536/1321 1237/1537/1322 1325/1538/1323
f 1233/1539/1324 1368/1536/1321 1428/1535/1320
f 1320/1540/1325 1230/1541/1326 1355/1542/1327
f 1231/1543/1328 1320/1540/1325 1429/1544/1329
f 1245/1545/1330 1333/1546/1331 1429/1544/1329
f 1230/1541/1326 1354/1547/1332 1430/1548/1333
f 1331/1549/1334 1243/1550/1335 1347/1551/1336
f 1244/1552/1337 1331/1549/1334 1430/1548/1333
f 1241/1553/1338 1373/1554/1339 1431/1555/1340
f 1370/1556/1341 1431/1555/1340 1371/1557/1342
f 1371/1557/1342 1431/1555/1340 1369/1558/1343
f 1431/1555/1340 1373/1554/1339 1259/1559/1344
f 1248/1560/1345 1336/1561/1346 1432/1562/1347
f 1358/1563/1348 1432/1562/1347 1359/1564/1349
f 1432/1562/1347 1335/1565/1350 1246/1566/1351
f 1336/1561/1346 1247/1567/1352 1335/1565/1350
f 1240/1568/1353 1374/1569/1354 1433/1570/1355
f 1241/1553/1338 1329/1571/1356 1433/1570/1355
f 1374/1569/1354 1261/1572/1357 1375/1573/1358
f 1230/1541/1326 1321/1574/1359 1434/1575/1360
f 1355/1542/1327 1434/1575/1360 1334/1576/1361
f 1434/1575/1360 1372/1577/1362 1246/1566/1351
f 1321/1574/1359 1232/1578/1363 1372/1577/1362
f 1320/1540/1325 1231/1543/1328 1332/1579/1364
f 1354/1547/1332 1230/1541/1326 1320/1540/1325
f 1244/1552/1337 1354/1547/1332 1435/1580/1365
f 1362/1581/1366 1233/1539/1324 1323/1582/1367
f 1346/1583/1368 1257/1584/1369 1362/1581/1366
f 1235/1585/1370 1346/1583/1368 1436/1586/1371
f 1350/1587/1372 1234/1588/1373 1356/1589/1374
f 1258/1526/1311 1350/1587/1372 1437/1590/1375
f 1357/1527/1312 1437/1590/1375 1339/1591/1376
f 1437/1590/1375 1356/1589/1374 1251/1592/1377
f 1359/1564/1349 1246/1566/1351 1349/1593/1378
f 1260/1528/1313 1359/1564/1349 1438/1594/1379
f 1351/1525/1310 1438/1594/1379 1348/1595/1380
f 1438/1594/1379 1349/1593/1378 1259/1559/1344
f 1249/1596/1381 1337/1597/1382 1439/1598/1383
f 1260/1528/1313 1360/1530/1315 1439/1598/1383
f 1337/1597/1382 1248/1560/1345 1358/1563/1348
f 1257/1584/1369 1345/1599/1384 1440/1600/1385
f 1362/1581/1366 1440/1600/1385 1365/1601/1386
f 1440/1600/1385 1367/1602/1387 1262/1603/1388
f 1345/1599/1384 1256/1604/1389 1367/1602/1387
f 1252/1605/1390 1340/1606/1391 1441/1607/1392
f 1363/1608/1393 1441/1607/1392 1322/1609/1394
f 1441/1607/1392 1356/1589/1374 1234/1588/1373
f 1340/1606/1391 1251/1592/1377 1356/1589/1374
f 1254/1610/1395 1342/1611/1396 1442/1612/1397
f 1366/1613/1398 1262/1603/1388 1364/1614/1399
f 1253/1615/1400 1366/1613/1398 1442/1612/1397
f 1366/1613/1398 1253/1615/1400 1341/1616/1401
f 1262/1603/1388 1366/1613/1398 1443/1617/1402
f 1365/1601/1386 1443/1617/1402 1363/1608/1393
f 1443/1617/1402 1341/1616/1401 1252/1605/1390
f 1367/1602/1387 1256/1604/1389 1344/1618/1403
f 1262/1603/1388 1367/1602/1387 1444/1619/1404
f 1364/1614/1399 1444/1619/1404 1343/1620/1405
f 1444/1619/1404 1344/1618/1403 1255/1621/1406
f 1368/1536/1321 1233/1539/1324 1322/1609/1394
f 1237/1537/1322 1368/1536/1321 1445/1622/1407
f 1326/1623/1408 1445/1622/1407 1353/1624/1409
f 1445/1622/1407 1322/1609/1394 1234/1588/1373
f 1238/1625/1410 1353/1624/1409 1446/1626/1411
f 1327/1627/1412 1446/1626/1411 1376/1628/1413
f 1446/1626/1411 1361/1629/1414 1261/1572/1357
f 1353/1624/1409 1234/1588/1373 1361/1629/1414
f 1232/1578/1363 1321/1574/1359 1447/1630/1415
f 1242/1631/1416 1371/1557/1342 1447/1630/1415
f 1447/1630/1415 1347/1551/1336 1243/1550/1335
f 1321/1574/1359 1230/1541/1326 1347/1551/1336
f 1232/1578/1363 1369/1558/1343 1448/1632/1417
f 1246/1566/1351 1372/1577/1362 1448/1632/1417
f 1369/1558/1343 1259/1559/1344 1349/1593/1378
f 1241/1553/1338 1352/1633/1418 1449/1634/1419
f 1348/1595/1380 1259/1559/1344 1373/1554/1339
f 1352/1633/1418 1258/1526/1311 1348/1595/1380
f 1261/1572/1357 1361/1629/1414 1450/1635/1420
f 1375/1573/1358 1450/1635/1420 1352/1633/1418
f 1450/1635/1420 1350/1587/1372 1258/1526/1311
f 1361/1629/1414 1234/1588/1373 1350/1587/1372
f 1261/1572/1357 1374/1569/1354 1451/1636/1421
f 1239/1637/1422 1376/1628/1413 1451/1636/1421
f 1374/1569/1354 1240/1568/1353 1328/1638/1423
f 1284/1500/1285 1218/1489/1274 1378/1639/1424
f 1219/1497/1282 1284/1500/1285 1452/1640/1425
f 1452/1641/1425 1341/1616/1401 1253/1615/1400
f 1378/1642/1424 1252/1605/1390 1341/1616/1401
f 1211/1429/1214 1380/1643/1426 1453/1644/1427
f 1277/1463/1248 1453/1644/1427 1379/1645/1428
f 1379/1646/1428 1453/1647/1427 1334/1576/1361
f 1453/1647/1427 1380/1648/1426 1245/1545/1330
f 1270/1511/1296 1205/1510/1295 1382/1649/1429
f 1206/1515/1300 1270/1511/1296 1454/1650/1430
f 1454/1651/1430 1327/1627/1412 1239/1637/1422
f 1382/1652/1429 1238/1625/1410 1327/1627/1412
f 1285/1498/1283 1219/1497/1282 1377/1653/1431
f 1285/1498/1283 1455/1654/1432 1383/1655/1433
f 1383/1656/1433 1455/1657/1432 1342/1611/1396
f 1377/1658/1431 1253/1615/1400 1342/1611/1396
f 1212/1453/1238 1379/1645/1428 1456/1659/1434
f 1213/1660/1435 1278/1451/1236 1456/1659/1434
f 1384/1661/1436 1456/1662/1434 1335/1565/1350
f 1456/1662/1434 1379/1646/1428 1246/1566/1351
f 1271/1524/1309 1206/1515/1300 1381/1663/1437
f 1207/1454/1239 1271/1524/1309 1457/1664/1438
f 1457/1665/1438 1328/1638/1423 1240/1568/1353
f 1381/1666/1437 1239/1637/1422 1328/1638/1423
f 1220/1494/1279 1383/1655/1433 1458/1667/1439
f 1286/1506/1291 1458/1667/1439 1386/1668/1440
f 1386/1669/1440 1458/1670/1439 1343/1620/1405
f 1458/1670/1439 1383/1656/1433 1254/1610/1395
f 1279/1450/1235 1213/1660/1435 1384/1671/1436
f 1279/1450/1235 1459/1672/1441 1387/1673/1442
f 1387/1674/1442 1459/1675/1441 1336/1561/1346
f 1459/1675/1441 1384/1661/1436 1247/1567/1352
f 1272/1455/1240 1207/1454/1239 1385/1676/1443
f 1272/1455/1240 1460/1677/1444 1388/1678/1445
f 1388/1679/1445 1460/1680/1444 1329/1571/1356
f 1385/1681/1443 1240/1568/1353 1329/1571/1356
f 1221/1504/1289 1386/1668/1440 1461/1682/1446
f 1287/1502/1287 1461/1682/1446 1389/1683/1447
f 1461/1684/1446 1344/1618/1403 1256/1604/1389
f 1386/1669/1440 1255/1621/1406 1344/1618/1403
f 1214/1447/1232 1387/1673/1442 1462/1685/1448
f 1280/1483/1268 1462/1685/1448 1390/1686/1449
f 1390/1687/1449 1462/1688/1448 1337/1597/1382
f 1462/1688/1448 1387/1674/1442 1248/1560/1345
f 1228/1446/1231 1392/1689/1450 1463/1690/1451
f 1273/1518/1303 1463/1690/1451 1391/1691/1452
f 1463/1692/1451 1330/1693/1453 1243/1550/1335
f 1392/1694/1450 1242/1631/1416 1330/1693/1453
f 1222/1503/1288 1389/1683/1447 1464/1695/1454
f 1288/1485/1270 1464/1695/1454 1393/1696/1455
f 1393/1697/1455 1464/1698/1454 1345/1599/1384
f 1464/1698/1454 1389/1699/1447 1256/1604/1389
f 1266/1466/1251 1202/1468/1253 1395/1700/1456
f 1200/1422/1207 1266/1466/1251 1465/1701/1457
f 1394/1702/1458 1465/1703/1457 1323/1582/1367
f 1465/1703/1457 1395/1704/1456 1235/1585/1370
f 1215/1481/1266 1390/1686/1449 1466/1705/1459
f 1281/1416/1201 1466/1705/1459 1396/1706/1460
f 1396/1707/1460 1466/1708/1459 1338/1531/1316
f 1466/1708/1459 1390/1687/1449 1249/1596/1381
f 1209/1438/1223 1391/1691/1452 1467/1709/1461
f 1210/1436/1221 1274/1435/1220 1467/1709/1461
f 1397/1710/1462 1467/1711/1461 1331/1549/1334
f 1467/1711/1461 1391/1712/1452 1243/1550/1335
f 1223/1470/1255 1393/1696/1455 1468/1713/1463
f 1202/1468/1253 1289/1471/1256 1468/1713/1463
f 1395/1704/1456 1468/1714/1463 1346/1583/1368
f 1468/1714/1463 1393/1697/1455 1257/1584/1369
f 1267/1423/1208 1200/1422/1207 1394/1715/1458
f 1267/1423/1208 1469/1716/1464 1398/1717/1465
f 1398/1718/1465 1469/1719/1464 1324/1534/1319
f 1394/1702/1458 1233/1539/1324 1324/1534/1319
f 1216/1414/1199 1396/1706/1460 1470/1720/1466
f 1282/1477/1262 1470/1720/1466 1399/1721/1467
f 1399/1722/1467 1470/1723/1466 1339/1591/1376
f 1470/1723/1466 1396/1707/1460 1250/1532/1317
f 1275/1464/1249 1210/1436/1221 1397/1724/1462
f 1198/1431/1216 1275/1464/1249 1471/1725/1468
f 1471/1726/1468 1332/1579/1364 1231/1543/1328
f 1471/1726/1468 1397/1710/1462 1244/1552/1337
f 1268/1420/1205 1203/1419/1204 1398/1717/1465
f 1204/1424/1209 1268/1420/1205 1472/1727/1469
f 1472/1728/1469 1325/1538/1323 1237/1537/1322
f 1398/1718/1465 1236/1533/1318 1325/1538/1323
f 1217/1475/1260 1399/1721/1467 1473/1729/1470
f 1283/1492/1277 1473/1729/1470 1378/1639/1424
f 1378/1642/1424 1473/1730/1470 1340/1606/1391
f 1473/1730/1470 1399/1722/1467 1251/1592/1377
f 1313/1440/1225 1208/1439/1224 1388/1678/1445
f 1228/1446/1231 1313/1440/1225 1474/1731/1471
f 1474/1732/1471 1370/1556/1341 1242/1631/1416
f 1388/1679/1445 1241/1553/1338 1370/1556/1341
f 1198/1431/1216 1400/1733/1472 1475/1734/1473
f 1276/1432/1217 1475/1734/1473 1380/1643/1426
f 1380/1648/1426 1475/1735/1473 1333/1546/1331
f 1400/1736/1472 1231/1543/1328 1333/1546/1331
f 1269/1509/1294 1204/1424/1209 1401/1737/1474
f 1205/1510/1295 1269/1509/1294 1476/1738/1475
f 1476/1739/1475 1326/1623/1408 1238/1625/1410
f 1401/1740/1474 1237/1537/1322 1326/1623/1408
f 1483/1741/1476 1495/1742/1477 1494/1743/1478
f 1477/1744/1479 1478/1745/1480 1488/1746/1481
f 1630/1747/1482 1496/1748/1483 1495/1742/1477
f 1478/1745/1480 1479/1749/1484 1489/1750/1485
f 1484/1751/1486 1497/1752/1487 1496/1748/1483
f 1479/1749/1484 1628/1753/1488 1490/1754/1489
f 1485/1755/1490 1498/1756/1491 1497/1752/1487
f 1628/1753/1488 1480/1757/1492 1491/1758/1493
f 1486/1759/1494 1499/1760/1495 1498/1756/1491
f 1480/1757/1492 1481/1761/1496 1492/1762/1497
f 1561/1763/1498 1499/1760/1495 1486/1759/1494
f 1481/1761/1496 1629/1764/1499 1493/1765/1500
f 1482/1766/1501 1494/1743/1478 1493/1765/1500
f 1477/1744/1479 1487/1767/1502 1575/1768/1503
f 1487/1767/1502 1488/1746/1481 1501/1769/1504
f 1561/1763/1498 1502/1770/1505 1499/1760/1495
f 1487/1767/1502 1500/1771/1506 1575/1768/1503
f 1561/1763/1498 1505/1772/1507 1502/1770/1505
f 1500/1771/1506 1503/1773/1508 1575/1768/1503
f 1500/1771/1506 1501/1769/1504 1504/1774/1509
f 1561/1763/1498 1508/1775/1510 1505/1772/1507
f 1503/1773/1508 1506/1776/1511 1575/1768/1503
f 1504/1774/1509 1507/1777/1512 1506/1776/1511
f 1561/1763/1498 1521/1778/1513 1508/1775/1510
f 1506/1776/1511 1509/1779/1514 1575/1768/1503
f 1507/1777/1512 1510/1780/1515 1509/1779/1514
f 1519/1781/1516 1520/1782/1517 1533/1783/1518
f 1513/1784/1519 1526/1785/1520 1525/1786/1521
f 1520/1782/1517 1521/1778/1513 1534/1787/1522
f 1514/1788/1523 1527/1789/1524 1526/1785/1520
f 1561/1763/1498 1534/1787/1522 1521/1778/1513
f 1515/1790/1525 1528/1791/1526 1527/1789/1524
f 1515/1790/1525 1516/1792/1527 1529/1793/1528
f 1509/1779/1514 1522/1794/1529 1575/1768/1503
f 1516/1792/1527 1517/1795/1530 1530/1796/1531
f 1510/1780/1515 1523/1797/1532 1522/1794/1529
f 1517/1795/1530 1518/1798/1533 1531/1799/1534
f 1511/1800/1535 1524/1801/1536 1523/1797/1532
f 1518/1798/1533 1519/1781/1516 1532/1802/1537
f 1512/1803/1538 1525/1786/1521 1524/1801/1536
f 1526/1785/1520 1539/1804/1539 1538/1805/1540
f 1533/1783/1518 1534/1787/1522 1547/1806/1541
f 1527/1789/1524 1540/1807/1542 1539/1804/1539
f 1561/1763/1498 1547/1806/1541 1534/1787/1522
f 1528/1791/1526 1541/1808/1543 1540/1807/1542
f 1528/1791/1526 1529/1793/1528 1542/1809/1544
f 1522/1794/1529 1535/1810/1545 1575/1768/1503
f 1529/1793/1528 1530/1796/1531 1543/1811/1546
f 1523/1797/1532 1536/1812/1547 1535/1810/1545
f 1530/1796/1531 1531/1799/1534 1544/1813/1548
f 1524/1801/1536 1537/1814/1549 1536/1812/1547
f 1531/1799/1534 1532/1802/1537 1545/1815/1550
f 1525/1786/1521 1538/1805/1540 1537/1814/1549
f 1532/1802/1537 1533/1783/1518 1546/1816/1551
f 1547/1817/1541 1560/1818/1552 1559/1819/1553
f 1539/1820/1539 1540/1821/1542 1553/1822/1554
f 1561/1823/1498 1560/1818/1552 1547/1817/1541
f 1540/1821/1542 1541/1824/1543 1554/1825/1555
f 1542/1826/1544 1555/1827/1556 1554/1825/1555
f 1535/1828/1545 1548/1829/1557 1575/1830/1503
f 1543/1831/1546 1556/1832/1558 1555/1827/1556
f 1535/1828/1545 1536/1833/1547 1549/1834/1559
f 1544/1835/1548 1557/1836/1560 1556/1832/1558
f 1536/1833/1547 1537/1837/1549 1550/1838/1561
f 1545/1839/1550 1558/1840/1562 1557/1836/1560
f 1537/1837/1549 1538/1841/1540 1551/1842/1563
f 1546/1843/1551 1559/1819/1553 1558/1840/1562
f 1538/1841/1540 1539/1820/1539 1552/1844/1564
f 1561/1823/1498 1574/1845/1565 1560/1818/1552
f 1553/1822/1554 1554/1825/1555 1568/1846/1566
f 1555/1827/1556 1569/1847/1567 1568/1846/1566
f 1548/1829/1557 1562/1848/1568 1575/1830/1503
f 1556/1832/1558 1570/1849/1569 1569/1847/1567
f 1548/1829/1557 1549/1834/1559 1563/1850/1570
f 1557/1836/1560 1571/1851/1571 1570/1849/1569
f 1549/1834/1559 1550/1838/1561 1564/1852/1572
f 1558/1840/1562 1572/1853/1573 1571/1851/1571
f 1550/1838/1561 1551/1842/1563 1565/1854/1574
f 1559/1819/1553 1573/1855/1575 1572/1853/1573
f 1551/1842/1563 1552/1844/1564 1566/1856/1576
f 1560/1818/1552 1574/1845/1565 1573/1855/1575
f 1552/1844/1564 1553/1822/1554 1567/1857/1577
f 1567/1857/1577 1568/1846/1566 1582/1858/1578
f 1569/1847/1567 1583/1859/1579 1582/1858/1578
f 1562/1848/1568 1576/1860/1580 1575/1830/1503
f 1570/1849/1569 1584/1861/1581 1583/1859/1579
f 1562/1848/1568 1563/1850/1570 1577/1862/1582
f 1571/1851/1571 1585/1863/1583 1584/1861/1581
f 1563/1850/1570 1564/1852/1572 1578/1864/1584
f 1572/1853/1573 1586/1865/1585 1585/1863/1583
f 1564/1852/1572 1565/1854/1574 1579/1866/1586
f 1573/1855/1575 1587/1867/1587 1586/1865/1585
f 1565/1854/1574 1566/1856/1576 1580/1868/1588
f 1574/1845/1565 1588/1869/1589 1587/1867/1587
f 1566/1856/1576 1567/1857/1577 1581/1870/1590
f 1561/1823/1498 1588/1869/1589 1574/1845/1565
f 1583/1859/1579 1596/1871/1591 1595/1872/1592
f 1576/1860/1580 1589/1873/1593 1575/1830/1503
f 1583/1859/1579 1584/1861/1581 1597/1874/1594
f 1577/1862/1582 1590/1875/1595 1589/1873/1593
f 1585/1863/1583 1598/1876/1596 1597/1874/1594
f 1578/1864/1584 1591/1877/1597 1590/1875/1595
f 1585/1863/1583 1586/1865/1585 1599/1878/1598
f 1579/1866/1586 1592/1879/1599 1591/1877/1597
f 1587/1867/1587 1600/1880/1600 1599/1878/1598
f 1579/1866/1586 1580/1868/1588 1593/1881/1601
f 1587/1867/1587 1588/1869/1589 1601/1882/1602
f 1580/1868/1588 1581/1870/1590 1594/1883/1603
f 1561/1823/1498 1601/1882/1602 1588/1869/1589
f 1582/1858/1578 1595/1872/1592 1594/1883/1603
f 1595/1872/1592 1596/1871/1591 1609/1884/1604
f 1589/1873/1593 1602/1885/1605 1575/1830/1503
f 1596/1871/1591 1597/1874/1594 1610/1886/1606
f 1590/1875/1595 1603/1887/1607 1602/1885/1605
f 1597/1874/1594 1598/1876/1596 1611/1888/1608
f 1591/1877/1597 1604/1889/1609 1603/1887/1607
f 1598/1876/1596 1599/1878/1598 1612/1890/1610
f 1592/1879/1599 1605/1891/1611 1604/1889/1609
f 1599/1878/1598 1600/1880/1600 1613/1892/1612
f 1593/1881/1601 1606/1893/1613 1605/1891/1611
f 1600/1880/1600 1601/1882/1602 1614/1894/1614
f 1594/1883/1603 1607/1895/1615 1606/1893/1613
f 1561/1823/1498 1614/1894/1614 1601/1882/1602
f 1595/1872/1592 1608/1896/1616 1607/1895/1615
f 1609/1884/1604 1610/1886/1606 1623/1897/1617
f 1603/1887/1607 1616/1898/1618 1615/1899/1619
f 1610/1886/1606 1611/1888/1608 1624/1900/1620
f 1604/1889/1609 1617/1901/1621 1616/1898/1618
f 1611/1888/1608 1612/1890/1610 1625/1902/1622
f 1605/1891/1611 1618/1903/1623 1617/1901/1621
f 1612/1890/1610 1613/1892/1612 1626/1904/1624
f 1606/1893/1613 1619/1905/1625 1618/1903/1623
f 1613/1892/1612 1614/1894/1614 1627/1906/1626
f 1607/1895/1615 1620/1907/1627 1619/1905/1625
f 1561/1823/1498 1627/1906/1626 1614/1894/1614
f 1608/1896/1616 1621/1908/1628 1620/1907/1627
f 1608/1896/1616 1609/1884/1604 1622/1909/1629
f 1602/1885/1605 1615/1899/1619 1575/1830/1503
f 1616/1898/1618 1478/1910/1480 1477/1911/1479
f 1623/1897/1617 1624/1900/1620 1630/1912/1482
f 1617/1901/1621 1479/1913/1484 1478/1910/1480
f 1624/1900/1620 1625/1902/1622 1484/1914/1486
f 1618/1903/1623 1628/1915/1488 1479/1913/1484
f 1625/1902/1622 1626/1904/1624 1485/1916/1490
f 1619/1905/1625 1480/1917/1492 1628/1915/1488
f 1626/1904/1624 1627/1906/1626 1486/1918/1494
f 1620/1907/1627 1481/1919/1496 1480/1917/1492
f 1561/1823/1498 1486/1918/1494 1627/1906/1626
f 1621/1908/1628 1629/1920/1499 1481/1919/1496
f 1621/1908/1628 1622/1909/1629 1482/1921/1501
f 1615/1899/1619 1477/1911/1479 1575/1830/1503
f 1622/1909/1629 1623/1897/1617 1483/1922/1476
f 1651/1923/1630 1641/1924/1631 1633/1925/1632
f 1632/1926/1633 1638/1927/1634 1648/1928/1635
f 1639/1929/1636 1640/1930/1637 1650/1931/1638
f 1644/1932/1639 1633/1925/1632 1637/1933/1640
f 1650/1931/1638 1640/1930/1637 1641/1924/1631
f 1637/1933/1640 1634/1934/1641 1645/1935/1642
f 1645/1935/1642 1634/1934/1641 1636/1936/1643
f 1631/1937/1644 1639/1929/1636 1649/1938/1645
f 1636/1939/1643 1632/1926/1633 1643/1940/1646
f 1638/1927/1634 1631/1937/1644 1642/1941/1647
f 1661/1942/1648 1651/1923/1630 1644/1932/1639
f 1649/1938/1645 1650/1931/1638 1660/1943/1649
f 1655/1944/1650 1645/1935/1642 1646/1945/1651
f 1646/1946/1651 1643/1940/1646 1653/1947/1652
f 1660/1943/1649 1650/1931/1638 1651/1923/1630
f 1657/1948/1653 1647/1949/1654 1645/1935/1642
f 1643/1940/1646 1648/1928/1635 1658/1950/1655
f 1642/1941/1647 1649/1938/1645 1659/1951/1656
f 1648/1928/1635 1642/1941/1647 1652/1952/1657
f 1654/1953/1658 1644/1932/1639 1647/1949/1654
f 1671/1954/1659 1662/1955/1660 1663/1956/1661
f 1672/1957/1662 1673/1958/1663 1664/1959/1664
f 1675/1960/1665 1666/1961/1666 1667/1962/1667
f 1667/1962/1667 1666/1961/1666 1671/1963/1659
f 1663/1956/1661 1662/1955/1660 1673/1958/1663
f 1669/1964/1668 1675/1960/1665 1674/1965/1669
f 1678/1966/1670 1679/1967/1671 1676/1968/1672
f 1681/1969/1673 1679/1967/1671 1678/1966/1670
f 1676/1968/1672 1669/1964/1668 1668/1970/1674
f 1665/1971/1675 1664/1959/1664 1681/1969/1673
f 1634/1934/1641 1662/1955/1660 1671/1954/1659
f 1663/1972/1661 1672/1973/1662 1635/1974/1676
f 1637/1933/1640 1673/1958/1663 1662/1955/1660
f 1633/1925/1632 1664/1959/1664 1673/1958/1663
f 1635/1974/1676 1672/1973/1662 1665/1975/1675
f 1641/1924/1631 1681/1969/1673 1664/1959/1664
f 1666/1961/1666 1675/1960/1665 1638/1927/1634
f 1667/1976/1667 1670/1977/1677 1635/1974/1676
f 1671/1963/1659 1666/1961/1666 1632/1926/1633
f 1675/1960/1665 1669/1964/1668 1631/1937/1644
f 1635/1974/1676 1677/1978/1678 1668/1979/1674
f 1669/1964/1668 1676/1968/1672 1639/1929/1636
f 1677/1978/1678 1635/1974/1676 1680/1980/1679
f 1676/1968/1672 1679/1967/1671 1640/1930/1637
f 1640/1930/1637 1679/1967/1671 1681/1969/1673
f 1659/1951/1656 1660/1943/1649 1690/1981/1680
f 1685/1982/1681 1655/1944/1650 1656/1983/1682
f 1686/1984/1683 1656/1985/1682 1653/1947/1652
f 1690/1981/1680 1660/1943/1649 1661/1942/1648
f 1657/1948/1653 1655/1944/1650 1685/1982/1681
f 1683/1986/1684 1653/1947/1652 1658/1950/1655
f 1652/1952/1657 1659/1951/1656 1689/1987/1685
f 1658/1950/1655 1652/1952/1657 1682/1988/1686
f 1684/1989/1687 1654/1953/1658 1657/1948/1653
f 1691/1990/1688 1661/1942/1648 1654/1953/1658
f 1752/1991/1689 1758/1992/1690 1711/1993/1691
f 1740/1994/1692 1733/1995/1693 1702/1996/1694
f 1745/1997/1695 1740/1994/1692 1703/1998/1696
f 1702/1996/1694 1733/1995/1693 1728/1999/1697
f 1707/2000/1698 1721/2001/1699 1716/2002/1700
f 1758/1992/1690 1763/2003/1701 1710/2004/1702
f 1709/2005/1703 1728/1999/1697 1769/2006/1704
f 1708/2007/1705 1769/2006/1704 1721/2001/1699
f 1763/2003/1701 1745/1997/1695 1706/2008/1706
f 1704/2009/1707 1716/2010/1700 1752/1991/1689
f 1759/2011/1708 1755/2012/1709 1760/2013/1710
f 1758/1992/1690 1759/2011/1708 1762/2014/1711
f 1711/1993/1691 1710/2004/1702 1764/2015/1712
f 1757/2016/1713 1764/2015/1712 1765/2017/1714
f 1756/2018/1715 1765/2017/1714 1761/2019/1716
f 1725/2020/1717 1766/2021/1718 1768/2022/1719
f 1729/2023/1720 1768/2022/1719 1769/2006/1704
f 1727/2024/1721 1709/2005/1703 1708/2007/1705
f 1726/2025/1722 1727/2024/1721 1770/2026/1723
f 1724/2027/1724 1726/2025/1722 1771/2028/1725
f 1766/2021/1718 1718/2029/1726 1720/2030/1727
f 1769/2006/1704 1768/2022/1719 1720/2030/1727
f 1770/2026/1723 1708/2007/1705 1707/2000/1698
f 1771/2028/1725 1770/2026/1723 1722/2031/1728
f 1767/2032/1729 1771/2028/1725 1723/2033/1730
f 1762/2014/1711 1760/2013/1710 1742/2034/1731
f 1763/2003/1701 1762/2014/1711 1744/2035/1732
f 1710/2004/1702 1706/2008/1706 1746/2036/1733
f 1764/2015/1712 1746/2036/1733 1747/2037/1734
f 1765/2017/1714 1747/2037/1734 1743/2038/1735
f 1753/2039/1736 1749/2040/1737 1755/2012/1709
f 1752/1991/1689 1753/2039/1736 1759/2011/1708
f 1751/2041/1738 1705/2042/1739 1711/1993/1691
f 1751/2041/1738 1757/2016/1713 1756/2018/1715
f 1750/2043/1740 1756/2018/1715 1754/2044/1741
f 1717/2045/1742 1713/2046/1743 1749/2040/1737
f 1716/2010/1700 1717/2045/1742 1753/2039/1736
f 1715/2047/1744 1704/2009/1707 1705/2042/1739
f 1714/2048/1745 1715/2047/1744 1751/2041/1738
f 1714/2048/1745 1750/2043/1740 1748/2049/1746
f 1737/2050/1747 1730/2051/1748 1732/2052/1749
f 1741/2053/1750 1732/2052/1749 1733/1995/1693
f 1703/1998/1696 1702/1996/1694 1734/2054/1751
f 1739/2055/1752 1734/2054/1751 1735/2056/1753
f 1736/2057/1754 1738/2058/1755 1735/2056/1753
f 1744/2035/1732 1742/2034/1731 1737/2050/1747
f 1745/1997/1695 1744/2035/1732 1741/2053/1750
f 1706/2008/1706 1703/1998/1696 1739/2055/1752
f 1746/2036/1733 1739/2055/1752 1738/2058/1755
f 1747/2037/1734 1738/2058/1755 1736/2057/1754
f 1730/2051/1748 1725/2020/1717 1729/2023/1720
f 1732/2052/1749 1729/2023/1720 1728/1999/1697
f 1702/1996/1694 1709/2005/1703 1727/2024/1721
f 1735/2056/1753 1734/2054/1751 1727/2024/1721
f 1731/2059/1756 1735/2056/1753 1726/2025/1722
f 1720/2030/1727 1718/2029/1726 1713/2060/1743
f 1721/2001/1699 1720/2030/1727 1717/2061/1742
f 1722/2031/1728 1707/2000/1698 1704/2062/1707
f 1723/2033/1730 1722/2031/1728 1715/2063/1744
f 1719/2064/1757 1723/2033/1730 1714/2065/1745
f 1694/2066/1758 1749/2040/1737 1713/2046/1743
f 1697/2067/1759 1713/2060/1743 1718/2029/1726
f 1695/2068/1760 1718/2029/1726 1766/2021/1718
f 1766/2021/1718 1725/2020/1717 1693/2069/1761
f 1725/2020/1717 1730/2051/1748 1698/2070/1762
f 1730/2051/1748 1737/2050/1747 1692/2071/1763
f 1692/2071/1763 1737/2050/1747 1742/2034/1731
f 1742/2034/1731 1760/2013/1710 1700/2072/1764
f 1755/2012/1709 1749/2040/1737 1694/2066/1758
f 1760/2013/1710 1755/2012/1709 1701/2073/1765
f 1690/1981/1680 1736/2057/1754 1731/2059/1756
f 1691/1990/1688 1743/2038/1735 1736/2057/1754
f 1684/1989/1687 1761/2019/1716 1743/2038/1735
f 1687/2074/1766 1754/2044/1741 1761/2019/1716
f 1685/1982/1681 1748/2049/1746 1754/2044/1741
f 1686/2075/1683 1712/2076/1767 1748/2049/1746
f 1689/1987/1685 1731/2059/1756 1724/2027/1724
f 1682/1988/1686 1724/2027/1724 1767/2032/1729
f 1688/2077/1768 1767/2032/1729 1719/2064/1757
f 1683/1986/1684 1719/2064/1757 1712/2078/1767
f 1694/2066/1758 1697/2079/1759 1773/2080/1769
f 1697/2067/1759 1695/2068/1760 1774/2081/1770
f 1695/2068/1760 1696/2082/1771 1775/2083/1772
f 1696/2082/1771 1693/2069/1761 1776/2084/1773
f 1693/2069/1761 1698/2070/1762 1777/2085/1774
f 1692/2071/1763 1778/2086/1775 1777/2085/1774
f 1699/2087/1776 1779/2088/1777 1778/2086/1775
f 1700/2072/1764 1780/2089/1778 1779/2088/1777
f 1694/2066/1758 1772/2090/1779 1781/2091/1780
f 1701/2073/1765 1781/2091/1780 1780/2089/1778
f 1772/2090/1779 1773/2080/1769 1783/2092/1781
f 1773/2093/1769 1774/2081/1770 1784/2094/1782
f 1774/2081/1770 1775/2083/1772 1785/2095/1783
f 1775/2083/1772 1776/2084/1773 1786/2096/1784
f 1777/2085/1774 1787/2097/1785 1786/2096/1784
f 1778/2086/1775 1788/2098/1786 1787/2097/1785
f 1779/2088/1777 1789/2099/1787 1788/2098/1786
f 1780/2089/1778 1790/2100/1788 1789/2099/1787
f 1781/2091/1780 1772/2090/1779 1782/2101/1789
f 1780/2089/1778 1781/2091/1780 1791/2102/1790
f 1794/2103/1791 1802/2104/1792 1812/2105/1793
f 1793/2106/1794 1804/2107/1795 1809/2108/1796
f 1800/2109/1797 1810/2110/1798 1811/2111/1799
f 1798/2112/1800 1794/2103/1791 1805/2113/1801
f 1802/2104/1792 1801/2114/1802 1811/2111/1799
f 1798/2112/1800 1808/2115/1803 1806/2116/1804
f 1797/2117/1805 1795/2118/1806 1806/2116/1804
f 1792/2119/1807 1803/2120/1808 1810/2110/1798
f 1797/2121/1805 1807/2122/1809 1804/2107/1795
f 1799/2123/1810 1809/2108/1796 1803/2120/1808
f 1805/2113/1801 1812/2105/1793 1822/2124/1811
f 1810/2110/1798 1820/2125/1812 1821/2126/1813
f 1807/2127/1809 1806/2116/1804 1816/2128/1814
f 1807/2122/1809 1817/2129/1815 1814/2130/1816
f 1812/2105/1793 1811/2111/1799 1821/2126/1813
f 1806/2116/1804 1808/2115/1803 1818/2131/1817
f 1804/2107/1795 1814/2130/1816 1819/2132/1818
f 1803/2120/1808 1813/2133/1819 1820/2125/1812
f 1809/2108/1796 1819/2132/1818 1813/2133/1819
f 1808/2115/1803 1805/2113/1801 1815/2134/1820
f 1832/2135/1821 1831/2136/1822 1824/2137/1823
f 1825/2138/1824 1834/2139/1825 1833/2140/1826
f 1836/2141/1827 1835/2142/1828 1828/2143/1829
f 1832/2144/1821 1827/2145/1830 1828/2143/1829
f 1834/2139/1825 1823/2146/1831 1824/2137/1823
f 1830/2147/1832 1829/2148/1833 1835/2142/1828
f 1837/2149/1834 1840/2150/1835 1839/2151/1836
f 1842/2152/1837 1841/2153/1838 1839/2151/1836
f 1837/2149/1834 1838/2154/1839 1829/2148/1833
f 1842/2152/1837 1825/2138/1824 1826/2155/1840
f 1832/2135/1821 1823/2146/1831 1795/2118/1806
f 1824/2156/1823 1831/2157/1822 1796/2158/1841
f 1823/2146/1831 1834/2139/1825 1798/2112/1800
f 1834/2139/1825 1825/2138/1824 1794/2103/1791
f 1826/2159/1840 1833/2160/1826 1796/2158/1841
f 1825/2138/1824 1842/2152/1837 1802/2104/1792
f 1827/2145/1830 1793/2106/1794 1799/2123/1810
f 1796/2158/1841 1831/2157/1822 1828/2161/1829
f 1832/2144/1821 1797/2121/1805 1793/2106/1794
f 1836/2141/1827 1799/2123/1810 1792/2119/1807
f 1796/2158/1841 1835/2162/1828 1829/2163/1833
f 1830/2147/1832 1792/2119/1807 1800/2109/1797
f 1838/2164/1839 1839/2165/1836 1841/2166/1838
f 1837/2149/1834 1800/2109/1797 1801/2114/1802
f 1842/2152/1837 1840/2150/1835 1801/2114/1802
f 1820/2125/1812 1850/2167/1842 1851/2168/1843
f 1817/2169/1815 1816/2128/1814 1846/2170/1844
f 1814/2130/1816 1817/2129/1815 1847/2171/1845
f 1822/2124/1811 1821/2126/1813 1851/2168/1843
f 1818/2131/1817 1848/2172/1846 1846/2170/1844
f 1819/2132/1818 1814/2130/1816 1844/2173/1847
f 1813/2133/1819 1843/2174/1848 1850/2167/1842
f 1819/2132/1818 1849/2175/1849 1843/2174/1848
f 1818/2131/1817 1815/2134/1820 1845/2176/1850
f 1815/2134/1820 1822/2124/1811 1852/2177/1851
f 1913/2178/1852 1866/2179/1853 1872/2180/1854
f 1901/2181/1855 1864/2182/1856 1863/2183/1857
f 1906/2184/1858 1867/2185/1859 1864/2182/1856
f 1889/2186/1860 1894/2187/1861 1863/2183/1857
f 1877/2188/1862 1882/2189/1863 1868/2190/1864
f 1919/2191/1865 1872/2180/1854 1871/2192/1866
f 1930/2193/1867 1889/2186/1860 1870/2194/1868
f 1882/2189/1863 1930/2193/1867 1869/2195/1869
f 1924/2196/1870 1871/2192/1866 1867/2185/1859
f 1913/2178/1852 1877/2197/1862 1865/2198/1871
f 1921/2199/1872 1916/2200/1873 1920/2201/1874
f 1923/2202/1875 1920/2201/1874 1919/2191/1865
f 1872/2180/1854 1918/2203/1876 1925/2204/1877
f 1918/2203/1876 1917/2205/1878 1926/2206/1879
f 1917/2205/1878 1915/2207/1880 1922/2208/1881
f 1886/2209/1882 1890/2210/1883 1929/2211/1884
f 1890/2210/1883 1889/2186/1860 1930/2193/1867
f 1869/2195/1869 1870/2194/1868 1888/2212/1885
f 1931/2213/1886 1888/2212/1885 1887/2214/1887
f 1932/2215/1888 1887/2214/1887 1885/2216/1889
f 1927/2217/1890 1929/2211/1884 1881/2218/1891
f 1881/2218/1891 1929/2211/1884 1930/2193/1867
f 1868/2190/1864 1869/2195/1869 1931/2213/1886
f 1883/2219/1892 1931/2213/1886 1932/2215/1888
f 1884/2220/1893 1932/2215/1888 1928/2221/1894
f 1903/2222/1895 1921/2199/1872 1923/2202/1875
f 1905/2223/1896 1923/2202/1875 1924/2196/1870
f 1871/2192/1866 1925/2204/1877 1907/2224/1897
f 1925/2204/1877 1926/2206/1879 1908/2225/1898
f 1926/2206/1879 1922/2208/1881 1904/2226/1899
f 1916/2200/1873 1910/2227/1900 1914/2228/1901
f 1920/2201/1874 1914/2228/1901 1913/2178/1852
f 1872/2180/1854 1866/2179/1853 1912/2229/1902
f 1912/2229/1902 1911/2230/1903 1917/2205/1878
f 1911/2230/1903 1909/2231/1904 1915/2207/1880
f 1910/2227/1900 1874/2232/1905 1878/2233/1906
f 1914/2228/1901 1878/2233/1906 1877/2197/1862
f 1866/2179/1853 1865/2198/1871 1876/2234/1907
f 1912/2229/1902 1876/2234/1907 1875/2235/1908
f 1875/2235/1908 1873/2236/1909 1909/2231/1904
f 1898/2237/1910 1902/2238/1911 1893/2239/1912
f 1902/2238/1911 1901/2181/1855 1894/2187/1861
f 1864/2182/1856 1900/2240/1913 1895/2241/1914
f 1900/2240/1913 1899/2242/1915 1896/2243/1916
f 1896/2243/1916 1899/2242/1915 1897/2244/1917
f 1898/2237/1910 1903/2222/1895 1905/2223/1896
f 1902/2238/1911 1905/2223/1896 1906/2184/1858
f 1867/2185/1859 1907/2224/1897 1900/2240/1913
f 1907/2224/1897 1908/2225/1898 1899/2242/1915
f 1908/2225/1898 1904/2226/1899 1897/2244/1917
f 1891/2245/1918 1893/2239/1912 1890/2210/1883
f 1893/2239/1912 1894/2187/1861 1889/2186/1860
f 1863/2183/1857 1895/2241/1914 1888/2212/1885
f 1888/2212/1885 1895/2241/1914 1896/2243/1916
f 1887/2214/1887 1896/2243/1916 1892/2246/1919
f 1874/2247/1905 1879/2248/1920 1881/2218/1891
f 1878/2249/1906 1881/2218/1891 1882/2189/1863
f 1865/2250/1871 1868/2190/1864 1883/2219/1892
f 1876/2251/1907 1883/2219/1892 1884/2220/1893
f 1875/2252/1908 1884/2220/1893 1880/2253/1921
f 1874/2232/1905 1910/2227/1900 1855/2254/1922
f 1879/2248/1920 1874/2247/1905 1858/2255/1923
f 1927/2217/1890 1879/2248/1920 1856/2256/1924
f 1927/2217/1890 1857/2257/1925 1854/2258/1926
f 1886/2209/1882 1854/2258/1926 1859/2259/1927
f 1891/2245/1918 1859/2259/1927 1853/2260/1928
f 1903/2222/1895 1898/2237/1910 1853/2260/1928
f 1903/2222/1895 1860/2261/1929 1861/2262/1930
f 1916/2200/1873 1862/2263/1931 1855/2254/1922
f 1921/2199/1872 1861/2262/1930 1862/2263/1931
f 1851/2168/1843 1850/2167/1842 1892/2246/1919
f 1852/2177/1851 1851/2168/1843 1897/2244/1917
f 1845/2176/1850 1852/2177/1851 1904/2226/1899
f 1848/2172/1846 1845/2176/1850 1922/2208/1881
f 1846/2170/1844 1848/2172/1846 1915/2207/1880
f 1847/2264/1845 1846/2170/1844 1909/2231/1904
f 1850/2167/1842 1843/2174/1848 1885/2216/1889
f 1843/2174/1848 1849/2175/1849 1928/2221/1894
f 1849/2175/1849 1844/2173/1847 1880/2253/1921
f 1844/2173/1847 1847/2171/1845 1873/2265/1909
f 1934/2266/1932 1858/2267/1923 1855/2254/1922
f 1935/2268/1933 1856/2256/1924 1858/2255/1923
f 1936/2269/1934 1857/2257/1925 1856/2256/1924
f 1937/2270/1935 1854/2258/1926 1857/2257/1925
f 1938/2271/1936 1859/2259/1927 1854/2258/1926
f 1853/2260/1928 1859/2259/1927 1938/2271/1936
f 1860/2261/1929 1853/2260/1928 1939/2272/1937
f 1861/2262/1930 1860/2261/1929 1940/2273/1938
f 1855/2254/1922 1862/2263/1931 1942/2274/1939
f 1862/2263/1931 1861/2262/1930 1941/2275/1940
f 1944/2276/1941 1934/2266/1932 1933/2277/1942
f 1945/2278/1943 1935/2268/1933 1934/2279/1932
f 1946/2280/1944 1936/2269/1934 1935/2268/1933
f 1947/2281/1945 1937/2270/1935 1936/2269/1934
f 1938/2271/1936 1937/2270/1935 1947/2281/1945
f 1939/2272/1937 1938/2271/1936 1948/2282/1946
f 1940/2273/1938 1939/2272/1937 1949/2283/1947
f 1941/2275/1940 1940/2273/1938 1950/2284/1948
f 1943/2285/1949 1933/2277/1942 1942/2274/1939
f 1952/2286/1950 1942/2274/1939 1941/2275/1940
f 7/1/1 18/3/3 6/26/26
f 1/4/4 12/6/6 11/27/27
f 136/7/7 19/2/2 7/1/1
f 2/5/5 13/10/10 12/6/6
f 8/11/11 20/8/8 136/7/7
f 3/9/9 14/14/14 13/10/10
f 9/15/15 21/12/12 8/11/11
f 134/13/13 15/18/18 14/14/14
f 10/19/19 22/16/16 9/15/15
f 4/17/17 16/22/22 15/18/18
f 5/21/21 17/25/25 16/22/22
f 6/26/26 17/25/25 135/24/24
f 32/34/34 44/36/36 31/58/57
f 39/37/37 53/38/38 52/59/58
f 33/39/39 45/35/35 32/34/34
f 34/41/41 46/40/40 33/39/39
f 34/41/41 48/44/44 47/42/42
f 35/43/43 49/49/48 48/44/44
f 29/50/49 41/46/46 28/45/45
f 36/48/47 50/53/52 49/49/48
f 30/54/53 42/51/50 29/50/49
f 37/52/51 51/57/56 50/53/52
f 31/58/57 43/55/54 30/54/53
f 38/56/55 52/59/58 51/57/56
f 53/60/38 65/62/60 52/86/58
f 45/63/35 59/65/61 58/87/71
f 46/64/40 60/68/62 59/65/61
f 48/69/44 60/68/62 47/67/42
f 49/74/48 61/70/63 48/69/44
f 41/71/46 55/77/66 54/72/64
f 50/78/52 62/75/65 49/74/48
f 42/76/50 56/81/68 55/77/66
f 51/82/56 63/79/67 50/78/52
f 43/80/54 57/85/70 56/81/68
f 52/86/58 64/83/69 51/82/56
f 44/84/36 58/87/71 57/85/70
f 59/65/61 74/89/73 73/100/84
f 61/70/63 74/89/73 60/68/62
f 62/75/65 75/90/74 61/70/63
f 54/72/64 69/93/77 68/91/75
f 63/79/67 76/92/76 62/75/65
f 55/77/66 70/95/79 69/93/77
f 64/83/69 77/94/78 63/79/67
f 56/81/68 71/97/81 70/95/79
f 65/62/60 78/96/80 64/83/69
f 57/85/70 72/99/83 71/97/81
f 66/61/59 79/98/82 65/62/60
f 58/87/71 73/100/84 72/99/83
f 73/100/84 88/101/85 87/113/97
f 75/90/74 88/101/85 74/89/73
f 76/92/76 89/102/86 75/90/74
f 68/91/75 83/105/89 82/103/87
f 77/94/78 90/104/88 76/92/76
f 69/93/77 84/107/91 83/105/89
f 78/96/80 91/106/90 77/94/78
f 70/95/79 85/109/93 84/107/91
f 79/98/82 92/108/92 78/96/80
f 71/97/81 86/111/95 85/109/93
f 80/88/72 93/110/94 79/98/82
f 72/99/83 87/113/97 86/111/95
f 88/101/85 102/114/98 101/126/110
f 89/102/86 103/116/100 102/114/98
f 83/105/89 95/115/99 82/103/87
f 91/106/90 103/116/100 90/104/88
f 84/107/91 96/117/101 83/105/89
f 91/106/90 105/120/104 104/118/102
f 85/109/93 97/119/103 84/107/91
f 92/108/92 106/122/106 105/120/104
f 86/111/95 98/121/105 85/109/93
f 93/110/94 107/124/108 106/122/106
f 87/113/97 99/123/107 86/111/95
f 87/113/97 101/126/110 100/125/109
f 101/126/110 115/127/111 114/139/123
f 102/114/98 116/129/113 115/127/111
f 96/117/101 108/128/112 95/115/99
f 103/116/100 117/131/115 116/129/113
f 97/119/103 109/130/114 96/117/101
f 104/118/102 118/133/117 117/131/115
f 98/121/105 110/132/116 97/119/103
f 105/120/104 119/135/119 118/133/117
f 99/123/107 111/134/118 98/121/105
f 106/122/106 120/137/121 119/135/119
f 100/125/109 112/136/120 99/123/107
f 101/126/110 113/138/122 100/125/109
f 115/127/111 129/140/124 128/152/136
f 109/130/114 121/142/126 108/128/112
f 116/129/113 130/143/127 129/140/124
f 110/132/116 122/141/125 109/130/114
f 117/131/115 131/145/129 130/143/127
f 111/134/118 123/144/128 110/132/116
f 118/133/117 132/147/131 131/145/129
f 112/136/120 124/146/130 111/134/118
f 119/135/119 133/149/133 132/147/131
f 113/138/122 125/148/132 112/136/120
f 114/139/123 126/150/134 113/138/122
f 114/139/123 128/152/136 127/151/135
f 122/141/125 1/154/4 121/142/126
f 129/140/124 136/155/7 7/165/1
f 123/144/128 2/153/5 122/141/125
f 130/143/127 8/157/11 136/155/7
f 124/146/130 3/156/9 123/144/128
f 131/145/129 9/159/15 8/157/11
f 125/148/132 134/158/13 124/146/130
f 132/147/131 10/161/19 9/159/15
f 126/150/134 4/160/17 125/148/132
f 127/151/135 5/162/21 126/150/134
f 127/151/135 6/164/26 135/163/24
f 128/152/136 7/165/1 6/164/26
f 197/166/137 279/215/186 255/167/138
f 194/169/140 277/209/180 257/170/141
f 159/172/143 260/326/281 275/173/144
f 200/175/146 281/222/193 253/176/147
f 218/178/149 179/266/234 141/179/150
f 217/181/152 176/286/249 138/182/153
f 183/184/155 156/2287/247 182/185/156
f 164/190/161 147/2288/1951 186/191/162
f 187/193/164 155/275/239 181/194/165
f 212/196/167 188/279/242 158/197/168
f 169/199/170 152/263/231 190/200/171
f 234/202/173 191/174/145 146/203/174
f 192/205/176 159/289/143 223/206/177
f 160/208/179 262/324/280 277/209/180
f 194/169/140 154/171/142 222/210/181
f 231/212/183 195/261/229 160/208/179
f 161/214/185 264/327/279 279/215/186
f 230/216/187 197/166/137 151/168/139
f 198/218/189 161/295/185 225/219/190
f 162/221/192 266/322/278 281/222/193
f 200/175/146 148/177/148 220/223/194
f 227/225/196 201/237/208 162/221/192
f 265/227/198 147/2288/1951 164/190/161
f 276/229/200 173/183/154 138/182/153
f 191/174/145 275/173/144 251/231/202
f 163/232/203 203/236/207 202/233/204
f 137/235/206 175/318/274 203/236/207
f 219/204/175 146/203/174 201/237/208
f 204/238/209 165/321/277 139/239/210
f 202/233/204 204/238/209 174/240/211
f 162/221/192 200/175/146 228/224/195
f 263/241/212 150/2289/244 167/242/213
f 282/228/199 164/190/161 140/244/215
f 253/176/147 269/294/254 198/218/189
f 166/246/217 205/249/220 199/247/218
f 139/239/210 165/321/277 205/249/220
f 148/177/148 198/218/189 229/220/191
f 206/250/221 168/320/276 143/251/222
f 199/253/218 206/250/221 177/252/223
f 225/255/190 161/214/185 197/166/137
f 261/256/224 153/283/246 170/257/225
f 280/243/214 167/242/213 144/259/227
f 255/167/138 271/292/252 195/261/229
f 169/199/170 207/264/232 196/262/230
f 143/251/222 168/320/276 207/264/232
f 221/217/188 151/168/139 195/261/229
f 208/265/233 171/319/275 141/179/150
f 196/262/230 208/265/233 179/266/234
f 160/208/179 194/169/140 232/211/182
f 259/267/235 156/284/247 173/183/154
f 278/258/226 170/257/225 142/268/236
f 257/170/141 273/288/250 192/205/176
f 172/180/151 209/272/240 193/270/238
f 141/179/150 171/319/275 209/272/240
f 154/171/142 192/205/176 233/207/178
f 210/273/241 175/318/274 137/235/206
f 193/274/238 210/273/241 181/194/165
f 223/276/177 159/172/143 191/174/145
f 211/201/172 190/200/171 158/277/168
f 177/252/223 211/201/172 188/278/242
f 143/251/222 169/199/170 211/201/172
f 174/240/211 212/196/167 189/198/169
f 139/239/210 166/246/217 212/196/167
f 166/246/217 149/248/219 188/279/242
f 213/195/166 181/194/165 137/235/206
f 189/198/169 213/195/166 163/232/203
f 158/197/168 187/193/164 213/195/166
f 178/280/243 214/192/163 184/188/159
f 140/244/215 164/190/161 214/192/163
f 180/282/245 215/187/158 185/189/160
f 144/259/227 167/242/213 215/187/158
f 167/242/213 150/2289/244 184/188/159
f 216/186/157 182/185/156 142/268/236
f 185/189/160 216/186/157 170/257/225
f 183/184/155 217/181/152 173/183/154
f 186/191/162 147/2288/1951 176/286/249
f 187/287/164 218/178/149 172/180/151
f 158/277/168 190/200/171 218/178/149
f 190/200/171 152/263/231 179/266/234
f 251/231/202 267/298/256 201/237/208
f 273/288/250 260/325/281 159/289/143
f 182/185/156 156/2287/247 259/290/235
f 142/268/236 182/185/156 274/291/251
f 271/292/252 262/324/280 160/208/179
f 180/282/245 153/283/246 261/256/224
f 144/259/227 180/282/245 272/293/253
f 269/294/254 264/323/279 161/295/185
f 178/280/243 150/281/244 263/296/212
f 140/244/215 178/280/243 270/297/255
f 267/298/256 266/322/278 162/221/192
f 176/286/249 147/2288/1951 265/227/198
f 238/300/258 223/276/177 234/202/173
f 237/302/260 222/210/181 233/207/178
f 224/213/184 232/211/182 247/304/262
f 236/306/264 221/217/188 231/212/183
f 240/308/266 225/255/190 230/216/187
f 235/310/268 220/223/194 229/220/191
f 226/226/197 228/224/195 243/312/270
f 250/314/272 219/204/175 227/225/196
f 242/315/273 227/225/196 226/226/197
f 228/224/195 220/223/194 235/310/268
f 229/220/191 225/219/190 240/316/266
f 230/216/187 221/217/188 236/306/264
f 246/307/265 231/212/183 224/213/184
f 232/211/182 222/210/181 237/302/260
f 233/207/178 223/206/177 238/317/258
f 234/202/173 219/204/175 250/314/272
f 249/301/259 250/314/272 175/318/274
f 209/272/240 248/303/261 238/317/258
f 247/304/262 237/302/260 171/319/275
f 207/264/232 246/307/265 239/305/263
f 245/309/267 236/306/264 168/320/276
f 205/249/220 244/311/269 240/316/266
f 243/312/270 235/310/268 165/321/277
f 203/236/207 242/315/273 241/313/271
f 175/318/274 250/314/272 242/315/273
f 241/313/271 243/312/270 204/238/209
f 165/321/277 235/310/268 244/311/269
f 240/308/266 245/309/267 206/250/221
f 168/320/276 236/306/264 246/307/265
f 239/305/263 247/304/262 208/265/233
f 171/319/275 237/302/260 248/303/261
f 238/300/258 249/301/259 210/273/241
f 268/299/257 265/227/198 266/322/278
f 252/230/201 268/299/257 267/298/256
f 270/297/255 263/296/212 264/323/279
f 254/245/216 270/297/255 269/294/254
f 272/293/253 261/256/224 262/324/280
f 256/260/228 272/293/253 271/292/252
f 274/291/251 259/290/235 260/325/281
f 258/269/237 274/291/251 273/288/250
f 252/230/201 251/231/202 275/173/144
f 276/229/200 275/173/144 260/326/281
f 258/269/237 257/170/141 277/209/180
f 278/258/226 277/209/180 262/324/280
f 256/260/228 255/167/138 279/215/186
f 280/243/214 279/215/186 264/327/279
f 254/245/216 253/176/147 281/222/193
f 282/228/199 281/222/193 266/322/278
f 138/182/153 176/286/249 268/299/257
f 338/328/282 339/332/286 333/329/283
f 299/331/285 305/333/287 339/332/286
f 305/333/287 286/337/291 306/334/288
f 339/332/286 306/334/288 285/335/289
f 306/334/288 340/338/292 307/336/290
f 286/337/291 308/418/293 340/338/292
f 308/339/293 290/415/353 309/340/294
f 307/342/290 340/341/292 309/340/294
f 330/344/296 341/348/300 326/345/297
f 296/347/299 311/349/301 341/348/300
f 311/349/301 288/371/317 312/350/302
f 341/348/300 312/350/302 287/351/303
f 312/350/302 342/354/306 313/352/304
f 312/350/302 288/371/317 314/353/305
f 342/355/306 314/369/305 284/356/307
f 313/358/304 342/355/306 304/357/308
f 295/360/310 329/408/313 343/361/311
f 329/363/313 298/346/298 326/345/297
f 343/364/311 326/345/297 287/351/303
f 303/362/312 343/361/311 313/358/304
f 328/365/314 344/370/316 311/349/301
f 297/366/315 325/401/343 344/367/316
f 344/367/316 325/401/343 284/356/307
f 344/370/316 314/353/305 288/371/317
f 302/372/318 337/419/321 345/373/319
f 337/375/321 299/331/285 331/376/322
f 345/377/319 331/376/322 292/378/323
f 318/374/320 345/373/319 319/380/324
f 336/382/326 346/389/329 315/383/327
f 300/384/328 332/387/330 346/385/329
f 332/387/330 293/394/336 320/388/331
f 346/389/329 320/2290/331 291/390/332
f 300/384/328 335/392/334 347/391/333
f 335/392/334 302/372/318 318/374/320
f 347/391/333 318/374/320 294/381/325
f 332/387/330 347/391/333 321/393/335
f 295/360/310 327/397/339 348/395/337
f 327/397/339 297/366/315 316/398/340
f 348/395/337 316/398/340 292/378/323
f 323/396/338 348/395/337 322/399/341
f 283/359/309 304/357/308 349/400/342
f 304/357/308 284/356/307 325/401/343
f 349/400/342 325/401/343 297/366/315
f 303/362/312 349/400/342 327/397/339
f 319/380/324 350/404/345 324/402/344
f 292/378/323 316/398/340 350/403/345
f 316/398/340 297/366/315 328/368/314
f 350/404/345 328/365/314 296/347/299
f 291/390/332 320/2290/331 351/405/346
f 320/388/331 293/394/336 317/406/347
f 351/407/346 317/406/347 298/346/298
f 323/396/338 351/405/346 329/408/313
f 321/393/335 352/409/348 317/406/347
f 294/381/325 324/402/344 352/409/348
f 324/402/344 296/347/299 330/344/296
f 352/409/348 330/344/296 298/346/298
f 289/343/295 309/340/294 353/410/349
f 309/340/294 290/415/353 334/412/351
f 353/410/349 334/412/351 302/372/318
f 310/411/350 353/410/349 335/392/334
f 307/336/290 354/414/352 333/329/283
f 289/343/295 310/411/350 354/413/352
f 310/411/350 300/384/328 336/386/326
f 354/414/352 336/382/326 301/330/284
f 290/415/353 308/339/293 355/416/354
f 286/337/291 305/333/287 355/417/354
f 355/417/354 305/333/287 299/331/285
f 334/412/351 355/416/354 337/419/321
f 322/399/341 356/420/355 315/383/327
f 292/378/323 331/376/322 356/420/355
f 331/376/322 299/331/285 338/328/282
f 356/420/355 338/328/282 301/330/284
f 592/421/356 586/423/358 972/425/360
f 376/424/359 972/425/360 573/426/361
f 573/426/361 595/427/362 375/491/426
f 972/425/360 385/428/363 595/427/362
f 363/429/364 973/431/366 559/433/368
f 360/432/367 973/431/366 603/435/370
f 560/430/365 603/435/370 973/431/366
f 590/436/371 555/438/373 974/440/375
f 371/439/374 974/440/375 568/442/377
f 358/441/376 974/440/375 555/438/373
f 357/437/372 975/444/379 589/447/382
f 566/445/380 589/447/382 975/444/379
f 582/443/378 566/445/380 975/444/379
f 368/449/384 976/451/386 608/453/388
f 359/452/387 976/451/386 604/454/389
f 604/454/389 606/455/390 387/526/461
f 605/450/385 606/455/390 976/451/386
f 374/457/392 977/459/394 571/460/395
f 571/460/395 570/461/396 373/671/596
f 977/459/394 372/463/398 570/461/396
f 593/458/393 594/462/397 977/459/394
f 367/464/399 978/466/401 609/469/404
f 610/467/402 609/469/404 978/466/401
f 368/449/384 978/466/401 564/465/400
f 357/437/372 979/470/405 556/471/406
f 556/471/406 607/472/407 387/526/461
f 979/470/405 372/463/398 607/472/407
f 590/436/371 569/473/408 979/470/405
f 567/474/409 555/438/373 980/475/410
f 370/446/381 980/475/410 589/447/382
f 357/437/372 980/475/410 555/438/373
f 558/476/411 597/477/412 981/479/414
f 362/478/413 981/479/414 581/481/416
f 597/477/412 581/481/416 981/479/414
f 591/482/417 585/484/419 982/486/421
f 377/485/420 982/486/421 574/487/422
f 574/487/422 592/421/356 376/424/359
f 982/486/421 384/422/357 592/421/356
f 584/488/423 594/462/397 983/489/424
f 359/452/387 983/489/424 583/490/425
f 583/490/425 586/423/358 384/422/357
f 983/489/424 385/428/363 586/423/358
f 375/491/426 984/492/427 572/493/428
f 593/458/393 572/493/428 984/492/427
f 385/428/363 984/492/427 595/427/362
f 383/480/415 985/494/429 580/495/430
f 580/495/430 602/496/431 382/513/448
f 985/494/429 386/498/433 602/496/431
f 597/477/412 600/497/432 985/494/429
f 378/499/434 986/501/436 575/502/437
f 575/502/437 591/482/417 377/485/420
f 986/501/436 361/483/418 591/482/417
f 598/500/435 557/503/438 986/501/436
f 380/504/439 987/506/441 577/508/443
f 379/507/442 987/506/441 601/509/444
f 599/505/440 601/509/444 987/506/441
f 576/510/445 601/509/444 988/511/446
f 378/499/434 988/511/446 598/500/435
f 598/500/435 600/497/432 360/432/367
f 988/511/446 386/498/433 600/497/432
f 579/512/447 602/496/431 989/515/450
f 381/514/449 989/515/450 578/516/451
f 578/516/451 599/505/440 380/504/439
f 989/515/450 386/498/433 599/505/440
f 557/503/438 603/435/370 990/517/452
f 361/483/418 990/517/452 588/518/453
f 588/518/453 561/519/454 365/520/455
f 990/517/452 364/434/369 561/519/454
f 365/520/455 991/522/457 588/518/453
f 588/518/453 596/523/458 361/483/418
f 991/522/457 389/468/403 596/523/458
f 562/521/456 611/524/459 991/522/457
f 387/526/461 992/527/462 556/471/406
f 556/471/406 582/443/378 357/437/372
f 992/527/462 369/448/383 582/443/378
f 992/527/462 388/456/391 565/528/463
f 387/526/461 993/529/464 604/454/389
f 584/488/423 604/454/389 993/529/464
f 372/463/398 993/529/464 607/472/407
f 368/449/384 994/530/465 587/531/466
f 583/490/425 587/531/466 994/530/465
f 608/453/388 583/490/425 994/530/465
f 389/468/403 995/532/467 596/523/458
f 596/523/458 585/484/419 361/483/418
f 995/532/467 384/422/357 585/484/419
f 610/467/402 587/531/466 995/532/467
f 389/468/403 996/533/468 609/469/404
f 563/534/469 609/469/404 996/533/468
f 366/525/460 996/533/468 611/524/459
f 643/535/470 649/537/472 997/539/474
f 420/538/473 997/539/474 652/540/475
f 652/540/475 630/541/476 409/606/541
f 997/539/474 410/542/477 630/541/476
f 396/543/478 998/545/480 617/548/483
f 660/546/481 617/548/483 998/545/480
f 393/549/484 998/545/480 616/544/479
f 612/550/485 647/552/487 999/554/489
f 391/553/488 999/554/489 625/556/491
f 405/555/490 999/554/489 647/552/487
f 390/551/486 1000/558/493 639/561/496
f 623/559/494 639/561/496 1000/558/493
f 404/562/497 1000/558/493 646/557/492
f 401/563/498 1001/565/500 662/566/501
f 662/566/501 663/567/502 402/641/576
f 663/567/502 661/568/503 392/588/523
f 1001/565/500 419/569/504 661/568/503
f 408/570/505 1002/572/507 650/573/508
f 650/573/508 651/574/509 420/538/473
f 1002/572/507 406/576/511 651/574/509
f 628/571/506 627/575/510 1002/572/507
f 400/578/513 1003/580/515 621/581/516
f 401/563/498 1003/580/515 667/583/518
f 666/579/514 667/583/518 1003/580/515
f 390/551/486 1004/585/520 647/552/487
f 647/552/487 626/586/521 405/555/490
f 1004/585/520 406/576/511 626/586/521
f 613/584/519 664/587/522 1004/585/520
f 612/550/485 624/589/524 1005/590/525
f 390/551/486 1005/590/525 646/557/492
f 404/562/497 1005/590/525 624/589/524
f 654/591/526 615/592/527 1006/596/531
f 638/593/528 654/591/526 1006/596/531
f 395/595/530 1006/596/531 615/592/527
f 642/597/532 648/599/534 1007/600/535
f 418/536/471 1007/600/535 649/537/472
f 649/537/472 631/601/536 410/542/477
f 1007/600/535 411/602/537 631/601/536
f 651/574/509 641/603/538 1008/604/539
f 420/538/473 1008/604/539 643/535/470
f 643/535/470 640/605/540 418/536/471
f 1008/604/539 419/569/504 640/605/540
f 409/606/541 1009/608/543 652/540/475
f 420/538/473 1009/608/543 650/573/508
f 629/607/542 650/573/508 1009/608/543
f 417/594/529 1010/610/545 654/591/526
f 654/591/526 657/611/546 393/549/484
f 1010/610/545 422/613/548 657/611/546
f 637/609/544 659/612/547 1010/610/545
f 412/615/550 1011/617/552 655/618/553
f 655/618/553 614/619/554 393/549/484
f 1011/617/552 394/598/533 614/619/554
f 632/616/551 648/599/534 1011/617/552
f 414/620/555 1012/622/557 656/624/559
f 658/623/558 656/624/559 1012/622/557
f 413/625/560 1012/622/557 634/621/556
f 658/623/558 633/626/561 1013/627/562
f 422/613/548 1013/627/562 657/611/546
f 657/611/546 655/618/553 393/549/484
f 1013/627/562 412/615/550 655/618/553
f 659/612/547 636/628/563 1014/629/564
f 422/613/548 1014/629/564 656/624/559
f 656/624/559 635/630/565 414/620/555
f 1014/629/564 415/631/566 635/630/565
f 660/546/481 614/619/554 1015/632/567
f 397/547/482 1015/632/567 618/633/568
f 618/633/568 645/634/569 398/635/570
f 1015/632/567 394/598/533 645/634/569
f 398/635/570 1016/636/571 619/637/572
f 619/637/572 668/638/573 399/648/583
f 1016/636/571 421/582/517 668/638/573
f 645/634/569 653/639/574 1016/636/571
f 392/588/523 1017/640/575 663/567/502
f 402/641/576 1017/640/575 622/642/577
f 622/642/577 639/561/496 403/560/495
f 613/584/519 639/561/496 1017/640/575
f 392/588/523 1018/643/578 664/587/522
f 641/603/538 664/587/522 1018/643/578
f 661/568/503 641/603/538 1018/643/578
f 401/563/498 1019/645/580 665/564/499
f 640/605/540 665/564/499 1019/645/580
f 644/644/579 640/605/540 1019/645/580
f 421/582/517 1020/646/581 667/583/518
f 667/583/518 644/644/579 401/563/498
f 1020/646/581 418/536/471 644/644/579
f 653/639/574 642/597/532 1020/646/581
f 421/582/517 1021/647/582 668/638/573
f 399/648/583 1021/647/582 620/649/584
f 666/579/514 620/649/584 1021/647/582
f 576/510/445 670/650/585 1022/651/586
f 379/507/442 1022/651/586 669/664/592
f 1022/652/586 413/625/560 669/669/592
f 670/653/585 633/626/561 1022/652/586
f 371/439/374 1023/655/588 569/473/408
f 569/473/408 671/656/589 372/463/398
f 671/657/589 626/586/521 406/576/511
f 1023/658/588 405/555/490 626/586/521
f 562/521/456 674/660/590 1024/661/591
f 366/525/460 1024/661/591 673/674/598
f 1024/662/591 399/648/583 673/677/598
f 674/663/590 619/637/572 1024/662/591
f 577/508/443 669/664/592 1025/665/593
f 577/508/443 675/666/594 380/504/439
f 675/667/594 634/621/556 414/620/555
f 669/669/592 634/621/556 1025/668/593
f 372/463/398 1026/670/595 570/461/396
f 373/671/596 1026/670/595 676/681/597
f 676/672/597 627/575/510 407/577/512
f 1026/673/595 406/576/511 627/575/510
f 563/534/469 673/674/598 1027/675/599
f 367/464/399 1027/675/599 677/686/604
f 1027/676/599 400/578/513 677/690/604
f 673/677/598 620/649/584 1027/676/599
f 380/504/439 1028/678/600 578/516/451
f 578/516/451 678/679/601 381/514/449
f 1028/680/600 415/631/566 678/694/601
f 1028/680/600 414/620/555 635/630/565
f 571/460/395 676/681/597 1029/682/602
f 571/460/395 679/683/603 374/457/392
f 679/684/603 628/571/506 408/570/505
f 1029/685/602 407/577/512 628/571/506
f 564/465/400 677/686/604 1030/687/605
f 368/449/384 1030/687/605 680/740/606
f 680/688/606 621/581/516 401/563/498
f 1030/689/605 400/578/513 621/581/516
f 381/514/449 1031/691/607 579/512/447
f 579/512/447 681/692/608 382/513/448
f 1031/693/607 416/614/549 681/708/608
f 678/694/601 636/628/563 1031/693/607
f 374/457/392 1032/695/609 572/493/428
f 572/493/428 682/696/610 375/491/426
f 682/697/610 629/607/542 409/606/541
f 1032/698/609 408/570/505 629/607/542
f 388/456/391 1033/700/612 565/528/463
f 565/528/463 683/701/613 369/448/383
f 1033/702/612 403/560/495 683/721/613
f 684/703/611 622/642/577 1033/702/612
f 382/513/448 1034/704/614 580/495/430
f 580/495/430 685/705/615 383/480/415
f 685/706/615 637/609/544 417/594/529
f 1034/707/614 416/614/549 637/609/544
f 558/476/411 687/709/616 1035/710/617
f 360/432/367 1035/710/617 686/724/618
f 686/711/618 615/592/527 393/549/484
f 1035/712/617 395/595/530 615/592/527
f 375/491/426 1036/714/619 573/426/361
f 573/426/361 688/715/620 376/424/359
f 688/716/620 630/541/476 410/542/477
f 1036/717/619 409/606/541 630/541/476
f 369/448/383 1037/718/621 566/445/380
f 370/446/381 1037/718/621 689/733/622
f 689/719/622 623/559/494 404/562/497
f 1037/720/621 403/560/495 623/559/494
f 383/480/415 1038/722/623 581/481/416
f 362/478/413 1038/722/623 687/709/616
f 687/713/616 638/593/528 395/595/530
f 1038/723/623 417/594/529 638/593/528
f 559/433/368 686/724/618 1039/725/624
f 559/433/368 690/726/625 363/429/364
f 690/727/625 616/544/479 396/543/478
f 686/711/618 616/544/479 1039/728/624
f 376/424/359 1040/729/626 574/487/422
f 574/487/422 691/730/627 377/485/420
f 691/731/627 631/601/536 411/602/537
f 1040/732/626 410/542/477 631/601/536
f 567/474/409 689/733/622 1041/734/628
f 358/441/376 1041/734/628 692/743/632
f 1041/735/628 391/553/488 692/746/632
f 1041/735/628 404/562/497 624/589/524
f 363/429/364 1042/736/629 560/430/365
f 364/434/369 1042/736/629 693/747/634
f 1042/737/629 397/547/482 693/750/634
f 690/727/625 617/548/483 1042/737/629
f 377/485/420 1043/738/630 575/502/437
f 575/502/437 670/650/585 378/499/434
f 670/653/585 632/616/551 412/615/550
f 1043/739/630 411/602/537 632/616/551
f 605/450/385 680/740/606 1044/741/631
f 388/456/391 1044/741/631 684/699/611
f 1044/742/631 402/641/576 684/703/611
f 680/688/606 662/566/501 1044/742/631
f 358/441/376 1045/744/633 568/442/377
f 568/442/377 672/654/587 371/439/374
f 672/659/587 625/556/491 405/555/490
f 692/746/632 625/556/491 1045/745/633
f 561/519/454 693/747/634 1046/748/635
f 365/520/455 1046/748/635 674/660/590
f 1046/749/635 398/635/570 674/663/590
f 693/750/634 618/633/568 1046/749/635
f 731/751/636 725/753/638 1047/755/640
f 442/754/639 1047/755/640 712/756/641
f 712/756/641 734/757/642 441/821/706
f 1047/755/640 451/758/643 734/757/642
f 429/759/644 1048/761/646 698/763/648
f 426/762/647 1048/761/646 742/765/650
f 699/760/645 742/765/650 1048/761/646
f 729/766/651 694/768/653 1049/770/655
f 437/769/654 1049/770/655 707/772/657
f 424/771/656 1049/770/655 694/768/653
f 423/767/652 1050/774/659 728/777/662
f 705/775/660 728/777/662 1050/774/659
f 721/773/658 705/775/660 1050/774/659
f 434/779/664 1051/781/666 747/783/668
f 425/782/667 1051/781/666 743/784/669
f 743/784/669 745/785/670 453/856/741
f 744/780/665 745/785/670 1051/781/666
f 440/787/672 1052/789/674 710/790/675
f 710/790/675 709/791/676 439/1001/876
f 1052/789/674 438/793/678 709/791/676
f 732/788/673 733/792/677 1052/789/674
f 433/794/679 1053/796/681 748/799/684
f 749/797/682 748/799/684 1053/796/681
f 434/779/664 1053/796/681 703/795/680
f 423/767/652 1054/800/685 695/801/686
f 695/801/686 746/802/687 453/856/741
f 1054/800/685 438/793/678 746/802/687
f 729/766/651 708/803/688 1054/800/685
f 706/804/689 694/768/653 1055/805/690
f 436/776/661 1055/805/690 728/777/662
f 423/767/652 1055/805/690 694/768/653
f 697/806/691 736/807/692 1056/809/694
f 428/808/693 1056/809/694 720/811/696
f 736/807/692 720/811/696 1056/809/694
f 730/812/697 724/814/699 1057/816/701
f 443/815/700 1057/816/701 713/817/702
f 713/817/702 731/751/636 442/754/639
f 1057/816/701 450/752/637 731/751/636
f 723/818/703 733/792/677 1058/819/704
f 425/782/667 1058/819/704 722/820/705
f 722/820/705 725/753/638 450/752/637
f 1058/819/704 451/758/643 725/753/638
f 441/821/706 1059/822/707 711/823/708
f 732/788/673 711/823/708 1059/822/707
f 451/758/643 1059/822/707 734/757/642
f 449/810/695 1060/824/709 719/825/710
f 719/825/710 741/826/711 448/843/728
f 1060/824/709 452/828/713 741/826/711
f 736/807/692 739/827/712 1060/824/709
f 444/829/714 1061/831/716 714/832/717
f 714/832/717 730/812/697 443/815/700
f 1061/831/716 427/813/698 730/812/697
f 737/830/715 696/833/718 1061/831/716
f 446/834/719 1062/836/721 716/838/723
f 445/837/722 1062/836/721 740/839/724
f 738/835/720 740/839/724 1062/836/721
f 715/840/725 740/839/724 1063/841/726
f 444/829/714 1063/841/726 737/830/715
f 737/830/715 739/827/712 426/762/647
f 1063/841/726 452/828/713 739/827/712
f 718/842/727 741/826/711 1064/845/730
f 447/844/729 1064/845/730 717/846/731
f 717/846/731 738/835/720 446/834/719
f 1064/845/730 452/828/713 738/835/720
f 696/833/718 742/765/650 1065/847/732
f 427/813/698 1065/847/732 727/848/733
f 727/848/733 700/849/734 431/850/735
f 1065/847/732 430/764/649 700/849/734
f 431/850/735 1066/852/737 727/848/733
f 727/848/733 735/853/738 427/813/698
f 1066/852/737 455/798/683 735/853/738
f 701/851/736 750/854/739 1066/852/737
f 453/856/741 1067/857/742 695/801/686
f 695/801/686 721/773/658 423/767/652
f 1067/857/742 435/778/663 721/773/658
f 1067/857/742 454/786/671 704/858/743
f 453/856/741 1068/859/744 743/784/669
f 723/818/703 743/784/669 1068/859/744
f 438/793/678 1068/859/744 746/802/687
f 434/779/664 1069/860/745 726/861/746
f 722/820/705 726/861/746 1069/860/745
f 747/783/668 722/820/705 1069/860/745
f 455/798/683 1070/862/747 735/853/738
f 735/853/738 724/814/699 427/813/698
f 1070/862/747 450/752/637 724/814/699
f 749/797/682 726/861/746 1070/862/747
f 455/798/683 1071/863/748 748/799/684
f 702/864/749 748/799/684 1071/863/748
f 432/855/740 1071/863/748 750/854/739
f 782/865/750 788/867/752 1072/869/754
f 486/868/753 1072/869/754 791/870/755
f 791/870/755 769/871/756 475/936/821
f 1072/869/754 476/872/757 769/871/756
f 462/873/758 1073/875/760 756/878/763
f 799/876/761 756/878/763 1073/875/760
f 459/879/764 1073/875/760 755/874/759
f 751/880/765 786/882/767 1074/884/769
f 457/883/768 1074/884/769 764/886/771
f 471/885/770 1074/884/769 786/882/767
f 456/881/766 1075/888/773 778/891/776
f 762/889/774 778/891/776 1075/888/773
f 470/892/777 1075/888/773 785/887/772
f 467/893/778 1076/895/780 801/896/781
f 801/896/781 802/897/782 468/971/856
f 802/897/782 800/898/783 458/918/803
f 1076/895/780 485/899/784 800/898/783
f 474/900/785 1077/902/787 789/903/788
f 789/903/788 790/904/789 486/868/753
f 1077/902/787 472/906/791 790/904/789
f 767/901/786 766/905/790 1077/902/787
f 466/908/793 1078/910/795 760/911/796
f 467/893/778 1078/910/795 806/913/798
f 805/909/794 806/913/798 1078/910/795
f 456/881/766 1079/915/800 786/882/767
f 786/882/767 765/916/801 471/885/770
f 1079/915/800 472/906/791 765/916/801
f 752/914/799 803/917/802 1079/915/800
f 751/880/765 763/919/804 1080/920/805
f 456/881/766 1080/920/805 785/887/772
f 470/892/777 1080/920/805 763/919/804
f 793/921/806 754/922/807 1081/926/811
f 777/923/808 793/921/806 1081/926/811
f 461/925/810 1081/926/811 754/922/807
f 781/927/812 787/929/814 1082/930/815
f 484/866/751 1082/930/815 788/867/752
f 788/867/752 770/931/816 476/872/757
f 1082/930/815 477/932/817 770/931/816
f 790/904/789 780/933/818 1083/934/819
f 486/868/753 1083/934/819 782/865/750
f 782/865/750 779/935/820 484/866/751
f 1083/934/819 485/899/784 779/935/820
f 475/936/821 1084/938/823 791/870/755
f 486/868/753 1084/938/823 789/903/788
f 768/937/822 789/903/788 1084/938/823
f 483/924/809 1085/940/825 793/921/806
f 793/921/806 796/941/826 459/879/764
f 1085/940/825 488/943/828 796/941/826
f 776/939/824 798/942/827 1085/940/825
f 478/945/830 1086/947/832 794/948/833
f 794/948/833 753/949/834 459/879/764
f 1086/947/832 460/928/813 753/949/834
f 771/946/831 787/929/814 1086/947/832
f 480/950/835 1087/952/837 795/954/839
f 797/953/838 795/954/839 1087/952/837
f 479/955/840 1087/952/837 773/951/836
f 797/953/838 772/956/841 1088/957/842
f 488/943/828 1088/957/842 796/941/826
f 796/941/826 794/948/833 459/879/764
f 1088/957/842 478/945/830 794/948/833
f 798/942/827 775/958/843 1089/959/844
f 488/943/828 1089/959/844 795/954/839
f 795/954/839 774/960/845 480/950/835
f 1089/959/844 481/961/846 774/960/845
f 799/876/761 753/949/834 1090/962/847
f 463/877/762 1090/962/847 757/963/848
f 757/963/848 784/964/849 464/965/850
f 1090/962/847 460/928/813 784/964/849
f 464/965/850 1091/966/851 758/967/852
f 758/967/852 807/968/853 465/978/863
f 1091/966/851 487/912/797 807/968/853
f 784/964/849 792/969/854 1091/966/851
f 458/918/803 1092/970/855 802/897/782
f 468/971/856 1092/970/855 761/972/857
f 761/972/857 778/891/776 469/890/775
f 752/914/799 778/891/776 1092/970/855
f 458/918/803 1093/973/858 803/917/802
f 780/933/818 803/917/802 1093/973/858
f 800/898/783 780/933/818 1093/973/858
f 467/893/778 1094/975/860 804/894/779
f 779/935/820 804/894/779 1094/975/860
f 783/974/859 779/935/820 1094/975/860
f 487/912/797 1095/976/861 806/913/798
f 806/913/798 783/974/859 467/893/778
f 1095/976/861 484/866/751 783/974/859
f 792/969/854 781/927/812 1095/976/861
f 487/912/797 1096/977/862 807/968/853
f 465/978/863 1096/977/862 759/979/864
f 805/909/794 759/979/864 1096/977/862
f 715/840/725 809/980/865 1097/981/866
f 445/837/722 1097/981/866 808/994/872
f 1097/982/866 479/955/840 808/999/872
f 809/983/865 772/956/841 1097/982/866
f 437/769/654 1098/985/868 708/803/688
f 708/803/688 810/986/869 438/793/678
f 810/987/869 765/916/801 472/906/791
f 1098/988/868 471/885/770 765/916/801
f 701/851/736 813/990/870 1099/991/871
f 432/855/740 1099/991/871 812/1004/878
f 1099/992/871 465/978/863 812/1007/878
f 813/993/870 758/967/852 1099/992/871
f 716/838/723 808/994/872 1100/995/873
f 716/838/723 814/996/874 446/834/719
f 814/997/874 773/951/836 480/950/835
f 808/999/872 773/951/836 1100/998/873
f 438/793/678 1101/1000/875 709/791/676
f 439/1001/876 1101/1000/875 815/1011/877
f 815/1002/877 766/905/790 473/907/792
f 1101/1003/875 472/906/791 766/905/790
f 702/864/749 812/1004/878 1102/1005/879
f 433/794/679 1102/1005/879 816/1016/884
f 1102/1006/879 466/908/793 816/1021/884
f 812/1007/878 759/979/864 1102/1006/879
f 446/834/719 1103/1008/880 717/846/731
f 717/846/731 817/1009/881 447/844/729
f 1103/1010/880 481/961/846 817/1025/881
f 1103/1010/880 480/950/835 774/960/845
f 710/790/675 815/1011/877 1104/1012/882
f 710/790/675 818/1013/883 440/787/672
f 818/1014/883 767/901/786 474/900/785
f 1104/1015/882 473/907/792 767/901/786
f 703/795/680 816/1016/884 1105/1017/885
f 703/795/680 819/1018/886 434/779/664
f 819/1019/886 760/911/796 467/893/778
f 1105/1020/885 466/908/793 760/911/796
f 447/844/729 1106/1022/887 718/842/727
f 718/842/727 820/1023/888 448/843/728
f 1106/1024/887 482/944/829 820/1039/888
f 817/1025/881 775/958/843 1106/1024/887
f 440/787/672 1107/1026/889 711/823/708
f 711/823/708 821/1027/890 441/821/706
f 821/1028/890 768/937/822 475/936/821
f 1107/1029/889 474/900/785 768/937/822
f 454/786/671 1108/1031/892 704/858/743
f 704/858/743 822/1032/893 435/778/663
f 1108/1033/892 469/890/775 822/1052/893
f 823/1034/891 761/972/857 1108/1033/892
f 448/843/728 1109/1035/894 719/825/710
f 719/825/710 824/1036/895 449/810/695
f 824/1037/895 776/939/824 483/924/809
f 1109/1038/894 482/944/829 776/939/824
f 697/806/691 826/1040/896 1110/1041/897
f 426/762/647 1110/1041/897 825/1055/898
f 825/1042/898 754/922/807 459/879/764
f 1110/1043/897 461/925/810 754/922/807
f 441/821/706 1111/1045/899 712/756/641
f 712/756/641 827/1046/900 442/754/639
f 827/1047/900 769/871/756 476/872/757
f 1111/1048/899 475/936/821 769/871/756
f 435/778/663 1112/1049/901 705/775/660
f 436/776/661 1112/1049/901 828/1064/902
f 828/1050/902 762/889/774 470/892/777
f 1112/1051/901 469/890/775 762/889/774
f 449/810/695 1113/1053/903 720/811/696
f 428/808/693 1113/1053/903 826/1040/896
f 826/1044/896 777/923/808 461/925/810
f 1113/1054/903 483/924/809 777/923/808
f 698/763/648 825/1055/898 1114/1056/904
f 698/763/648 829/1057/905 429/759/644
f 829/1058/905 755/874/759 462/873/758
f 825/1042/898 755/874/759 1114/1059/904
f 442/754/639 1115/1060/906 713/817/702
f 713/817/702 830/1061/907 443/815/700
f 830/1062/907 770/931/816 477/932/817
f 1115/1063/906 476/872/757 770/931/816
f 706/804/689 828/1064/902 1116/1065/908
f 424/771/656 1116/1065/908 831/1073/912
f 1116/1066/908 457/883/768 831/1076/912
f 1116/1066/908 470/892/777 763/919/804
f 429/759/644 1117/1067/909 699/760/645
f 430/764/649 1117/1067/909 832/1077/914
f 1117/1068/909 463/877/762 832/1080/914
f 829/1058/905 756/878/763 1117/1068/909
f 443/815/700 1118/1069/910 714/832/717
f 714/832/717 809/980/865 444/829/714
f 809/983/865 771/946/831 478/945/830
f 1118/1070/910 477/932/817 771/946/831
f 744/780/665 819/1018/886 1119/1071/911
f 454/786/671 1119/1071/911 823/1030/891
f 1119/1072/911 468/971/856 823/1034/891
f 819/1019/886 801/896/781 1119/1072/911
f 424/771/656 1120/1074/913 707/772/657
f 707/772/657 811/984/867 437/769/654
f 811/989/867 764/886/771 471/885/770
f 831/1076/912 764/886/771 1120/1075/913
f 700/849/734 832/1077/914 1121/1078/915
f 431/850/735 1121/1078/915 813/990/870
f 1121/1079/915 464/965/850 813/993/870
f 832/1080/914 757/963/848 1121/1079/915
f 870/1081/916 864/1083/918 1122/1085/920
f 508/1084/919 1122/1085/920 851/1086/921
f 851/1086/921 873/1087/922 507/1151/986
f 1122/1085/920 517/1088/923 873/1087/922
f 495/1089/924 1123/1091/926 837/1093/928
f 492/1092/927 1123/1091/926 881/1095/930
f 838/1090/925 881/1095/930 1123/1091/926
f 868/1096/931 833/1098/933 1124/1100/935
f 503/1099/934 1124/1100/935 846/1102/937
f 490/1101/936 1124/1100/935 833/1098/933
f 489/1097/932 1125/1104/939 867/1106/941
f 502/1105/940 1125/1104/939 844/1108/943
f 860/1103/938 844/1108/943 1125/1104/939
f 500/1109/944 1126/1111/946 886/1113/948
f 491/1112/947 1126/1111/946 882/1114/949
f 882/1114/949 884/1115/950 519/1186/1021
f 883/1110/945 884/1115/950 1126/1111/946
f 506/1117/952 1127/1119/954 849/1120/955
f 849/1120/955 848/1121/956 505/1331/1156
f 1127/1119/954 504/1123/958 848/1121/956
f 871/1118/953 872/1122/957 1127/1119/954
f 499/1124/959 1128/1126/961 887/1129/964
f 888/1127/962 887/1129/964 1128/1126/961
f 500/1109/944 1128/1126/961 842/1125/960
f 489/1097/932 1129/1130/965 834/1131/966
f 834/1131/966 885/1132/967 519/1186/1021
f 1129/1130/965 504/1123/958 885/1132/967
f 868/1096/931 847/1133/968 1129/1130/965
f 845/1134/969 833/1098/933 1130/1135/970
f 502/1105/940 1130/1135/970 867/1106/941
f 489/1097/932 1130/1135/970 833/1098/933
f 836/1136/971 875/1137/972 1131/1139/974
f 494/1138/973 1131/1139/974 859/1141/976
f 875/1137/972 859/1141/976 1131/1139/974
f 869/1142/977 863/1144/979 1132/1146/981
f 509/1145/980 1132/1146/981 852/1147/982
f 852/1147/982 870/1081/916 508/1084/919
f 1132/1146/981 516/1082/917 870/1081/916
f 862/1148/983 872/1122/957 1133/1149/984
f 491/1112/947 1133/1149/984 861/1150/985
f 861/1150/985 864/1083/918 516/1082/917
f 1133/1149/984 517/1088/923 864/1083/918
f 507/1151/986 1134/1152/987 850/1153/988
f 871/1118/953 850/1153/988 1134/1152/987
f 517/1088/923 1134/1152/987 873/1087/922
f 515/1140/975 1135/1154/989 858/1155/990
f 858/1155/990 880/1156/991 514/1172/1007
f 1135/1154/989 518/1158/993 880/1156/991
f 875/1137/972 878/1157/992 1135/1154/989
f 510/1159/994 1136/1161/996 853/1162/997
f 853/1162/997 869/1142/977 509/1145/980
f 1136/1161/996 493/1143/978 869/1142/977
f 876/1160/995 835/1163/998 1136/1161/996
f 512/1164/999 1137/1166/1001 855/1168/1003
f 511/1167/1002 1137/1166/1001 879/1169/1004
f 877/1165/1000 879/1169/1004 1137/1166/1001
f 854/1170/1005 879/1169/1004 1138/1171/1006
f 510/1159/994 1138/1171/1006 876/1160/995
f 876/1160/995 878/1157/992 492/1092/927
f 1138/1171/1006 518/1158/993 878/1157/992
f 514/1172/1007 1139/1173/1008 857/1175/1010
f 513/1174/1009 1139/1173/1008 856/1176/1011
f 856/1176/1011 877/1165/1000 512/1164/999
f 1139/1173/1008 518/1158/993 877/1165/1000
f 835/1163/998 881/1095/930 1140/1177/1012
f 493/1143/978 1140/1177/1012 866/1178/1013
f 866/1178/1013 839/1179/1014 497/1180/1015
f 1140/1177/1012 496/1094/929 839/1179/1014
f 497/1180/1015 1141/1182/1017 866/1178/1013
f 866/1178/1013 874/1183/1018 493/1143/978
f 1141/1182/1017 521/1128/963 874/1183/1018
f 840/1181/1016 889/1184/1019 1141/1182/1017
f 519/1186/1021 1142/1187/1022 834/1131/966
f 834/1131/966 860/1103/938 489/1097/932
f 1142/1187/1022 501/1107/942 860/1103/938
f 1142/1187/1022 520/1116/951 843/1188/1023
f 519/1186/1021 1143/1189/1024 882/1114/949
f 862/1148/983 882/1114/949 1143/1189/1024
f 885/1132/967 862/1148/983 1143/1189/1024
f 500/1109/944 1144/1190/1025 865/1191/1026
f 861/1150/985 865/1191/1026 1144/1190/1025
f 886/1113/948 861/1150/985 1144/1190/1025
f 521/1128/963 1145/1192/1027 874/1183/1018
f 874/1183/1018 863/1144/979 493/1143/978
f 1145/1192/1027 516/1082/917 863/1144/979
f 888/1127/962 865/1191/1026 1145/1192/1027
f 887/1129/964 889/1184/1019 1146/1194/1029
f 841/1193/1028 887/1129/964 1146/1194/1029
f 498/1185/1020 1146/1194/1029 889/1184/1019
f 921/1195/1030 927/1197/1032 1147/1199/1034
f 552/1198/1033 1147/1199/1034 930/1200/1035
f 930/1200/1035 908/1201/1036 541/1266/1101
f 1147/1199/1034 542/1202/1037 908/1201/1036
f 528/1203/1038 1148/1205/1040 895/1208/1043
f 938/1206/1041 895/1208/1043 1148/1205/1040
f 525/1209/1044 1148/1205/1040 894/1204/1039
f 890/1210/1045 925/1212/1047 1149/1214/1049
f 523/1213/1048 1149/1214/1049 903/1216/1051
f 537/1215/1050 1149/1214/1049 925/1212/1047
f 522/1211/1046 1150/1218/1053 917/1221/1056
f 901/1219/1054 917/1221/1056 1150/1218/1053
f 536/1222/1057 1150/1218/1053 924/1217/1052
f 533/1223/1058 1151/1225/1060 940/1226/1061
f 940/1226/1061 941/1227/1062 534/1301/1136
f 941/1227/1062 939/1228/1063 524/1248/1083
f 1151/1225/1060 551/1229/1064 939/1228/1063
f 540/1230/1065 1152/1232/1067 928/1233/1068
f 928/1233/1068 929/1234/1069 552/1198/1033
f 1152/1232/1067 538/1236/1071 929/1234/1069
f 906/1231/1066 905/1235/1070 1152/1232/1067
f 532/1238/1073 1153/1240/1075 899/1241/1076
f 533/1223/1058 1153/1240/1075 945/1243/1078
f 944/1239/1074 945/1243/1078 1153/1240/1075
f 522/1211/1046 1154/1245/1080 925/1212/1047
f 925/1212/1047 904/1246/1081 537/1215/1050
f 1154/1245/1080 538/1236/1071 904/1246/1081
f 891/1244/1079 942/1247/1082 1154/1245/1080
f 890/1210/1045 902/1249/1084 1155/1250/1085
f 522/1211/1046 1155/1250/1085 924/1217/1052
f 536/1222/1057 1155/1250/1085 902/1249/1084
f 932/1251/1086 893/1252/1087 1156/1256/1091
f 916/1253/1088 932/1251/1086 1156/1256/1091
f 527/1255/1090 1156/1256/1091 893/1252/1087
f 920/1257/1092 926/1259/1094 1157/1260/1095
f 550/1196/1031 1157/1260/1095 927/1197/1032
f 927/1197/1032 909/1261/1096 542/1202/1037
f 1157/1260/1095 543/1262/1097 909/1261/1096
f 929/1234/1069 919/1263/1098 1158/1264/1099
f 552/1198/1033 1158/1264/1099 921/1195/1030
f 921/1195/1030 918/1265/1100 550/1196/1031
f 1158/1264/1099 551/1229/1064 918/1265/1100
f 541/1266/1101 1159/1268/1103 930/1200/1035
f 552/1198/1033 1159/1268/1103 928/1233/1068
f 907/1267/1102 928/1233/1068 1159/1268/1103
f 549/1254/1089 1160/1270/1105 932/1251/1086
f 932/1251/1086 935/1271/1106 525/1209/1044
f 1160/1270/1105 554/1273/1108 935/1271/1106
f 915/1269/1104 937/1272/1107 1160/1270/1105
f 544/1275/1110 1161/1277/1112 933/1278/1113
f 933/1278/1113 892/1279/1114 525/1209/1044
f 1161/1277/1112 526/1258/1093 892/1279/1114
f 910/1276/1111 926/1259/1094 1161/1277/1112
f 546/1280/1115 1162/1282/1117 934/1284/1119
f 936/1283/1118 934/1284/1119 1162/1282/1117
f 545/1285/1120 1162/1282/1117 912/1281/1116
f 936/1283/1118 911/1286/1121 1163/1287/1122
f 554/1273/1108 1163/1287/1122 935/1271/1106
f 935/1271/1106 933/1278/1113 525/1209/1044
f 1163/1287/1122 544/1275/1110 933/1278/1113
f 937/1272/1107 914/1288/1123 1164/1289/1124
f 554/1273/1108 1164/1289/1124 934/1284/1119
f 934/1284/1119 913/1290/1125 546/1280/1115
f 1164/1289/1124 547/1291/1126 913/1290/1125
f 938/1206/1041 892/1279/1114 1165/1292/1127
f 529/1207/1042 1165/1292/1127 896/1293/1128
f 896/1293/1128 923/1294/1129 530/1295/1130
f 1165/1292/1127 526/1258/1093 923/1294/1129
f 530/1295/1130 1166/1296/1131 897/1297/1132
f 897/1297/1132 946/1298/1133 531/1307/1142
f 1166/1296/1131 553/1242/1077 946/1298/1133
f 923/1294/1129 931/1299/1134 1166/1296/1131
f 524/1248/1083 1167/1300/1135 941/1227/1062
f 534/1301/1136 1167/1300/1135 900/1302/1137
f 900/1302/1137 917/1221/1056 535/1220/1055
f 891/1244/1079 917/1221/1056 1167/1300/1135
f 524/1248/1083 1168/1303/1138 942/1247/1082
f 919/1263/1098 942/1247/1082 1168/1303/1138
f 939/1228/1063 919/1263/1098 1168/1303/1138
f 533/1223/1058 1169/1305/1140 943/1224/1059
f 918/1265/1100 943/1224/1059 1169/1305/1140
f 922/1304/1139 918/1265/1100 1169/1305/1140
f 553/1242/1077 1170/1306/1141 945/1243/1078
f 945/1243/1078 922/1304/1139 533/1223/1058
f 1170/1306/1141 550/1196/1031 922/1304/1139
f 931/1299/1134 920/1257/1092 1170/1306/1141
f 946/1298/1133 944/1239/1074 1171/1308/1143
f 531/1307/1142 1171/1308/1143 898/1309/1144
f 944/1239/1074 898/1309/1144 1171/1308/1143
f 854/1170/1005 948/1310/1145 1172/1311/1146
f 511/1167/1002 1172/1311/1146 947/1324/1152
f 1172/1312/1146 545/1285/1120 947/1329/1152
f 948/1313/1145 911/1286/1121 1172/1312/1146
f 503/1099/934 1173/1315/1148 847/1133/968
f 847/1133/968 949/1316/1149 504/1123/958
f 949/1317/1149 904/1246/1081 538/1236/1071
f 1173/1318/1148 537/1215/1050 904/1246/1081
f 840/1181/1016 952/1320/1150 1174/1321/1151
f 498/1185/1020 1174/1321/1151 951/1334/1158
f 1174/1322/1151 531/1307/1142 951/1337/1158
f 952/1323/1150 897/1297/1132 1174/1322/1151
f 855/1168/1003 947/1324/1152 1175/1325/1153
f 855/1168/1003 953/1326/1154 512/1164/999
f 953/1327/1154 912/1281/1116 546/1280/1115
f 947/1329/1152 912/1281/1116 1175/1328/1153
f 504/1123/958 1176/1330/1155 848/1121/956
f 505/1331/1156 1176/1330/1155 954/1342/1157
f 954/1332/1157 905/1235/1070 539/1237/1072
f 1176/1333/1155 538/1236/1071 905/1235/1070
f 841/1193/1028 951/1334/1158 1177/1335/1159
f 499/1124/959 1177/1335/1159 955/1347/1164
f 1177/1336/1159 532/1238/1073 955/1352/1164
f 951/1337/1158 898/1309/1144 1177/1336/1159
f 512/1164/999 1178/1338/1160 856/1176/1011
f 856/1176/1011 956/1339/1161 513/1174/1009
f 956/1340/1161 913/1290/1125 547/1291/1126
f 1178/1341/1160 546/1280/1115 913/1290/1125
f 849/1120/955 954/1342/1157 1179/1343/1162
f 849/1120/955 957/1344/1163 506/1117/952
f 957/1345/1163 906/1231/1066 540/1230/1065
f 1179/1346/1162 539/1237/1072 906/1231/1066
f 842/1125/960 955/1347/1164 1180/1348/1165
f 842/1125/960 958/1349/1166 500/1109/944
f 958/1350/1166 899/1241/1076 533/1223/1058
f 1180/1351/1165 532/1238/1073 899/1241/1076
f 513/1174/1009 1181/1353/1167 857/1175/1010
f 857/1175/1010 959/1354/1168 514/1172/1007
f 1181/1355/1167 548/1274/1109 959/1369/1168
f 956/1340/1161 914/1288/1123 1181/1355/1167
f 506/1117/952 1182/1356/1169 850/1153/988
f 850/1153/988 960/1357/1170 507/1151/986
f 960/1358/1170 907/1267/1102 541/1266/1101
f 1182/1359/1169 540/1230/1065 907/1267/1102
f 520/1116/951 1183/1361/1172 843/1188/1023
f 843/1188/1023 961/1362/1173 501/1107/942
f 1183/1363/1172 535/1220/1055 961/1382/1173
f 962/1364/1171 900/1302/1137 1183/1363/1172
f 514/1172/1007 1184/1365/1174 858/1155/990
f 858/1155/990 963/1366/1175 515/1140/975
f 963/1367/1175 915/1269/1104 549/1254/1089
f 1184/1368/1174 548/1274/1109 915/1269/1104
f 836/1136/971 965/1370/1176 1185/1371/1177
f 492/1092/927 1185/1371/1177 964/1385/1178
f 964/1372/1178 893/1252/1087 525/1209/1044
f 1185/1373/1177 527/1255/1090 893/1252/1087
f 507/1151/986 1186/1375/1179 851/1086/921
f 851/1086/921 966/1376/1180 508/1084/919
f 966/1377/1180 908/1201/1036 542/1202/1037
f 1186/1378/1179 541/1266/1101 908/1201/1036
f 501/1107/942 1187/1379/1181 844/1108/943
f 502/1105/940 1187/1379/1181 967/1394/1182
f 967/1380/1182 901/1219/1054 536/1222/1057
f 1187/1381/1181 535/1220/1055 901/1219/1054
f 515/1140/975 1188/1383/1183 859/1141/976
f 494/1138/973 1188/1383/1183 965/1370/1176
f 965/1374/1176 916/1253/1088 527/1255/1090
f 1188/1384/1183 549/1254/1089 916/1253/1088
f 837/1093/928 964/1385/1178 1189/1386/1184
f 837/1093/928 968/1387/1185 495/1089/924
f 968/1388/1185 894/1204/1039 528/1203/1038
f 964/1372/1178 894/1204/1039 1189/1389/1184
f 508/1084/919 1190/1390/1186 852/1147/982
f 852/1147/982 969/1391/1187 509/1145/980
f 969/1392/1187 909/1261/1096 543/1262/1097
f 1190/1393/1186 542/1202/1037 909/1261/1096
f 845/1134/969 967/1394/1182 1191/1395/1188
f 490/1101/936 1191/1395/1188 970/1403/1192
f 1191/1396/1188 523/1213/1048 970/1406/1192
f 1191/1396/1188 536/1222/1057 902/1249/1084
f 838/1090/925 968/1387/1185 1192/1397/1189
f 496/1094/929 1192/1397/1189 971/1407/1194
f 1192/1398/1189 529/1207/1042 971/1410/1194
f 968/1388/1185 895/1208/1043 1192/1398/1189
f 509/1145/980 1193/1399/1190 853/1162/997
f 853/1162/997 948/1310/1145 510/1159/994
f 948/1313/1145 910/1276/1111 544/1275/1110
f 1193/1400/1190 543/1262/1097 910/1276/1111
f 883/1110/945 958/1349/1166 1194/1401/1191
f 520/1116/951 1194/1401/1191 962/1360/1171
f 1194/1402/1191 534/1301/1136 962/1364/1171
f 958/1350/1166 940/1226/1061 1194/1402/1191
f 490/1101/936 1195/1404/1193 846/1102/937
f 846/1102/937 950/1314/1147 503/1099/934
f 950/1319/1147 903/1216/1051 537/1215/1050
f 970/1406/1192 903/1216/1051 1195/1405/1193
f 839/1179/1014 971/1407/1194 1196/1408/1195
f 497/1180/1015 1196/1408/1195 952/1320/1150
f 1196/1409/1195 530/1295/1130 952/1323/1150
f 971/1410/1194 896/1293/1128 1196/1409/1195
f 1300/1411/1196 1294/1413/1198 1402/1415/1200
f 1216/1414/1199 1402/1415/1200 1281/1416/1201
f 1281/1416/1201 1303/1417/1202 1215/1481/1266
f 1402/1415/1200 1225/1418/1203 1303/1417/1202
f 1203/1419/1204 1403/1421/1206 1267/1423/1208
f 1200/1422/1207 1403/1421/1206 1311/1425/1210
f 1268/1420/1205 1311/1425/1210 1403/1421/1206
f 1298/1426/1211 1263/1428/1213 1404/1430/1215
f 1211/1429/1214 1404/1430/1215 1276/1432/1217
f 1198/1431/1216 1404/1430/1215 1263/1428/1213
f 1197/1427/1212 1405/1434/1219 1297/1437/1222
f 1274/1435/1220 1297/1437/1222 1405/1434/1219
f 1290/1433/1218 1274/1435/1220 1405/1434/1219
f 1208/1439/1224 1406/1441/1226 1316/1443/1228
f 1199/1442/1227 1406/1441/1226 1312/1444/1229
f 1312/1444/1229 1314/1445/1230 1227/1516/1301
f 1313/1440/1225 1314/1445/1230 1406/1441/1226
f 1214/1447/1232 1407/1449/1234 1279/1450/1235
f 1279/1450/1235 1278/1451/1236 1213/1660/1435
f 1407/1449/1234 1212/1453/1238 1278/1451/1236
f 1301/1448/1233 1302/1452/1237 1407/1449/1234
f 1207/1454/1239 1408/1456/1241 1317/1459/1244
f 1318/1457/1242 1317/1459/1244 1408/1456/1241
f 1208/1439/1224 1408/1456/1241 1272/1455/1240
f 1197/1427/1212 1409/1460/1245 1264/1461/1246
f 1264/1461/1246 1315/1462/1247 1227/1516/1301
f 1409/1460/1245 1212/1453/1238 1315/1462/1247
f 1298/1426/1211 1277/1463/1248 1409/1460/1245
f 1275/1464/1249 1263/1428/1213 1410/1465/1250
f 1210/1436/1221 1410/1465/1250 1297/1437/1222
f 1263/1428/1213 1297/1437/1222 1410/1465/1250
f 1266/1466/1251 1305/1467/1252 1411/1469/1254
f 1202/1468/1253 1411/1469/1254 1289/1471/1256
f 1305/1467/1252 1289/1471/1256 1411/1469/1254
f 1299/1472/1257 1293/1474/1259 1412/1476/1261
f 1217/1475/1260 1412/1476/1261 1282/1477/1262
f 1282/1477/1262 1300/1411/1196 1216/1414/1199
f 1412/1476/1261 1224/1412/1197 1300/1411/1196
f 1292/1478/1263 1302/1452/1237 1413/1479/1264
f 1199/1442/1227 1413/1479/1264 1291/1480/1265
f 1291/1480/1265 1294/1413/1198 1224/1412/1197
f 1413/1479/1264 1225/1418/1203 1294/1413/1198
f 1215/1481/1266 1414/1482/1267 1280/1483/1268
f 1301/1448/1233 1280/1483/1268 1414/1482/1267
f 1225/1418/1203 1414/1482/1267 1303/1417/1202
f 1223/1470/1255 1415/1484/1269 1288/1485/1270
f 1288/1485/1270 1310/1486/1271 1222/1503/1288
f 1415/1484/1269 1226/1488/1273 1310/1486/1271
f 1305/1467/1252 1308/1487/1272 1415/1484/1269
f 1218/1489/1274 1416/1491/1276 1283/1492/1277
f 1283/1492/1277 1299/1472/1257 1217/1475/1260
f 1416/1491/1276 1201/1473/1258 1299/1472/1257
f 1306/1490/1275 1265/1493/1278 1416/1491/1276
f 1220/1494/1279 1417/1496/1281 1285/1498/1283
f 1219/1497/1282 1417/1496/1281 1309/1499/1284
f 1307/1495/1280 1309/1499/1284 1417/1496/1281
f 1284/1500/1285 1309/1499/1284 1418/1501/1286
f 1218/1489/1274 1418/1501/1286 1306/1490/1275
f 1306/1490/1275 1308/1487/1272 1200/1422/1207
f 1418/1501/1286 1226/1488/1273 1308/1487/1272
f 1287/1502/1287 1310/1486/1271 1419/1505/1290
f 1221/1504/1289 1419/1505/1290 1286/1506/1291
f 1286/1506/1291 1307/1495/1280 1220/1494/1279
f 1419/1505/1290 1226/1488/1273 1307/1495/1280
f 1265/1493/1278 1311/1425/1210 1420/1507/1292
f 1201/1473/1258 1420/1507/1292 1296/1508/1293
f 1296/1508/1293 1269/1509/1294 1205/1510/1295
f 1420/1507/1292 1204/1424/1209 1269/1509/1294
f 1205/1510/1295 1421/1512/1297 1296/1508/1293
f 1296/1508/1293 1304/1513/1298 1201/1473/1258
f 1421/1512/1297 1229/1458/1243 1304/1513/1298
f 1270/1511/1296 1319/1514/1299 1421/1512/1297
f 1227/1516/1301 1422/1517/1302 1264/1461/1246
f 1264/1461/1246 1290/1433/1218 1197/1427/1212
f 1422/1517/1302 1209/1438/1223 1290/1433/1218
f 1422/1517/1302 1228/1446/1231 1273/1518/1303
f 1227/1516/1301 1423/1519/1304 1312/1444/1229
f 1292/1478/1263 1312/1444/1229 1423/1519/1304
f 1212/1453/1238 1423/1519/1304 1315/1462/1247
f 1208/1439/1224 1424/1520/1305 1295/1521/1306
f 1291/1480/1265 1295/1521/1306 1424/1520/1305
f 1316/1443/1228 1291/1480/1265 1424/1520/1305
f 1229/1458/1243 1425/1522/1307 1304/1513/1298
f 1304/1513/1298 1293/1474/1259 1201/1473/1258
f 1425/1522/1307 1224/1412/1197 1293/1474/1259
f 1318/1457/1242 1295/1521/1306 1425/1522/1307
f 1229/1458/1243 1426/1523/1308 1317/1459/1244
f 1271/1524/1309 1317/1459/1244 1426/1523/1308
f 1206/1515/1300 1426/1523/1308 1319/1514/1299
f 1351/1525/1310 1357/1527/1312 1427/1529/1314
f 1260/1528/1313 1427/1529/1314 1360/1530/1315
f 1360/1530/1315 1338/1531/1316 1249/1596/1381
f 1427/1529/1314 1250/1532/1317 1338/1531/1316
f 1236/1533/1318 1428/1535/1320 1325/1538/1323
f 1368/1536/1321 1325/1538/1323 1428/1535/1320
f 1233/1539/1324 1428/1535/1320 1324/1534/1319
f 1320/1540/1325 1355/1542/1327 1429/1544/1329
f 1231/1543/1328 1429/1544/1329 1333/1546/1331
f 1245/1545/1330 1429/1544/1329 1355/1542/1327
f 1230/1541/1326 1430/1548/1333 1347/1551/1336
f 1331/1549/1334 1347/1551/1336 1430/1548/1333
f 1244/1552/1337 1430/1548/1333 1354/1547/1332
f 1241/1553/1338 1431/1555/1340 1370/1556/1341
f 1370/1556/1341 1371/1557/1342 1242/1631/1416
f 1371/1557/1342 1369/1558/1343 1232/1578/1363
f 1431/1555/1340 1259/1559/1344 1369/1558/1343
f 1248/1560/1345 1432/1562/1347 1358/1563/1348
f 1358/1563/1348 1359/1564/1349 1260/1528/1313
f 1432/1562/1347 1246/1566/1351 1359/1564/1349
f 1336/1561/1346 1335/1565/1350 1432/1562/1347
f 1240/1568/1353 1433/1570/1355 1329/1571/1356
f 1241/1553/1338 1433/1570/1355 1375/1573/1358
f 1374/1569/1354 1375/1573/1358 1433/1570/1355
f 1230/1541/1326 1434/1575/1360 1355/1542/1327
f 1355/1542/1327 1334/1576/1361 1245/1545/1330
f 1434/1575/1360 1246/1566/1351 1334/1576/1361
f 1321/1574/1359 1372/1577/1362 1434/1575/1360
f 1320/1540/1325 1332/1579/1364 1435/1580/1365
f 1354/1547/1332 1320/1540/1325 1435/1580/1365
f 1244/1552/1337 1435/1580/1365 1332/1579/1364
f 1362/1581/1366 1323/1582/1367 1436/1586/1371
f 1346/1583/1368 1362/1581/1366 1436/1586/1371
f 1235/1585/1370 1436/1586/1371 1323/1582/1367
f 1350/1587/1372 1356/1589/1374 1437/1590/1375
f 1258/1526/1311 1437/1590/1375 1357/1527/1312
f 1357/1527/1312 1339/1591/1376 1250/1532/1317
f 1437/1590/1375 1251/1592/1377 1339/1591/1376
f 1359/1564/1349 1349/1593/1378 1438/1594/1379
f 1260/1528/1313 1438/1594/1379 1351/1525/1310
f 1351/1525/1310 1348/1595/1380 1258/1526/1311
f 1438/1594/1379 1259/1559/1344 1348/1595/1380
f 1249/1596/1381 1439/1598/1383 1360/1530/1315
f 1260/1528/1313 1439/1598/1383 1358/1563/1348
f 1337/1597/1382 1358/1563/1348 1439/1598/1383
f 1257/1584/1369 1440/1600/1385 1362/1581/1366
f 1362/1581/1366 1365/1601/1386 1233/1539/1324
f 1440/1600/1385 1262/1603/1388 1365/1601/1386
f 1345/1599/1384 1367/1602/1387 1440/1600/1385
f 1252/1605/1390 1441/1607/1392 1363/1608/1393
f 1363/1608/1393 1322/1609/1394 1233/1539/1324
f 1441/1607/1392 1234/1588/1373 1322/1609/1394
f 1340/1606/1391 1356/1589/1374 1441/1607/1392
f 1254/1610/1395 1442/1612/1397 1364/1614/1399
f 1366/1613/1398 1364/1614/1399 1442/1612/1397
f 1253/1615/1400 1442/1612/1397 1342/1611/1396
f 1366/1613/1398 1341/1616/1401 1443/1617/1402
f 1262/1603/1388 1443/1617/1402 1365/1601/1386
f 1365/1601/1386 1363/1608/1393 1233/1539/1324
f 1443/1617/1402 1252/1605/1390 1363/1608/1393
f 1367/1602/1387 1344/1618/1403 1444/1619/1404
f 1262/1603/1388 1444/1619/1404 1364/1614/1399
f 1364/1614/1399 1343/1620/1405 1254/1610/1395
f 1444/1619/1404 1255/1621/1406 1343/1620/1405
f 1368/1536/1321 1322/1609/1394 1445/1622/1407
f 1237/1537/1322 1445/1622/1407 1326/1623/1408
f 1326/1623/1408 1353/1624/1409 1238/1625/1410
f 1445/1622/1407 1234/1588/1373 1353/1624/1409
f 1238/1625/1410 1446/1626/1411 1327/1627/1412
f 1327/1627/1412 1376/1628/1413 1239/1637/1422
f 1446/1626/1411 1261/1572/1357 1376/1628/1413
f 1353/1624/1409 1361/1629/1414 1446/1626/1411
f 1232/1578/1363 1447/1630/1415 1371/1557/1342
f 1242/1631/1416 1447/1630/1415 1330/1693/1453
f 1447/1630/1415 1243/1550/1335 1330/1693/1453
f 1321/1574/1359 1347/1551/1336 1447/1630/1415
f 1232/1578/1363 1448/1632/1417 1372/1577/1362
f 1246/1566/1351 1448/1632/1417 1349/1593/1378
f 1369/1558/1343 1349/1593/1378 1448/1632/1417
f 1241/1553/1338 1449/1634/1419 1373/1554/1339
f 1348/1595/1380 1373/1554/1339 1449/1634/1419
f 1352/1633/1418 1348/1595/1380 1449/1634/1419
f 1261/1572/1357 1450/1635/1420 1375/1573/1358
f 1375/1573/1358 1352/1633/1418 1241/1553/1338
f 1450/1635/1420 1258/1526/1311 1352/1633/1418
f 1361/1629/1414 1350/1587/1372 1450/1635/1420
f 1261/1572/1357 1451/1636/1421 1376/1628/1413
f 1239/1637/1422 1451/1636/1421 1328/1638/1423
f 1374/1569/1354 1328/1638/1423 1451/1636/1421
f 1284/1500/1285 1378/1639/1424 1452/1640/1425
f 1219/1497/1282 1452/1640/1425 1377/1653/1431
f 1452/1641/1425 1253/1615/1400 1377/1658/1431
f 1378/1642/1424 1341/1616/1401 1452/1641/1425
f 1211/1429/1214 1453/1644/1427 1277/1463/1248
f 1277/1463/1248 1379/1645/1428 1212/1453/1238
f 1379/1646/1428 1334/1576/1361 1246/1566/1351
f 1453/1647/1427 1245/1545/1330 1334/1576/1361
f 1270/1511/1296 1382/1649/1429 1454/1650/1430
f 1206/1515/1300 1454/1650/1430 1381/1663/1437
f 1454/1651/1430 1239/1637/1422 1381/1666/1437
f 1382/1652/1429 1327/1627/1412 1454/1651/1430
f 1285/1498/1283 1377/1653/1431 1455/1654/1432
f 1285/1498/1283 1383/1655/1433 1220/1494/1279
f 1383/1656/1433 1342/1611/1396 1254/1610/1395
f 1377/1658/1431 1342/1611/1396 1455/1657/1432
f 1212/1453/1238 1456/1659/1434 1278/1451/1236
f 1213/1660/1435 1456/1659/1434 1384/1671/1436
f 1384/1661/1436 1335/1565/1350 1247/1567/1352
f 1456/1662/1434 1246/1566/1351 1335/1565/1350
f 1271/1524/1309 1381/1663/1437 1457/1664/1438
f 1207/1454/1239 1457/1664/1438 1385/1676/1443
f 1457/1665/1438 1240/1568/1353 1385/1681/1443
f 1381/1666/1437 1328/1638/1423 1457/1665/1438
f 1220/1494/1279 1458/1667/1439 1286/1506/1291
f 1286/1506/1291 1386/1668/1440 1221/1504/1289
f 1386/1669/1440 1343/1620/1405 1255/1621/1406
f 1458/1670/1439 1254/1610/1395 1343/1620/1405
f 1279/1450/1235 1384/1671/1436 1459/1672/1441
f 1279/1450/1235 1387/1673/1442 1214/1447/1232
f 1387/1674/1442 1336/1561/1346 1248/1560/1345
f 1459/1675/1441 1247/1567/1352 1336/1561/1346
f 1272/1455/1240 1385/1676/1443 1460/1677/1444
f 1272/1455/1240 1388/1678/1445 1208/1439/1224
f 1388/1679/1445 1329/1571/1356 1241/1553/1338
f 1385/1681/1443 1329/1571/1356 1460/1680/1444
f 1221/1504/1289 1461/1682/1446 1287/1502/1287
f 1287/1502/1287 1389/1683/1447 1222/1503/1288
f 1461/1684/1446 1256/1604/1389 1389/1699/1447
f 1386/1669/1440 1344/1618/1403 1461/1684/1446
f 1214/1447/1232 1462/1685/1448 1280/1483/1268
f 1280/1483/1268 1390/1686/1449 1215/1481/1266
f 1390/1687/1449 1337/1597/1382 1249/1596/1381
f 1462/1688/1448 1248/1560/1345 1337/1597/1382
f 1228/1446/1231 1463/1690/1451 1273/1518/1303
f 1273/1518/1303 1391/1691/1452 1209/1438/1223
f 1463/1692/1451 1243/1550/1335 1391/1712/1452
f 1392/1694/1450 1330/1693/1453 1463/1692/1451
f 1222/1503/1288 1464/1695/1454 1288/1485/1270
f 1288/1485/1270 1393/1696/1455 1223/1470/1255
f 1393/1697/1455 1345/1599/1384 1257/1584/1369
f 1464/1698/1454 1256/1604/1389 1345/1599/1384
f 1266/1466/1251 1395/1700/1456 1465/1701/1457
f 1200/1422/1207 1465/1701/1457 1394/1715/1458
f 1394/1702/1458 1323/1582/1367 1233/1539/1324
f 1465/1703/1457 1235/1585/1370 1323/1582/1367
f 1215/1481/1266 1466/1705/1459 1281/1416/1201
f 1281/1416/1201 1396/1706/1460 1216/1414/1199
f 1396/1707/1460 1338/1531/1316 1250/1532/1317
f 1466/1708/1459 1249/1596/1381 1338/1531/1316
f 1209/1438/1223 1467/1709/1461 1274/1435/1220
f 1210/1436/1221 1467/1709/1461 1397/1724/1462
f 1397/1710/1462 1331/1549/1334 1244/1552/1337
f 1467/1711/1461 1243/1550/1335 1331/1549/1334
f 1223/1470/1255 1468/1713/1463 1289/1471/1256
f 1202/1468/1253 1468/1713/1463 1395/1700/1456
f 1395/1704/1456 1346/1583/1368 1235/1585/1370
f 1468/1714/1463 1257/1584/1369 1346/1583/1368
f 1267/1423/1208 1394/1715/1458 1469/1716/1464
f 1267/1423/1208 1398/1717/1465 1203/1419/1204
f 1398/1718/1465 1324/1534/1319 1236/1533/1318
f 1394/1702/1458 1324/1534/1319 1469/1719/1464
f 1216/1414/1199 1470/1720/1466 1282/1477/1262
f 1282/1477/1262 1399/1721/1467 1217/1475/1260
f 1399/1722/1467 1339/1591/1376 1251/1592/1377
f 1470/1723/1466 1250/1532/1317 1339/1591/1376
f 1275/1464/1249 1397/1724/1462 1471/1725/1468
f 1198/1431/1216 1471/1725/1468 1400/1733/1472
f 1471/1726/1468 1231/1543/1328 1400/1736/1472
f 1471/1726/1468 1244/1552/1337 1332/1579/1364
f 1268/1420/1205 1398/1717/1465 1472/1727/1469
f 1204/1424/1209 1472/1727/1469 1401/1737/1474
f 1472/1728/1469 1237/1537/1322 1401/1740/1474
f 1398/1718/1465 1325/1538/1323 1472/1728/1469
f 1217/1475/1260 1473/1729/1470 1283/1492/1277
f 1283/1492/1277 1378/1639/1424 1218/1489/1274
f 1378/1642/1424 1340/1606/1391 1252/1605/1390
f 1473/1730/1470 1251/1592/1377 1340/1606/1391
f 1313/1440/1225 1388/1678/1445 1474/1731/1471
f 1228/1446/1231 1474/1731/1471 1392/1689/1450
f 1474/1732/1471 1242/1631/1416 1392/1694/1450
f 1388/1679/1445 1370/1556/1341 1474/1732/1471
f 1198/1431/1216 1475/1734/1473 1276/1432/1217
f 1276/1432/1217 1380/1643/1426 1211/1429/1214
f 1380/1648/1426 1333/1546/1331 1245/1545/1330
f 1400/1736/1472 1333/1546/1331 1475/1735/1473
f 1269/1509/1294 1401/1737/1474 1476/1738/1475
f 1205/1510/1295 1476/1738/1475 1382/1649/1429
f 1476/1739/1475 1238/1625/1410 1382/1652/1429
f 1401/1740/1474 1326/1623/1408 1476/1739/1475
f 1483/1741/1476 1494/1743/1478 1482/1766/1501
f 1477/1744/1479 1488/1746/1481 1487/1767/1502
f 1630/1747/1482 1495/1742/1477 1483/1741/1476
f 1478/1745/1480 1489/1750/1485 1488/1746/1481
f 1484/1751/1486 1496/1748/1483 1630/1747/1482
f 1479/1749/1484 1490/1754/1489 1489/1750/1485
f 1485/1755/1490 1497/1752/1487 1484/1751/1486
f 1628/1753/1488 1491/1758/1493 1490/1754/1489
f 1486/1759/1494 1498/1756/1491 1485/1755/1490
f 1480/1757/1492 1492/1762/1497 1491/1758/1493
f 1481/1761/1496 1493/1765/1500 1492/1762/1497
f 1482/1766/1501 1493/1765/1500 1629/1764/1499
f 1487/1767/1502 1501/1769/1504 1500/1771/1506
f 1500/1771/1506 1504/1774/1509 1503/1773/1508
f 1504/1774/1509 1506/1776/1511 1503/1773/1508
f 1507/1777/1512 1509/1779/1514 1506/1776/1511
f 1519/1781/1516 1533/1783/1518 1532/1802/1537
f 1513/1784/1519 1525/1786/1521 1512/1803/1538
f 1520/1782/1517 1534/1787/1522 1533/1783/1518
f 1514/1788/1523 1526/1785/1520 1513/1784/1519
f 1515/1790/1525 1527/1789/1524 1514/1788/1523
f 1515/1790/1525 1529/1793/1528 1528/1791/1526
f 1516/1792/1527 1530/1796/1531 1529/1793/1528
f 1510/1780/1515 1522/1794/1529 1509/1779/1514
f 1517/1795/1530 1531/1799/1534 1530/1796/1531
f 1511/1800/1535 1523/1797/1532 1510/1780/1515
f 1518/1798/1533 1532/1802/1537 1531/1799/1534
f 1512/1803/1538 1524/1801/1536 1511/1800/1535
f 1526/1785/1520 1538/1805/1540 1525/1786/1521
f 1533/1783/1518 1547/1806/1541 1546/1816/1551
f 1527/1789/1524 1539/1804/1539 1526/1785/1520
f 1528/1791/1526 1540/1807/1542 1527/1789/1524
f 1528/1791/1526 1542/1809/1544 1541/1808/1543
f 1529/1793/1528 1543/1811/1546 1542/1809/1544
f 1523/1797/1532 1535/1810/1545 1522/1794/1529
f 1530/1796/1531 1544/1813/1548 1543/1811/1546
f 1524/1801/1536 1536/1812/1547 1523/1797/1532
f 1531/1799/1534 1545/1815/1550 1544/1813/1548
f 1525/1786/1521 1537/1814/1549 1524/1801/1536
f 1532/1802/1537 1546/1816/1551 1545/1815/1550
f 1547/1817/1541 1559/1819/1553 1546/1843/1551
f 1539/1820/1539 1553/1822/1554 1552/1844/1564
f 1540/1821/1542 1554/1825/1555 1553/1822/1554
f 1542/1826/1544 1554/1825/1555 1541/1824/1543
f 1543/1831/1546 1555/1827/1556 1542/1826/1544
f 1535/1828/1545 1549/1834/1559 1548/1829/1557
f 1544/1835/1548 1556/1832/1558 1543/1831/1546
f 1536/1833/1547 1550/1838/1561 1549/1834/1559
f 1545/1839/1550 1557/1836/1560 1544/1835/1548
f 1537/1837/1549 1551/1842/1563 1550/1838/1561
f 1546/1843/1551 1558/1840/1562 1545/1839/1550
f 1538/1841/1540 1552/1844/1564 1551/1842/1563
f 1553/1822/1554 1568/1846/1566 1567/1857/1577
f 1555/1827/1556 1568/1846/1566 1554/1825/1555
f 1556/1832/1558 1569/1847/1567 1555/1827/1556
f 1548/1829/1557 1563/1850/1570 1562/1848/1568
f 1557/1836/1560 1570/1849/1569 1556/1832/1558
f 1549/1834/1559 1564/1852/1572 1563/1850/1570
f 1558/1840/1562 1571/1851/1571 1557/1836/1560
f 1550/1838/1561 1565/1854/1574 1564/1852/1572
f 1559/1819/1553 1572/1853/1573 1558/1840/1562
f 1551/1842/1563 1566/1856/1576 1565/1854/1574
f 1560/1818/1552 1573/1855/1575 1559/1819/1553
f 1552/1844/1564 1567/1857/1577 1566/1856/1576
f 1567/1857/1577 1582/1858/1578 1581/1870/1590
f 1569/1847/1567 1582/1858/1578 1568/1846/1566
f 1570/1849/1569 1583/1859/1579 1569/1847/1567
f 1562/1848/1568 1577/1862/1582 1576/1860/1580
f 1571/1851/1571 1584/1861/1581 1570/1849/1569
f 1563/1850/1570 1578/1864/1584 1577/1862/1582
f 1572/1853/1573 1585/1863/1583 1571/1851/1571
f 1564/1852/1572 1579/1866/1586 1578/1864/1584
f 1573/1855/1575 1586/1865/1585 1572/1853/1573
f 1565/1854/1574 1580/1868/1588 1579/1866/1586
f 1574/1845/1565 1587/1867/1587 1573/1855/1575
f 1566/1856/1576 1581/1870/1590 1580/1868/1588
f 1583/1859/1579 1595/1872/1592 1582/1858/1578
f 1583/1859/1579 1597/1874/1594 1596/1871/1591
f 1577/1862/1582 1589/1873/1593 1576/1860/1580
f 1585/1863/1583 1597/1874/1594 1584/1861/1581
f 1578/1864/1584 1590/1875/1595 1577/1862/1582
f 1585/1863/1583 1599/1878/1598 1598/1876/1596
f 1579/1866/1586 1591/1877/1597 1578/1864/1584
f 1587/1867/1587 1599/1878/1598 1586/1865/1585
f 1579/1866/1586 1593/1881/1601 1592/1879/1599
f 1587/1867/1587 1601/1882/1602 1600/1880/1600
f 1580/1868/1588 1594/1883/1603 1593/1881/1601
f 1582/1858/1578 1594/1883/1603 1581/1870/1590
f 1595/1872/1592 1609/1884/1604 1608/1896/1616
f 1596/1871/1591 1610/1886/1606 1609/1884/1604
f 1590/1875/1595 1602/1885/1605 1589/1873/1593
f 1597/1874/1594 1611/1888/1608 1610/1886/1606
f 1591/1877/1597 1603/1887/1607 1590/1875/1595
f 1598/1876/1596 1612/1890/1610 1611/1888/1608
f 1592/1879/1599 1604/1889/1609 1591/1877/1597
f 1599/1878/1598 1613/1892/1612 1612/1890/1610
f 1593/1881/1601 1605/1891/1611 1592/1879/1599
f 1600/1880/1600 1614/1894/1614 1613/1892/1612
f 1594/1883/1603 1606/1893/1613 1593/1881/1601
f 1595/1872/1592 1607/1895/1615 1594/1883/1603
f 1609/1884/1604 1623/1897/1617 1622/1909/1629
f 1603/1887/1607 1615/1899/1619 1602/1885/1605
f 1610/1886/1606 1624/1900/1620 1623/1897/1617
f 1604/1889/1609 1616/1898/1618 1603/1887/1607
f 1611/1888/1608 1625/1902/1622 1624/1900/1620
f 1605/1891/1611 1617/1901/1621 1604/1889/1609
f 1612/1890/1610 1626/1904/1624 1625/1902/1622
f 1606/1893/1613 1618/1903/1623 1605/1891/1611
f 1613/1892/1612 1627/1906/1626 1626/1904/1624
f 1607/1895/1615 1619/1905/1625 1606/1893/1613
f 1608/1896/1616 1620/1907/1627 1607/1895/1615
f 1608/1896/1616 1622/1909/1629 1621/1908/1628
f 1616/1898/1618 1477/1911/1479 1615/1899/1619
f 1623/1897/1617 1630/1912/1482 1483/1922/1476
f 1617/1901/1621 1478/1910/1480 1616/1898/1618
f 1624/1900/1620 1484/1914/1486 1630/1912/1482
f 1618/1903/1623 1479/1913/1484 1617/1901/1621
f 1625/1902/1622 1485/1916/1490 1484/1914/1486
f 1619/1905/1625 1628/1915/1488 1618/1903/1623
f 1626/1904/1624 1486/1918/1494 1485/1916/1490
f 1620/1907/1627 1480/1917/1492 1619/1905/1625
f 1621/1908/1628 1481/1919/1496 1620/1907/1627
f 1621/1908/1628 1482/1921/1501 1629/1920/1499
f 1622/1909/1629 1483/1922/1476 1482/1921/1501
f 1651/1923/1630 1633/1925/1632 1644/1932/1639
f 1632/1926/1633 1648/1928/1635 1643/1940/1646
f 1639/1929/1636 1650/1931/1638 1649/1938/1645
f 1644/1932/1639 1637/1933/1640 1647/1949/1654
f 1650/1931/1638 1641/1924/1631 1651/1923/1630
f 1637/1933/1640 1645/1935/1642 1647/1949/1654
f 1645/1935/1642 1636/1936/1643 1646/1945/1651
f 1631/1937/1644 1649/1938/1645 1642/1941/1647
f 1636/1939/1643 1643/1940/1646 1646/1946/1651
f 1638/1927/1634 1642/1941/1647 1648/1928/1635
f 1661/1942/1648 1644/1932/1639 1654/1953/1658
f 1649/1938/1645 1660/1943/1649 1659/1951/1656
f 1655/1944/1650 1646/1945/1651 1656/1983/1682
f 1646/1946/1651 1653/1947/1652 1656/1985/1682
f 1660/1943/1649 1651/1923/1630 1661/1942/1648
f 1657/1948/1653 1645/1935/1642 1655/1944/1650
f 1643/1940/1646 1658/1950/1655 1653/1947/1652
f 1642/1941/1647 1659/1951/1656 1652/1952/1657
f 1648/1928/1635 1652/1952/1657 1658/1950/1655
f 1654/1953/1658 1647/1949/1654 1657/1948/1653
f 1671/1954/1659 1663/1956/1661 1670/2291/1677
f 1672/1957/1662 1664/1959/1664 1665/1971/1675
f 1675/1960/1665 1667/1962/1667 1674/1965/1669
f 1667/1962/1667 1671/1963/1659 1670/2292/1677
f 1663/1956/1661 1673/1958/1663 1672/1957/1662
f 1669/1964/1668 1674/1965/1669 1668/1970/1674
f 1678/1966/1670 1676/1968/1672 1677/2293/1678
f 1681/1969/1673 1678/1966/1670 1680/2294/1679
f 1676/1968/1672 1668/1970/1674 1677/2293/1678
f 1665/1971/1675 1681/1969/1673 1680/2294/1679
f 1634/1934/1641 1671/1954/1659 1636/1936/1643
f 1663/1972/1661 1635/1974/1676 1670/1977/1677
f 1637/1933/1640 1662/1955/1660 1634/1934/1641
f 1633/1925/1632 1673/1958/1663 1637/1933/1640
f 1635/1974/1676 1665/1975/1675 1680/1980/1679
f 1641/1924/1631 1664/1959/1664 1633/1925/1632
f 1666/1961/1666 1638/1927/1634 1632/1926/1633
f 1667/1976/1667 1635/1974/1676 1674/2295/1669
f 1671/1963/1659 1632/1926/1633 1636/1939/1643
f 1675/1960/1665 1631/1937/1644 1638/1927/1634
f 1635/1974/1676 1668/1979/1674 1674/2295/1669
f 1669/1964/1668 1639/1929/1636 1631/1937/1644
f 1677/1978/1678 1680/1980/1679 1678/2296/1670
f 1676/1968/1672 1640/1930/1637 1639/1929/1636
f 1640/1930/1637 1681/1969/1673 1641/1924/1631
f 1659/1951/1656 1690/1981/1680 1689/1987/1685
f 1685/1982/1681 1656/1983/1682 1686/2075/1683
f 1686/1984/1683 1653/1947/1652 1683/1986/1684
f 1690/1981/1680 1661/1942/1648 1691/1990/1688
f 1657/1948/1653 1685/1982/1681 1687/2074/1766
f 1683/1986/1684 1658/1950/1655 1688/2077/1768
f 1652/1952/1657 1689/1987/1685 1682/1988/1686
f 1658/1950/1655 1682/1988/1686 1688/2077/1768
f 1684/1989/1687 1657/1948/1653 1687/2074/1766
f 1691/1990/1688 1654/1953/1658 1684/1989/1687
f 1752/1991/1689 1711/1993/1691 1705/2042/1739
f 1740/1994/1692 1702/1996/1694 1703/1998/1696
f 1745/1997/1695 1703/1998/1696 1706/2008/1706
f 1702/1996/1694 1728/1999/1697 1709/2005/1703
f 1707/2000/1698 1716/2002/1700 1704/2062/1707
f 1758/1992/1690 1710/2004/1702 1711/1993/1691
f 1709/2005/1703 1769/2006/1704 1708/2007/1705
f 1708/2007/1705 1721/2001/1699 1707/2000/1698
f 1763/2003/1701 1706/2008/1706 1710/2004/1702
f 1704/2009/1707 1752/1991/1689 1705/2042/1739
f 1759/2011/1708 1760/2013/1710 1762/2014/1711
f 1758/1992/1690 1762/2014/1711 1763/2003/1701
f 1711/1993/1691 1764/2015/1712 1757/2016/1713
f 1757/2016/1713 1765/2017/1714 1756/2018/1715
f 1756/2018/1715 1761/2019/1716 1754/2044/1741
f 1725/2020/1717 1768/2022/1719 1729/2023/1720
f 1729/2023/1720 1769/2006/1704 1728/1999/1697
f 1727/2024/1721 1708/2007/1705 1770/2026/1723
f 1726/2025/1722 1770/2026/1723 1771/2028/1725
f 1724/2027/1724 1771/2028/1725 1767/2032/1729
f 1766/2021/1718 1720/2030/1727 1768/2022/1719
f 1769/2006/1704 1720/2030/1727 1721/2001/1699
f 1770/2026/1723 1707/2000/1698 1722/2031/1728
f 1771/2028/1725 1722/2031/1728 1723/2033/1730
f 1767/2032/1729 1723/2033/1730 1719/2064/1757
f 1762/2014/1711 1742/2034/1731 1744/2035/1732
f 1763/2003/1701 1744/2035/1732 1745/1997/1695
f 1710/2004/1702 1746/2036/1733 1764/2015/1712
f 1764/2015/1712 1747/2037/1734 1765/2017/1714
f 1765/2017/1714 1743/2038/1735 1761/2019/1716
f 1753/2039/1736 1755/2012/1709 1759/2011/1708
f 1752/1991/1689 1759/2011/1708 1758/1992/1690
f 1751/2041/1738 1711/1993/1691 1757/2016/1713
f 1751/2041/1738 1756/2018/1715 1750/2043/1740
f 1750/2043/1740 1754/2044/1741 1748/2049/1746
f 1717/2045/1742 1749/2040/1737 1753/2039/1736
f 1716/2010/1700 1753/2039/1736 1752/1991/1689
f 1715/2047/1744 1705/2042/1739 1751/2041/1738
f 1714/2048/1745 1751/2041/1738 1750/2043/1740
f 1714/2048/1745 1748/2049/1746 1712/2076/1767
f 1737/2050/1747 1732/2052/1749 1741/2053/1750
f 1741/2053/1750 1733/1995/1693 1740/1994/1692
f 1703/1998/1696 1734/2054/1751 1739/2055/1752
f 1739/2055/1752 1735/2056/1753 1738/2058/1755
f 1736/2057/1754 1735/2056/1753 1731/2059/1756
f 1744/2035/1732 1737/2050/1747 1741/2053/1750
f 1745/1997/1695 1741/2053/1750 1740/1994/1692
f 1706/2008/1706 1739/2055/1752 1746/2036/1733
f 1746/2036/1733 1738/2058/1755 1747/2037/1734
f 1747/2037/1734 1736/2057/1754 1743/2038/1735
f 1730/2051/1748 1729/2023/1720 1732/2052/1749
f 1732/2052/1749 1728/1999/1697 1733/1995/1693
f 1702/1996/1694 1727/2024/1721 1734/2054/1751
f 1735/2056/1753 1727/2024/1721 1726/2025/1722
f 1731/2059/1756 1726/2025/1722 1724/2027/1724
f 1720/2030/1727 1713/2060/1743 1717/2061/1742
f 1721/2001/1699 1717/2061/1742 1716/2002/1700
f 1722/2031/1728 1704/2062/1707 1715/2063/1744
f 1723/2033/1730 1715/2063/1744 1714/2065/1745
f 1719/2064/1757 1714/2065/1745 1712/2078/1767
f 1694/2066/1758 1713/2046/1743 1697/2079/1759
f 1697/2067/1759 1718/2029/1726 1695/2068/1760
f 1695/2068/1760 1766/2021/1718 1696/2082/1771
f 1766/2021/1718 1693/2069/1761 1696/2082/1771
f 1725/2020/1717 1698/2070/1762 1693/2069/1761
f 1730/2051/1748 1692/2071/1763 1698/2070/1762
f 1692/2071/1763 1742/2034/1731 1699/2087/1776
f 1742/2034/1731 1700/2072/1764 1699/2087/1776
f 1755/2012/1709 1694/2066/1758 1701/2073/1765
f 1760/2013/1710 1701/2073/1765 1700/2072/1764
f 1690/1981/1680 1731/2059/1756 1689/1987/1685
f 1691/1990/1688 1736/2057/1754 1690/1981/1680
f 1684/1989/1687 1743/2038/1735 1691/1990/1688
f 1687/2074/1766 1761/2019/1716 1684/1989/1687
f 1685/1982/1681 1754/2044/1741 1687/2074/1766
f 1686/2075/1683 1748/2049/1746 1685/1982/1681
f 1689/1987/1685 1724/2027/1724 1682/1988/1686
f 1682/1988/1686 1767/2032/1729 1688/2077/1768
f 1688/2077/1768 1719/2064/1757 1683/1986/1684
f 1683/1986/1684 1712/2078/1767 1686/1984/1683
f 1694/2066/1758 1773/2080/1769 1772/2090/1779
f 1697/2067/1759 1774/2081/1770 1773/2093/1769
f 1695/2068/1760 1775/2083/1772 1774/2081/1770
f 1696/2082/1771 1776/2084/1773 1775/2083/1772
f 1693/2069/1761 1777/2085/1774 1776/2084/1773
f 1692/2071/1763 1777/2085/1774 1698/2070/1762
f 1699/2087/1776 1778/2086/1775 1692/2071/1763
f 1700/2072/1764 1779/2088/1777 1699/2087/1776
f 1694/2066/1758 1781/2091/1780 1701/2073/1765
f 1701/2073/1765 1780/2089/1778 1700/2072/1764
f 1772/2090/1779 1783/2092/1781 1782/2101/1789
f 1773/2093/1769 1784/2094/1782 1783/2297/1781
f 1774/2081/1770 1785/2095/1783 1784/2094/1782
f 1775/2083/1772 1786/2096/1784 1785/2095/1783
f 1777/2085/1774 1786/2096/1784 1776/2084/1773
f 1778/2086/1775 1787/2097/1785 1777/2085/1774
f 1779/2088/1777 1788/2098/1786 1778/2086/1775
f 1780/2089/1778 1789/2099/1787 1779/2088/1777
f 1781/2091/1780 1782/2101/1789 1791/2102/1790
f 1780/2089/1778 1791/2102/1790 1790/2100/1788
f 1794/2103/1791 1812/2105/1793 1805/2113/1801
f 1793/2106/1794 1809/2108/1796 1799/2123/1810
f 1800/2109/1797 1811/2111/1799 1801/2114/1802
f 1798/2112/1800 1805/2113/1801 1808/2115/1803
f 1802/2104/1792 1811/2111/1799 1812/2105/1793
f 1798/2112/1800 1806/2116/1804 1795/2118/1806
f 1797/2117/1805 1806/2116/1804 1807/2127/1809
f 1792/2119/1807 1810/2110/1798 1800/2109/1797
f 1797/2121/1805 1804/2107/1795 1793/2106/1794
f 1799/2123/1810 1803/2120/1808 1792/2119/1807
f 1805/2113/1801 1822/2124/1811 1815/2134/1820
f 1810/2110/1798 1821/2126/1813 1811/2111/1799
f 1807/2127/1809 1816/2128/1814 1817/2169/1815
f 1807/2122/1809 1814/2130/1816 1804/2107/1795
f 1812/2105/1793 1821/2126/1813 1822/2124/1811
f 1806/2116/1804 1818/2131/1817 1816/2128/1814
f 1804/2107/1795 1819/2132/1818 1809/2108/1796
f 1803/2120/1808 1820/2125/1812 1810/2110/1798
f 1809/2108/1796 1813/2133/1819 1803/2120/1808
f 1808/2115/1803 1815/2134/1820 1818/2131/1817
f 1832/2135/1821 1824/2137/1823 1823/2146/1831
f 1825/2138/1824 1833/2140/1826 1826/2155/1840
f 1836/2141/1827 1828/2143/1829 1827/2145/1830
f 1832/2144/1821 1828/2143/1829 1831/2298/1822
f 1834/2139/1825 1824/2137/1823 1833/2140/1826
f 1830/2147/1832 1835/2142/1828 1836/2141/1827
f 1837/2149/1834 1839/2151/1836 1838/2154/1839
f 1842/2152/1837 1839/2151/1836 1840/2150/1835
f 1837/2149/1834 1829/2148/1833 1830/2147/1832
f 1842/2152/1837 1826/2155/1840 1841/2153/1838
f 1832/2135/1821 1795/2118/1806 1797/2117/1805
f 1824/2156/1823 1796/2158/1841 1833/2160/1826
f 1823/2146/1831 1798/2112/1800 1795/2118/1806
f 1834/2139/1825 1794/2103/1791 1798/2112/1800
f 1826/2159/1840 1796/2158/1841 1841/2166/1838
f 1825/2138/1824 1802/2104/1792 1794/2103/1791
f 1827/2145/1830 1799/2123/1810 1836/2141/1827
f 1796/2158/1841 1828/2161/1829 1835/2162/1828
f 1832/2144/1821 1793/2106/1794 1827/2145/1830
f 1836/2141/1827 1792/2119/1807 1830/2147/1832
f 1796/2158/1841 1829/2163/1833 1838/2164/1839
f 1830/2147/1832 1800/2109/1797 1837/2149/1834
f 1838/2164/1839 1841/2166/1838 1796/2158/1841
f 1837/2149/1834 1801/2114/1802 1840/2150/1835
f 1842/2152/1837 1801/2114/1802 1802/2104/1792
f 1820/2125/1812 1851/2168/1843 1821/2126/1813
f 1817/2169/1815 1846/2170/1844 1847/2264/1845
f 1814/2130/1816 1847/2171/1845 1844/2173/1847
f 1822/2124/1811 1851/2168/1843 1852/2177/1851
f 1818/2131/1817 1846/2170/1844 1816/2128/1814
f 1819/2132/1818 1844/2173/1847 1849/2175/1849
f 1813/2133/1819 1850/2167/1842 1820/2125/1812
f 1819/2132/1818 1843/2174/1848 1813/2133/1819
f 1818/2131/1817 1845/2176/1850 1848/2172/1846
f 1815/2134/1820 1852/2177/1851 1845/2176/1850
f 1913/2178/1852 1872/2180/1854 1919/2191/1865
f 1901/2181/1855 1863/2183/1857 1894/2187/1861
f 1906/2184/1858 1864/2182/1856 1901/2181/1855
f 1889/2186/1860 1863/2183/1857 1870/2194/1868
f 1877/2188/1862 1868/2190/1864 1865/2250/1871
f 1919/2191/1865 1871/2192/1866 1924/2196/1870
f 1930/2193/1867 1870/2194/1868 1869/2195/1869
f 1882/2189/1863 1869/2195/1869 1868/2190/1864
f 1924/2196/1870 1867/2185/1859 1906/2184/1858
f 1913/2178/1852 1865/2198/1871 1866/2179/1853
f 1921/2199/1872 1920/2201/1874 1923/2202/1875
f 1923/2202/1875 1919/2191/1865 1924/2196/1870
f 1872/2180/1854 1925/2204/1877 1871/2192/1866
f 1918/2203/1876 1926/2206/1879 1925/2204/1877
f 1917/2205/1878 1922/2208/1881 1926/2206/1879
f 1886/2209/1882 1929/2211/1884 1927/2217/1890
f 1890/2210/1883 1930/2193/1867 1929/2211/1884
f 1869/2195/1869 1888/2212/1885 1931/2213/1886
f 1931/2213/1886 1887/2214/1887 1932/2215/1888
f 1932/2215/1888 1885/2216/1889 1928/2221/1894
f 1927/2217/1890 1881/2218/1891 1879/2248/1920
f 1881/2218/1891 1930/2193/1867 1882/2189/1863
f 1868/2190/1864 1931/2213/1886 1883/2219/1892
f 1883/2219/1892 1932/2215/1888 1884/2220/1893
f 1884/2220/1893 1928/2221/1894 1880/2253/1921
f 1903/2222/1895 1923/2202/1875 1905/2223/1896
f 1905/2223/1896 1924/2196/1870 1906/2184/1858
f 1871/2192/1866 1907/2224/1897 1867/2185/1859
f 1925/2204/1877 1908/2225/1898 1907/2224/1897
f 1926/2206/1879 1904/2226/1899 1908/2225/1898
f 1916/2200/1873 1914/2228/1901 1920/2201/1874
f 1920/2201/1874 1913/2178/1852 1919/2191/1865
f 1872/2180/1854 1912/2229/1902 1918/2203/1876
f 1912/2229/1902 1917/2205/1878 1918/2203/1876
f 1911/2230/1903 1915/2207/1880 1917/2205/1878
f 1910/2227/1900 1878/2233/1906 1914/2228/1901
f 1914/2228/1901 1877/2197/1862 1913/2178/1852
f 1866/2179/1853 1876/2234/1907 1912/2229/1902
f 1912/2229/1902 1875/2235/1908 1911/2230/1903
f 1875/2235/1908 1909/2231/1904 1911/2230/1903
f 1898/2237/1910 1893/2239/1912 1891/2245/1918
f 1902/2238/1911 1894/2187/1861 1893/2239/1912
f 1864/2182/1856 1895/2241/1914 1863/2183/1857
f 1900/2240/1913 1896/2243/1916 1895/2241/1914
f 1896/2243/1916 1897/2244/1917 1892/2246/1919
f 1898/2237/1910 1905/2223/1896 1902/2238/1911
f 1902/2238/1911 1906/2184/1858 1901/2181/1855
f 1867/2185/1859 1900/2240/1913 1864/2182/1856
f 1907/2224/1897 1899/2242/1915 1900/2240/1913
f 1908/2225/1898 1897/2244/1917 1899/2242/1915
f 1891/2245/1918 1890/2210/1883 1886/2209/1882
f 1893/2239/1912 1889/2186/1860 1890/2210/1883
f 1863/2183/1857 1888/2212/1885 1870/2194/1868
f 1888/2212/1885 1896/2243/1916 1887/2214/1887
f 1887/2214/1887 1892/2246/1919 1885/2216/1889
f 1874/2247/1905 1881/2218/1891 1878/2249/1906
f 1878/2249/1906 1882/2189/1863 1877/2188/1862
f 1865/2250/1871 1883/2219/1892 1876/2251/1907
f 1876/2251/1907 1884/2220/1893 1875/2252/1908
f 1875/2252/1908 1880/2253/1921 1873/2265/1909
f 1874/2232/1905 1855/2254/1922 1858/2267/1923
f 1879/2248/1920 1858/2255/1923 1856/2256/1924
f 1927/2217/1890 1856/2256/1924 1857/2257/1925
f 1927/2217/1890 1854/2258/1926 1886/2209/1882
f 1886/2209/1882 1859/2259/1927 1891/2245/1918
f 1891/2245/1918 1853/2260/1928 1898/2237/1910
f 1903/2222/1895 1853/2260/1928 1860/2261/1929
f 1903/2222/1895 1861/2262/1930 1921/2199/1872
f 1916/2200/1873 1855/2254/1922 1910/2227/1900
f 1921/2199/1872 1862/2263/1931 1916/2200/1873
f 1851/2168/1843 1892/2246/1919 1897/2244/1917
f 1852/2177/1851 1897/2244/1917 1904/2226/1899
f 1845/2176/1850 1904/2226/1899 1922/2208/1881
f 1848/2172/1846 1922/2208/1881 1915/2207/1880
f 1846/2170/1844 1915/2207/1880 1909/2231/1904
f 1847/2264/1845 1909/2231/1904 1873/2236/1909
f 1850/2167/1842 1885/2216/1889 1892/2246/1919
f 1843/2174/1848 1928/2221/1894 1885/2216/1889
f 1849/2175/1849 1880/2253/1921 1928/2221/1894
f 1844/2173/1847 1873/2265/1909 1880/2253/1921
f 1934/2266/1932 1855/2254/1922 1933/2277/1942
f 1935/2268/1933 1858/2255/1923 1934/2279/1932
f 1936/2269/1934 1856/2256/1924 1935/2268/1933
f 1937/2270/1935 1857/2257/1925 1936/2269/1934
f 1938/2271/1936 1854/2258/1926 1937/2270/1935
f 1853/2260/1928 1938/2271/1936 1939/2272/1937
f 1860/2261/1929 1939/2272/1937 1940/2273/1938
f 1861/2262/1930 1940/2273/1938 1941/2275/1940
f 1855/2254/1922 1942/2274/1939 1933/2277/1942
f 1862/2263/1931 1941/2275/1940 1942/2274/1939
f 1944/2276/1941 1933/2277/1942 1943/2285/1949
f 1945/2278/1943 1934/2279/1932 1944/2299/1941
f 1946/2280/1944 1935/2268/1933 1945/2278/1943
f 1947/2281/1945 1936/2269/1934 1946/2280/1944
f 1938/2271/1936 1947/2281/1945 1948/2282/1946
f 1939/2272/1937 1948/2282/1946 1949/2283/1947
f 1940/2273/1938 1949/2283/1947 1950/2284/1948
f 1941/2275/1940 1950/2284/1948 1951/2300/1952
f 1943/2285/1949 1942/2274/1939 1952/2286/1950
f 1952/2286/1950 1941/2275/1940 1951/2300/1952
